league_id,season_id,game_id,date,home_team_id,away_team_id,home_team,away_team,away_team_code,home_team_code,away_points,away_expected_points,away_goals,away_xg,away_np_xg,away_np_xg_difference,away_ppda,away_deep_completions,home_points,home_expected_points,home_goals,home_xg,home_np_xg,home_np_xg_difference,home_ppda,home_deep_completions,home_possession,home_formation,home_opp_formation,away_possession,away_formation,away_opp_formation
3,2021,17516,2021-08-13 18:30:00,130,117,Borussia Monchengladbach,Bayern Munich,BAY,BMG,1,1.9867,1,2.91794,2.91794,0.9301700000000002,8.555555555555555,17,1,0.8086,1,1.98777,1.98777,-0.9301700000000002,11.06060606060606,7,0.35,4-2-3-1,4-2-3-1,0.65,4-2-3-1,4-2-3-1
3,2021,17517,2021-08-14 13:30:00,262,135,Arminia Bielefeld,Freiburg,FRE,ARM,1,2.2525,0,1.63663,1.63663,1.061598,8.45,4,1,0.5164,0,0.575032,0.575032,-1.061598,9.416666666666666,5,0.44,04/04/2002,03/04/2003,0.56,03/04/2003,04/04/2002
3,2021,17518,2021-08-14 13:30:00,121,120,Augsburg,Hoffenheim,HOF,AUG,3,2.8663999999999996,4,3.44423,3.44423,2.709572,10.3,8,0,0.0863,0,0.734658,0.734658,-2.709572,19.846153846153847,9,0.46,4-2-3-1,4-2-3-1,0.54,4-2-3-1,4-2-3-1
3,2021,17519,2021-08-14 13:30:00,133,267,Stuttgart,Greuther Furth,GRE,STU,0,0.1551,1,1.31466,1.31466,-2.9450200000000004,25.3125,3,3,2.7746999999999997,5,4.25968,4.25968,2.9450200000000004,10.736842105263158,14,0.67,03/04/2003,03/05/2002,0.33,03/05/2002,03/04/2003
3,2021,17520,2021-08-14 13:30:00,240,119,Union Berlin,Bayer Leverkusen,LEV,UNI,1,1.6247,1,0.7943,0.7943,0.350459,7.166666666666667,5,1,0.9779,1,0.443841,0.443841,-0.350459,18.208333333333332,6,0.33,05/03/2002,4-2-3-1,0.67,4-2-3-1,05/03/2002
3,2021,17521,2021-08-14 13:30:00,131,268,Wolfsburg,Bochum,BOC,WOL,0,0.0916,0,0.297792,0.297792,-1.732178,27.181818181818183,2,3,2.8513,1,2.78774,2.02997,1.732178,9.764705882352942,9,0.61,4-2-3-1,04/03/2003,0.39,04/03/2003,4-2-3-1
3,2021,17522,2021-08-14 16:30:00,129,132,Borussia Dortmund,Eintracht Frankfurt,EIN,DOR,0,0.5086,2,1.36709,1.36709,-1.4709,13.258064516129032,1,3,2.3218,5,2.83799,2.83799,1.4709,15.642857142857142,17,0.6,4-2-3-1,03/04/2003,0.4,03/04/2003,4-2-3-1
3,2021,17523,2021-08-15 13:30:00,125,136,Mainz,RB Leipzig,RBL,MAI,0,0.8453,0,0.841814,0.841814,-0.4292760000000001,4.608695652173913,6,3,1.8362,1,1.27109,1.27109,0.4292760000000001,16.72222222222222,2,0.28,3-4-1-2,4-2-3-1,0.72,4-2-3-1,3-4-1-2
3,2021,17524,2021-08-15 15:30:00,134,122,Koln,Hertha Berlin,HER,COL,0,1.7875,1,2.1078,2.1078,0.4821300000000001,14.235294117647058,4,3,0.9514,3,1.62567,1.62567,-0.4821300000000001,5.151515151515151,8,0.6,04/04/2002,04/03/2003,0.41,04/03/2003,04/04/2002
3,2021,17525,2021-08-20 18:30:00,136,133,RB Leipzig,Stuttgart,STU,RBL,0,0.2781,0,0.958579,0.958579,-1.149921,9.863636363636363,3,3,2.5962,4,2.86627,2.1085,1.149921,9.321428571428571,19,0.52,4-2-3-1,03/04/2003,0.48,03/04/2003,4-2-3-1
3,2021,17526,2021-08-21 13:30:00,267,262,Greuther Furth,Arminia Bielefeld,ARM,GRE,1,0.2832,1,0.763691,0.763691,-1.055959,15.523809523809524,2,1,2.5850999999999997,1,2.57735,1.81965,1.055959,7.352941176470588,6,0.65,04/04/2002,04/04/2002,0.35,04/04/2002,04/04/2002
3,2021,17527,2021-08-21 13:30:00,268,125,Bochum,Mainz,MAI,BOC,0,1.1056,0,0.817413,0.817413,-0.235597,7.909090909090909,4,3,1.5544,2,1.05301,1.05301,0.235597,15.3125,1,0.42,4-2-3-1,03/05/2002,0.58,03/05/2002,4-2-3-1
3,2021,17528,2021-08-21 13:30:00,122,131,Hertha Berlin,Wolfsburg,WOL,HER,3,0.7029,2,0.558009,0.558009,0.141779,7.142857142857143,14,0,2.0049,1,1.17401,0.41623,-0.141779,15.142857142857142,2,0.41,4-2-3-1,4-2-3-1,0.6,4-2-3-1,4-2-3-1
3,2021,17529,2021-08-21 13:30:00,135,129,Freiburg,Borussia Dortmund,DOR,FRE,0,1.2763,1,1.49634,1.49634,-0.0878399999999999,6.3125,19,3,1.4434,2,1.58418,1.58418,0.0878399999999999,20.238095238095237,4,0.24,04/04/2002,04/04/2002,0.76,04/04/2002,04/04/2002
3,2021,17530,2021-08-21 13:30:00,132,121,Eintracht Frankfurt,Augsburg,AUG,EIN,1,0.3949,0,0.16593,0.16593,-1.1637700000000002,13.555555555555555,5,1,2.344,0,1.3297,1.3297,1.1637700000000002,4.76,8,0.62,4-2-3-1,4-2-3-1,0.38,4-2-3-1,4-2-3-1
3,2021,17531,2021-08-21 16:30:00,119,130,Bayer Leverkusen,Borussia Monchengladbach,BMG,LEV,0,1.1657,0,1.66054,0.902761,-1.0431590000000002,9.689655172413794,6,3,1.5598999999999998,4,1.94592,1.94592,1.0431590000000002,13.333333333333334,7,0.47,4-2-3-1,4-2-3-1,0.53,4-2-3-1,4-2-3-1
3,2021,17532,2021-08-22 13:30:00,120,240,Hoffenheim,Union Berlin,UNI,HOF,1,2.4052,2,2.35122,2.35122,1.384205,19.73684210526316,5,1,0.4249,2,0.967015,0.967015,-1.384205,8.7,8,0.64,4-2-2-2,03/05/2002,0.36,03/05/2002,4-2-2-2
3,2021,17533,2021-08-22 15:30:00,117,134,Bayern Munich,Koln,COL,BAY,0,0.2234,2,0.957893,0.957893,-2.1221270000000003,9.61111111111111,1,3,2.6723,3,3.08002,3.08002,2.1221270000000003,9.0,6,0.57,4-2-3-1,4-1-3-2,0.43,4-1-3-2,4-2-3-1
3,2021,17534,2021-08-27 18:30:00,129,120,Borussia Dortmund,Hoffenheim,HOF,DOR,0,0.8178,2,2.42487,2.42487,-0.98292,11.88,9,3,1.9797,3,3.40779,3.40779,0.98292,7.681818181818182,12,0.59,04/04/2002,4-2-3-1,0.41,4-2-3-1,04/04/2002
3,2021,17535,2021-08-28 13:30:00,134,268,Koln,Bochum,BOC,COL,0,0.1951999999999999,1,0.721445,0.721445,-2.189905,16.058823529411764,6,3,2.714,2,2.91135,2.91135,2.189905,3.652173913043478,10,0.71,4-1-3-2,04/03/2003,0.29,04/03/2003,4-1-3-2
3,2021,17536,2021-08-28 13:30:00,262,132,Arminia Bielefeld,Eintracht Frankfurt,EIN,ARM,1,2.2974,1,1.78556,1.78556,1.159026,6.36,10,1,0.4941,1,0.626534,0.626534,-1.159026,19.318181818181817,2,0.35,04/04/2002,4-2-3-1,0.66,4-2-3-1,04/04/2002
3,2021,17537,2021-08-28 13:30:00,121,119,Augsburg,Bayer Leverkusen,LEV,AUG,3,1.6644,4,2.1207,2.1207,0.4269999999999998,8.708333333333334,3,0,1.0878,1,1.6937,1.6937,-0.4269999999999998,10.875,4,0.42,4-2-3-1,4-2-3-1,0.58,4-2-3-1,4-2-3-1
3,2021,17538,2021-08-28 13:30:00,125,267,Mainz,Greuther Furth,GRE,MAI,0,0.099,0,0.304223,0.304223,-2.490707,10.0,5,3,2.8449,3,2.79493,2.79493,2.490707,6.147058823529412,12,0.48,03/05/2002,04/04/2002,0.52,04/04/2002,03/05/2002
3,2021,17539,2021-08-28 13:30:00,133,135,Stuttgart,Freiburg,FRE,STU,3,0.7234,3,1.36171,1.36171,-0.91892,14.08695652173913,5,0,2.0557,2,2.28063,2.28063,0.91892,7.15,9,0.65,03/04/2003,04/04/2002,0.35,04/04/2002,03/04/2003
3,2021,17540,2021-08-28 16:30:00,117,122,Bayern Munich,Hertha Berlin,HER,BAY,0,0.0307999999999999,0,0.575566,0.575566,-3.679564,22.4375,2,3,2.9501,5,4.25513,4.25513,3.679564,8.807692307692308,23,0.63,4-2-3-1,4-2-3-1,0.37,4-2-3-1,4-2-3-1
3,2021,17541,2021-08-29 13:30:00,240,130,Union Berlin,Borussia Monchengladbach,BMG,UNI,0,1.3136,1,1.52841,1.52841,-0.0341499999999999,5.260869565217392,6,3,1.4012000000000002,2,1.56256,1.56256,0.0341499999999999,15.548387096774194,6,0.27,03/05/2002,4-2-3-1,0.73,4-2-3-1,03/05/2002
3,2021,17542,2021-08-29 15:30:00,131,136,Wolfsburg,RB Leipzig,RBL,WOL,0,1.6676,0,1.43914,1.43914,0.3268500000000001,6.228571428571429,7,3,1.0193,1,1.11229,1.11229,-0.3268500000000001,11.55,1,0.47,4-2-3-1,4-2-3-1,0.53,4-2-3-1,4-2-3-1
3,2021,17543,2021-09-11 13:30:00,267,131,Greuther Furth,Wolfsburg,WOL,GRE,3,2.3735,2,1.44282,0.685044,0.292483,5.882352941176471,9,0,0.4079,0,0.392561,0.392561,-0.292483,9.64864864864865,5,0.28,04/04/2002,4-2-3-1,0.72,4-2-3-1,04/04/2002
3,2021,17544,2021-09-11 13:30:00,120,125,Hoffenheim,Mainz,MAI,HOF,3,1.7099,2,0.933476,0.933476,0.423763,17.666666666666668,4,0,0.9293,0,0.509713,0.509713,-0.423763,6.631578947368421,5,0.65,4-2-3-1,03/05/2002,0.35,03/05/2002,4-2-3-1
3,2021,17545,2021-09-11 13:30:00,135,134,Freiburg,Koln,COL,FRE,1,1.8935999999999995,1,1.50213,1.50213,0.6304879999999999,11.73913043478261,4,1,0.8229,1,0.871642,0.871642,-0.6304879999999999,8.083333333333334,7,0.54,04/04/2002,4-1-3-2,0.46,4-1-3-2,04/04/2002
3,2021,17546,2021-09-11 13:30:00,240,121,Union Berlin,Augsburg,AUG,UNI,1,0.6398,0,0.831722,0.831722,-0.8836080000000001,17.941176470588236,4,1,2.1239,0,1.71533,1.71533,0.8836080000000001,9.263157894736842,0,0.6,03/05/2002,05/03/2002,0.4,05/03/2002,03/05/2002
3,2021,17547,2021-09-11 13:30:00,119,129,Bayer Leverkusen,Borussia Dortmund,DOR,LEV,3,2.6633000000000004,4,2.2922,1.53443,1.063364,9.12,9,0,0.2213,3,0.471066,0.471066,-1.063364,19.875,5,0.42,4-2-3-1,4-3-2-1,0.58,4-3-2-1,4-2-3-1
3,2021,17548,2021-09-11 16:30:00,136,117,RB Leipzig,Bayern Munich,BAY,RBL,3,2.9867999999999997,4,4.30091,3.54314,3.1952420000000004,11.947368421052632,13,0,0.0078,1,0.347898,0.347898,-3.1952420000000004,9.68,7,0.53,4-2-3-1,4-2-3-1,0.48,4-2-3-1,4-2-3-1
3,2021,17549,2021-09-12 13:30:00,132,133,Eintracht Frankfurt,Stuttgart,STU,EIN,1,1.17,1,1.2361,1.2361,-0.23153,16.058823529411764,2,1,1.5425999999999995,1,1.46763,1.46763,0.23153,4.871794871794871,7,0.57,4-2-3-1,03/04/2003,0.43,03/04/2003,4-2-3-1
3,2021,17550,2021-09-12 15:30:00,268,122,Bochum,Hertha Berlin,HER,BOC,3,0.9039,3,0.605231,0.605231,-0.421639,18.53846153846154,1,0,1.7331,1,1.02687,1.02687,0.421639,4.09375,3,0.67,4-2-3-1,03/04/2003,0.33,03/04/2003,4-2-3-1
3,2021,17551,2021-09-12 17:30:00,130,262,Borussia Monchengladbach,Arminia Bielefeld,ARM,BMG,0,0.9776,1,1.53189,1.53189,-0.5974299999999999,12.342857142857143,5,3,1.7839999999999998,3,2.12932,2.12932,0.5974299999999999,8.380952380952381,10,0.65,03/04/2003,04/03/2003,0.36,04/03/2003,03/04/2003
3,2021,17552,2021-09-17 18:30:00,122,267,Hertha Berlin,Greuther Furth,GRE,HER,0,1.3686000000000005,1,1.55279,0.795012,-0.795838,8.266666666666667,2,3,1.3422,2,1.59085,1.59085,0.795838,6.173913043478261,8,0.58,03/04/2003,4-2-2-2,0.42,4-2-2-2,03/04/2003
3,2021,17553,2021-09-18 13:30:00,121,130,Augsburg,Borussia Monchengladbach,BMG,AUG,0,1.5447,0,0.74574,0.74574,0.2509389999999999,4.8,7,3,1.0473,1,0.494801,0.494801,-0.2509389999999999,22.6875,3,0.29,03/05/2002,4-2-3-1,0.71,4-2-3-1,03/05/2002
3,2021,17554,2021-09-18 13:30:00,125,135,Mainz,Freiburg,FRE,MAI,1,0.5655,0,0.364252,0.364252,-0.897418,7.545454545454546,2,1,2.1521999999999997,0,1.26167,1.26167,0.897418,8.0,6,0.45,03/05/2002,03/04/2003,0.55,03/04/2003,03/05/2002
3,2021,17555,2021-09-18 13:30:00,262,120,Arminia Bielefeld,Hoffenheim,HOF,ARM,1,1.7904,0,1.54136,1.54136,0.5360200000000002,21.09090909090909,8,1,0.9417,0,1.00534,1.00534,-0.5360200000000002,13.076923076923077,7,0.42,04/04/2002,4-2-3-1,0.58,4-2-3-1,04/04/2002
3,2021,17556,2021-09-18 13:30:00,117,268,Bayern Munich,Bochum,BOC,BAY,0,0.0008,0,1.23312,1.23312,-5.648770000000001,16.954545454545453,2,3,2.9983999999999997,7,6.88189,6.88189,5.648770000000001,7.947368421052632,17,0.7,4-2-3-1,4-2-3-1,0.3,4-2-3-1,4-2-3-1
3,2021,17557,2021-09-18 16:30:00,134,136,Koln,RB Leipzig,RBL,COL,1,1.612,1,2.03702,2.03702,0.3477000000000001,11.055555555555555,14,1,1.1116,1,1.68932,1.68932,-0.3477000000000001,5.605263157894737,9,0.47,4-1-3-2,4-2-3-1,0.53,4-2-3-1,4-1-3-2
3,2021,17558,2021-09-19 13:30:00,133,119,Stuttgart,Bayer Leverkusen,LEV,STU,3,1.5208,3,1.59332,1.59332,0.1765499999999999,13.954545454545457,3,0,1.1638000000000002,1,1.41677,1.41677,-0.1765499999999999,4.628571428571429,8,0.64,3-4-1-2,4-2-3-1,0.36,4-2-3-1,3-4-1-2
3,2021,17559,2021-09-19 15:30:00,129,240,Borussia Dortmund,Union Berlin,UNI,DOR,0,1.8987,2,1.7321,0.974327,-0.1242229999999998,18.68421052631579,3,3,0.8379000000000001,4,1.09855,1.09855,0.1242229999999998,8.458333333333334,5,0.63,04/03/2003,3-4-1-2,0.37,3-4-1-2,04/03/2003
3,2021,17560,2021-09-19 17:30:00,131,132,Wolfsburg,Eintracht Frankfurt,EIN,WOL,1,0.2291,1,0.280625,0.280625,-1.569265,9.181818181818182,3,1,2.6303,1,1.84989,1.84989,1.569265,6.9,5,0.6,4-2-3-1,4-2-3-1,0.4,4-2-3-1,4-2-3-1
3,2021,17561,2021-09-24 18:30:00,267,117,Greuther Furth,Bayern Munich,BAY,GRE,3,1.2939,3,0.677915,0.677915,0.022007,9.0,3,0,1.3116,1,0.655908,0.655908,-0.022007,11.18918918918919,2,0.33,04/03/2003,03/04/2003,0.67,03/04/2003,04/03/2003
3,2021,17562,2021-09-25 13:30:00,240,262,Union Berlin,Arminia Bielefeld,ARM,UNI,0,0.6229,0,0.435528,0.435528,-0.8176819999999999,22.071428571428573,5,3,2.0905,1,1.25321,1.25321,0.8176819999999999,12.36842105263158,7,0.54,03/05/2002,4-2-2-2,0.46,4-2-2-2,03/05/2002
3,2021,17563,2021-09-25 13:30:00,119,125,Bayer Leverkusen,Mainz,MAI,LEV,0,0.9548,0,0.930118,0.930118,-0.520222,12.035714285714286,6,3,1.7642000000000002,1,1.45034,1.45034,0.520222,6.090909090909091,9,0.68,4-2-3-1,03/05/2002,0.32,03/05/2002,4-2-3-1
3,2021,17564,2021-09-25 13:30:00,132,134,Eintracht Frankfurt,Koln,COL,EIN,1,1.5064,1,1.10981,1.10981,0.1588939999999999,4.518518518518518,11,1,1.177,1,0.950916,0.950916,-0.1588939999999999,6.75,6,0.46,4-2-3-1,04/04/2002,0.55,04/04/2002,4-2-3-1
3,2021,17565,2021-09-25 13:30:00,136,122,RB Leipzig,Hertha Berlin,HER,RBL,0,0.0156,0,0.341267,0.341267,-3.1516029999999997,15.181818181818182,1,3,2.9733,6,4.25065,3.49287,3.1516029999999997,6.633333333333334,11,0.61,03/04/2003,03/04/2003,0.39,03/04/2003,03/04/2003
3,2021,17566,2021-09-25 13:30:00,120,131,Hoffenheim,Wolfsburg,WOL,HOF,0,0.386,1,0.504541,0.504541,-1.281479,19.76923076923077,3,3,2.4284,3,1.78602,1.78602,1.281479,12.363636363636363,3,0.5,4-2-2-2,4-2-3-1,0.5,4-2-3-1,4-2-2-2
3,2021,17567,2021-09-25 16:30:00,130,129,Borussia Monchengladbach,Borussia Dortmund,DOR,BMG,0,0.5354000000000001,0,0.568652,0.568652,-1.0866379999999998,17.142857142857142,3,3,2.2379,1,1.65529,1.65529,1.0866379999999998,8.235294117647058,7,0.55,03/04/2003,03/05/2002,0.45,03/05/2002,03/04/2003
3,2021,17568,2021-09-26 13:30:00,268,133,Bochum,Stuttgart,STU,BOC,1,0.7009,0,0.29441,0.29441,-0.6314439999999999,10.176470588235292,6,1,1.93,0,0.925854,0.925854,0.6314439999999999,8.852941176470589,7,0.44,4-2-3-1,4-1-4-1,0.56,4-1-4-1,4-2-3-1
3,2021,17569,2021-09-26 15:30:00,135,121,Freiburg,Augsburg,AUG,FRE,0,0.0050999999999999,0,0.191653,0.191653,-3.021477,18.3125,2,3,2.9904,3,3.97075,3.21313,3.021477,7.6521739130434785,12,0.61,03/04/2003,03/05/2002,0.39,03/05/2002,03/04/2003
3,2021,17570,2021-10-01 18:30:00,134,267,Koln,Greuther Furth,GRE,COL,0,0.2319,1,0.984368,0.984368,-1.8850320000000005,12.35,1,3,2.6532,3,2.8694,2.8694,1.8850320000000005,3.807692307692307,9,0.67,4-1-3-2,4-1-3-2,0.33,4-1-3-2,4-1-3-2
3,2021,17572,2021-10-02 13:30:00,122,135,Hertha Berlin,Freiburg,FRE,HER,3,1.2562000000000002,2,0.861008,0.861008,-0.052539,8.241379310344827,7,0,1.4017000000000002,1,0.913547,0.913547,0.052539,14.473684210526317,2,0.44,03/04/2003,03/04/2003,0.56,03/04/2003,03/04/2003
3,2021,17574,2021-10-02 13:30:00,133,120,Stuttgart,Hoffenheim,HOF,STU,0,1.5414,1,0.978235,0.978235,0.2111849999999999,10.63157894736842,8,3,1.1223,3,0.76705,0.76705,-0.2111849999999999,10.928571428571429,1,0.41,3-1-4-2,04/03/2003,0.6,04/03/2003,3-1-4-2
3,2021,17575,2021-10-02 13:30:00,131,130,Wolfsburg,Borussia Monchengladbach,BMG,WOL,3,2.6893,3,3.51831,2.76053,1.5385700000000002,11.590909090909092,4,0,0.2173,1,1.22196,1.22196,-1.5385700000000002,8.695652173913043,6,0.52,4-2-3-1,03/05/2002,0.48,03/05/2002,4-2-3-1
3,2021,17576,2021-10-02 13:30:00,129,121,Borussia Dortmund,Augsburg,AUG,DOR,0,0.2271,1,0.746485,0.746485,-1.2185450000000002,10.125,1,3,2.6565,2,2.72281,1.96503,1.2185450000000002,4.739130434782608,11,0.71,4-2-3-1,3-4-1-2,0.29,3-4-1-2,4-2-3-1
3,2021,17577,2021-10-02 16:30:00,136,268,RB Leipzig,Bochum,BOC,RBL,0,0.7618,0,1.51583,1.51583,-0.94878,11.758620689655173,5,3,2.017,3,2.46461,2.46461,0.94878,8.736842105263158,4,0.6,03/04/2003,4-2-3-1,0.4,4-2-3-1,03/04/2003
3,2021,17573,2021-10-03 13:30:00,125,240,Mainz,Union Berlin,UNI,MAI,3,1.225,2,1.1103,1.1103,-0.1451499999999999,14.647058823529411,6,0,1.4791,1,1.25545,1.25545,0.1451499999999999,8.321428571428571,11,0.52,03/04/2003,3-4-1-2,0.48,3-4-1-2,03/04/2003
3,2021,17578,2021-10-03 15:30:00,117,132,Bayern Munich,Eintracht Frankfurt,EIN,BAY,3,0.2228,2,0.389616,0.389616,-1.7908540000000002,33.416666666666664,2,0,2.6546,1,2.18047,2.18047,1.7908540000000002,6.0,21,0.72,4-2-3-1,03/04/2003,0.28,03/04/2003,4-2-3-1
3,2021,17571,2021-10-03 17:30:00,262,119,Arminia Bielefeld,Bayer Leverkusen,LEV,ARM,3,2.8188000000000004,4,2.96917,2.21139,1.7638190000000002,11.928571428571429,11,0,0.1146,0,0.447571,0.447571,-1.7638190000000002,14.241379310344827,3,0.34,04/04/2002,4-2-3-1,0.66,4-2-3-1,04/04/2002
3,2021,17581,2021-10-15 18:30:00,120,134,Hoffenheim,Koln,COL,HOF,0,0.0165,0,0.484187,0.484187,-3.705553,13.555555555555555,2,3,2.9718,5,4.18974,4.18974,3.705553,10.73913043478261,9,0.51,3-4-1-2,4-1-3-2,0.49,4-1-3-2,3-4-1-2
3,2021,17579,2021-10-16 13:30:00,267,268,Greuther Furth,Bochum,BOC,GRE,3,2.2327999999999997,1,1.72207,1.72207,1.02352,9.041666666666666,2,0,0.5402,0,0.69855,0.69855,-1.02352,5.3,10,0.56,4-3-1-2,04/03/2003,0.44,04/03/2003,4-3-1-2
3,2021,17582,2021-10-16 13:30:00,135,136,Freiburg,RB Leipzig,RBL,FRE,1,1.3622,1,1.65528,0.897506,-0.7421539999999999,8.777777777777779,11,1,1.3523,1,1.63966,1.63966,0.7421539999999999,9.136363636363637,6,0.52,03/04/2003,04/03/2003,0.48,04/03/2003,03/04/2003
3,2021,17584,2021-10-16 13:30:00,240,131,Union Berlin,Wolfsburg,WOL,UNI,0,1.3061,0,1.28381,1.28381,-0.0450300000000001,9.25,4,3,1.3754,2,1.32884,1.32884,0.0450300000000001,24.0,3,0.39,03/05/2002,4-2-3-1,0.61,4-2-3-1,03/05/2002
3,2021,17586,2021-10-16 13:30:00,132,122,Eintracht Frankfurt,Hertha Berlin,HER,EIN,3,2.0243,2,2.56404,2.56404,1.6189869999999995,10.346153846153848,4,0,0.7616,1,1.70283,0.945053,-1.6189869999999995,5.052631578947368,5,0.59,03/04/2003,4-2-3-1,0.41,4-2-3-1,03/04/2003
3,2021,17587,2021-10-16 13:30:00,129,125,Borussia Dortmund,Mainz,MAI,DOR,0,0.2440999999999999,1,0.610876,0.610876,-0.993224,16.16,2,3,2.6264000000000003,3,2.3618,1.6041,0.993224,7.166666666666667,12,0.68,04/03/2003,3-4-1-2,0.32,3-4-1-2,04/03/2003
3,2021,17583,2021-10-16 16:30:00,130,133,Borussia Monchengladbach,Stuttgart,STU,BMG,1,0.1803,1,0.292328,0.292328,-1.990632,12.21875,2,1,2.7111,1,2.28296,2.28296,1.990632,9.538461538461538,8,0.59,03/04/2003,3-1-4-2,0.41,3-1-4-2,03/04/2003
3,2021,17585,2021-10-17 13:30:00,119,117,Bayer Leverkusen,Bayern Munich,BAY,LEV,3,2.7936,5,3.44913,3.44913,2.7197519999999997,9.303030303030305,20,0,0.1395,1,0.729378,0.729378,-2.7197519999999997,26.384615384615383,6,0.41,4-2-3-1,4-2-3-1,0.59,4-2-3-1,4-2-3-1
3,2021,17580,2021-10-17 15:30:00,121,262,Augsburg,Arminia Bielefeld,ARM,AUG,1,0.6848000000000001,1,0.285865,0.285865,-0.627391,7.321428571428571,5,1,1.9454,1,0.913256,0.913256,0.627391,9.77777777777778,4,0.5,03/05/2002,4-3-1-2,0.5,4-3-1-2,03/05/2002
3,2021,17592,2021-10-22 18:30:00,125,121,Mainz,Augsburg,AUG,MAI,0,0.0332999999999999,1,0.664542,0.664542,-3.469118,9.833333333333334,2,3,2.9448000000000003,4,4.13366,4.13366,3.469118,8.035714285714286,10,0.55,03/05/2002,3-4-1-2,0.45,3-4-1-2,03/05/2002
3,2021,17590,2021-10-23 13:30:00,262,129,Arminia Bielefeld,Borussia Dortmund,DOR,ARM,3,2.256,3,2.58993,1.83223,1.18754,6.827586206896552,4,0,0.5451,1,1.40239,0.64469,-1.18754,22.423076923076923,8,0.31,3-4-1-2,03/04/2003,0.69,03/04/2003,3-4-1-2
3,2021,17594,2021-10-23 13:30:00,131,135,Wolfsburg,Freiburg,FRE,WOL,3,1.7426,2,2.17659,2.17659,0.4506799999999999,12.0,3,0,1.0208,0,1.72591,1.72591,-0.4506799999999999,6.344827586206897,6,0.56,04/03/2003,03/04/2003,0.44,03/04/2003,04/03/2003
3,2021,17595,2021-10-23 13:30:00,136,267,RB Leipzig,Greuther Furth,GRE,RBL,0,1.0576,1,1.94277,1.185,-0.36026,9.857142857142858,2,3,1.6608999999999998,4,2.30304,1.54526,0.36026,6.833333333333333,14,0.57,03/04/2003,4-2-3-1,0.43,4-2-3-1,03/04/2003
3,2021,17596,2021-10-23 13:30:00,117,120,Bayern Munich,Hoffenheim,HOF,BAY,0,0.0833,0,0.446465,0.446465,-2.865015,15.296296296296296,1,3,2.8672999999999997,4,3.31148,3.31148,2.865015,18.384615384615383,6,0.61,4-2-3-1,03/04/2003,0.39,03/04/2003,4-2-3-1
3,2021,17591,2021-10-23 16:30:00,122,130,Hertha Berlin,Borussia Monchengladbach,BMG,HER,0,0.4682,0,0.47063,0.47063,-1.0032,7.344827586206897,5,3,2.3108,1,1.47383,1.47383,1.0032,12.461538461538462,1,0.42,4-2-3-1,3-4-1-2,0.58,3-4-1-2,4-2-3-1
3,2021,17589,2021-10-24 13:30:00,134,119,Koln,Bayer Leverkusen,LEV,COL,1,1.4698,2,1.79735,1.79735,0.0853699999999999,12.68421052631579,8,1,1.2748000000000002,2,1.71198,1.71198,-0.0853699999999999,3.475,4,0.62,04/04/2002,4-2-3-1,0.38,4-2-3-1,04/04/2002
3,2021,17593,2021-10-24 15:30:00,133,240,Stuttgart,Union Berlin,UNI,STU,1,1.8583,1,1.01643,1.01643,0.5900289999999999,13.413793103448276,11,1,0.7936000000000001,1,0.426401,0.426401,-0.5900289999999999,10.592592592592592,7,0.55,3-1-4-2,03/05/2002,0.45,03/05/2002,3-1-4-2
3,2021,17588,2021-10-24 17:30:00,268,132,Bochum,Eintracht Frankfurt,EIN,BOC,0,0.5922000000000001,0,1.51826,0.76048,-2.02616,7.8,4,3,2.2275,2,2.78664,2.78664,2.02616,11.28,6,0.41,04/03/2003,3-4-1-2,0.59,3-4-1-2,04/03/2003
3,2021,17599,2021-10-29 18:30:00,120,122,Hoffenheim,Hertha Berlin,HER,HOF,0,0.9335,0,0.471538,0.471538,-0.3885499999999999,19.9375,4,3,1.6877,2,0.860088,0.860088,0.3885499999999999,7.921052631578948,7,0.54,3-4-1-2,4-2-3-1,0.46,4-2-3-1,3-4-1-2
3,2021,17597,2021-10-30 13:30:00,262,125,Arminia Bielefeld,Mainz,MAI,ARM,3,2.8152,2,2.97383,2.97383,2.475934,13.8125,11,0,0.1202999999999999,1,0.497896,0.497896,-2.475934,12.454545454545457,3,0.49,3-1-4-2,3-1-4-2,0.51,3-1-4-2,3-1-4-2
3,2021,17600,2021-10-30 13:30:00,135,267,Freiburg,Greuther Furth,GRE,FRE,0,0.5711999999999999,1,0.48039,0.48039,0.0200619999999999,9.461538461538462,1,3,2.1399,3,1.2181,0.460328,-0.0200619999999999,10.0,5,0.51,4-2-3-1,04/03/2003,0.49,04/03/2003,4-2-3-1
3,2021,17602,2021-10-30 13:30:00,240,117,Union Berlin,Bayern Munich,BAY,UNI,3,2.847799999999999,5,3.14739,2.38962,1.644826,13.9375,14,0,0.0938,2,0.744794,0.744794,-1.644826,27.428571428571427,5,0.39,03/05/2002,4-2-3-1,0.61,4-2-3-1,03/05/2002
3,2021,17603,2021-10-30 13:30:00,119,131,Bayer Leverkusen,Wolfsburg,WOL,LEV,3,1.8579,2,1.8693,1.8693,1.318045,8.40625,3,0,0.8616000000000001,0,1.30903,0.551255,-1.318045,4.096774193548387,9,0.65,03/04/2003,04/03/2003,0.35,04/03/2003,03/04/2003
3,2021,17605,2021-10-30 13:30:00,129,134,Borussia Dortmund,Koln,COL,DOR,0,0.9209,0,1.20191,1.20191,-0.5558099999999999,6.257142857142857,8,3,1.8245,2,1.75772,1.75772,0.5558099999999999,13.826086956521738,3,0.43,03/04/2003,4-1-3-2,0.57,4-1-3-2,03/04/2003
3,2021,17604,2021-10-30 16:30:00,132,136,Eintracht Frankfurt,RB Leipzig,RBL,EIN,1,2.9507,1,3.99211,3.99211,3.3977649999999997,11.26086956521739,11,1,0.0299,1,0.594345,0.594345,-3.3977649999999997,12.0,2,0.46,03/04/2003,03/04/2003,0.54,03/04/2003,03/04/2003
3,2021,17598,2021-10-31 14:30:00,121,133,Augsburg,Stuttgart,STU,AUG,0,0.3306,1,0.90948,0.90948,-1.6861900000000003,7.666666666666667,5,3,2.5344,4,2.59567,2.59567,1.6861900000000003,13.142857142857142,5,0.32,04/04/2002,3-1-4-2,0.68,3-1-4-2,04/04/2002
3,2021,17601,2021-10-31 16:30:00,130,268,Borussia Monchengladbach,Bochum,BOC,BMG,0,0.8349,1,1.07958,1.07958,-0.73784,12.84375,3,3,1.917,2,1.81742,1.81742,0.73784,15.416666666666666,7,0.66,4-2-3-1,04/03/2003,0.34,04/03/2003,4-2-3-1
3,2021,17610,2021-11-05 19:30:00,125,130,Mainz,Borussia Monchengladbach,BMG,MAI,1,1.8533,1,1.50835,1.50835,0.55888,15.5625,2,1,0.8828,1,0.94947,0.94947,-0.55888,7.119047619047619,5,0.47,03/05/2002,03/04/2003,0.53,03/04/2003,03/05/2002
3,2021,17607,2021-11-06 14:30:00,268,120,Bochum,Hoffenheim,HOF,BOC,0,0.3429,0,0.641687,0.641687,-0.7248629999999999,6.555555555555555,8,3,2.4942,2,2.12433,1.36655,0.7248629999999999,18.666666666666668,3,0.37,04/03/2003,3-1-4-2,0.63,3-1-4-2,04/03/2003
3,2021,17611,2021-11-06 14:30:00,133,262,Stuttgart,Arminia Bielefeld,ARM,STU,3,1.7102,1,1.55125,1.55125,0.43933,15.962962962962964,5,0,1.0184,0,1.11192,1.11192,-0.43933,8.2,8,0.66,3-4-1-2,4-2-3-1,0.34,4-2-3-1,3-4-1-2
3,2021,17612,2021-11-06 14:30:00,131,121,Wolfsburg,Augsburg,AUG,WOL,0,1.2847,0,0.867311,0.867311,-0.0427739999999999,28.285714285714285,4,3,1.3579,1,0.910085,0.910085,0.0427739999999999,8.727272727272727,4,0.62,03/04/2003,4-4-1-1,0.38,4-4-1-1,03/04/2003
3,2021,17614,2021-11-06 14:30:00,117,135,Bayern Munich,Freiburg,FRE,BAY,0,0.2158,1,0.910798,0.910798,-2.2576919999999996,13.451612903225806,5,3,2.689,2,3.16849,3.16849,2.2576919999999996,15.8,18,0.63,4-2-3-1,03/04/2003,0.37,03/04/2003,4-2-3-1
3,2021,17613,2021-11-06 17:30:00,136,129,RB Leipzig,Borussia Dortmund,DOR,RBL,0,0.2683999999999999,1,0.734721,0.734721,-1.753729,8.818181818181818,4,3,2.6069,2,2.48845,2.48845,1.753729,10.608695652173912,14,0.54,03/04/2003,03/04/2003,0.47,03/04/2003,03/04/2003
3,2021,17609,2021-11-07 14:30:00,122,119,Hertha Berlin,Bayer Leverkusen,LEV,HER,1,1.2456,1,0.774023,0.774023,-0.1294529999999999,9.478260869565217,5,1,1.3965,1,0.903476,0.903476,0.1294529999999999,11.083333333333334,8,0.46,4-2-3-1,4-2-3-1,0.54,4-2-3-1,4-2-3-1
3,2021,17608,2021-11-07 16:30:00,134,240,Koln,Union Berlin,UNI,COL,1,0.7222000000000001,2,1.1297,1.1297,-0.80365,15.666666666666666,4,1,2.0248,2,1.93335,1.93335,0.80365,6.1875,1,0.7,4-2-3-1,03/05/2002,0.3,03/05/2002,4-2-3-1
3,2021,17606,2021-11-07 18:30:00,267,132,Greuther Furth,Eintracht Frankfurt,EIN,GRE,3,0.5652,2,1.26639,1.26639,-1.1680100000000002,11.130434782608695,2,0,2.2305,1,2.4344,2.4344,1.1680100000000002,10.0,3,0.54,04/03/2003,03/04/2003,0.46,03/04/2003,04/03/2003
3,2021,17616,2021-11-19 19:30:00,121,117,Augsburg,Bayern Munich,BAY,AUG,0,1.8495,1,1.24258,1.24258,0.628119,4.625,21,3,0.8388,2,0.614461,0.614461,-0.628119,26.6875,3,0.21,04/04/2002,03/04/2003,0.79,03/04/2003,04/04/2002
3,2021,17615,2021-11-20 14:30:00,262,131,Arminia Bielefeld,Wolfsburg,WOL,ARM,1,1.2807,2,1.35662,1.35662,0.7086089999999999,6.2,12,1,1.3881,2,1.40579,0.648011,-0.7086089999999999,13.76923076923077,3,0.37,4-2-3-1,03/04/2003,0.63,03/04/2003,4-2-3-1
3,2021,17618,2021-11-20 14:30:00,120,136,Hoffenheim,RB Leipzig,RBL,HOF,0,0.0467,0,0.211083,0.211083,-2.677677,6.482758620689655,6,3,2.9195,2,2.88876,2.88876,2.677677,10.448275862068966,9,0.41,3-4-1-2,03/04/2003,0.59,03/04/2003,3-4-1-2
3,2021,17620,2021-11-20 14:30:00,130,267,Borussia Monchengladbach,Greuther Furth,GRE,BMG,0,0.1542,0,0.307559,0.307559,-2.166871,13.363636363636363,1,3,2.7563999999999997,4,2.47443,2.47443,2.166871,12.3125,12,0.57,03/04/2003,4-2-3-1,0.43,4-2-3-1,03/04/2003
3,2021,17622,2021-11-20 14:30:00,119,268,Bayer Leverkusen,Bochum,BOC,LEV,0,0.6615,0,0.708697,0.708697,-0.917673,9.275862068965518,4,3,2.1066000000000003,1,1.62637,1.62637,0.917673,12.22222222222222,10,0.55,04/04/2002,04/03/2003,0.45,04/03/2003,04/04/2002
3,2021,17623,2021-11-20 14:30:00,129,133,Borussia Dortmund,Stuttgart,STU,DOR,0,1.0285,1,1.54108,1.54108,-0.4507799999999999,16.565217391304348,4,3,1.702,2,1.99186,1.99186,0.4507799999999999,7.1875,10,0.64,4-2-3-1,3-1-4-2,0.36,3-1-4-2,4-2-3-1
3,2021,17621,2021-11-20 17:30:00,240,122,Union Berlin,Hertha Berlin,HER,UNI,0,0.2076,0,0.211495,0.211495,-1.679585,8.73913043478261,1,3,2.6619,2,1.89108,1.89108,1.679585,7.9411764705882355,3,0.43,03/05/2002,4-2-3-1,0.57,4-2-3-1,03/05/2002
3,2021,17619,2021-11-21 14:30:00,135,132,Freiburg,Eintracht Frankfurt,EIN,FRE,3,1.1414000000000002,2,1.24268,1.24268,-0.32402,15.95,3,0,1.5830000000000002,0,1.5667,1.5667,0.32402,13.133333333333333,11,0.62,03/04/2003,03/04/2003,0.38,03/04/2003,03/04/2003
3,2021,17617,2021-11-21 16:30:00,125,134,Mainz,Koln,COL,MAI,1,2.0165,1,1.75564,1.75564,0.8142940000000001,9.944444444444445,6,1,0.7484,1,0.941346,0.941346,-0.8142940000000001,8.870967741935484,5,0.42,03/05/2002,4-2-3-1,0.58,4-2-3-1,03/05/2002
3,2021,17628,2021-11-26 19:30:00,133,125,Stuttgart,Mainz,MAI,STU,0,2.2313,1,1.17743,1.17743,0.900512,6.225,7,3,0.4886,2,0.276918,0.276918,-0.900512,16.846153846153847,3,0.46,03/04/2003,03/05/2002,0.54,03/05/2002,03/04/2003
3,2021,17624,2021-11-27 14:30:00,267,120,Greuther Furth,Hoffenheim,HOF,GRE,3,2.4074,6,3.01705,3.01705,1.6521199999999998,13.5,8,0,0.4466,3,1.36493,1.36493,-1.6521199999999998,10.772727272727272,3,0.5,04/03/2003,04/03/2003,0.5,04/03/2003,04/03/2003
3,2021,17625,2021-11-27 14:30:00,268,135,Bochum,Freiburg,FRE,BOC,0,2.2154000000000003,1,2.12135,2.12135,1.165356,8.444444444444445,13,3,0.5804,2,0.955994,0.955994,-1.165356,18.166666666666668,2,0.4,04/03/2003,4-4-1-1,0.6,4-4-1-1,04/03/2003
3,2021,17626,2021-11-27 14:30:00,134,130,Koln,Borussia Monchengladbach,BMG,COL,0,1.2108,1,1.30291,1.30291,-0.1840399999999999,10.375,6,3,1.5246,4,1.48695,1.48695,0.1840399999999999,7.057142857142857,9,0.49,4-2-3-1,03/04/2003,0.51,03/04/2003,4-2-3-1
3,2021,17627,2021-11-27 14:30:00,122,121,Hertha Berlin,Augsburg,AUG,HER,1,1.1417,1,1.61295,1.61295,-0.3136099999999999,12.88888888888889,9,1,1.6019,1,1.92656,1.92656,0.3136099999999999,11.944444444444445,2,0.51,03/04/2003,04/04/2002,0.49,04/04/2002,03/04/2003
3,2021,17630,2021-11-27 14:30:00,131,129,Wolfsburg,Borussia Dortmund,DOR,WOL,3,1.5288000000000002,3,2.35127,1.59349,-0.5779700000000001,9.8,5,0,1.2075,1,2.17146,2.17146,0.5779700000000001,18.6,5,0.41,03/04/2003,4-2-3-1,0.59,4-2-3-1,03/04/2003
3,2021,17632,2021-11-27 17:30:00,117,262,Bayern Munich,Arminia Bielefeld,ARM,BAY,0,0.1721,0,0.385377,0.385377,-2.291903,30.0,2,3,2.7346999999999997,1,2.67728,2.67728,2.291903,6.142857142857143,22,0.74,4-2-3-1,04/03/2003,0.27,04/03/2003,4-2-3-1
3,2021,17629,2021-11-28 14:30:00,132,240,Eintracht Frankfurt,Union Berlin,UNI,EIN,0,0.8675999999999999,1,1.07386,0.316086,-1.380834,18.6875,6,3,1.8495,2,1.69692,1.69692,1.380834,14.842105263157896,8,0.54,03/04/2003,03/05/2002,0.46,03/05/2002,03/04/2003
3,2021,17631,2021-11-28 16:30:00,136,119,RB Leipzig,Bayer Leverkusen,LEV,RBL,3,1.1442,3,1.23553,1.23553,0.561054,30.444444444444443,6,0,1.5555,1,1.43225,0.674476,-0.561054,9.555555555555555,14,0.58,4-3-1-2,4-2-3-1,0.42,4-2-3-1,4-3-1-2
3,2021,17639,2021-12-03 19:30:00,240,136,Union Berlin,RB Leipzig,RBL,UNI,0,0.1609999999999999,1,1.14392,1.14392,-2.621,13.090909090909092,9,3,2.7664999999999997,2,3.76492,3.76492,2.621,8.275862068965518,8,0.37,05/03/2002,03/04/2003,0.63,03/04/2003,05/03/2002
3,2021,17633,2021-12-04 14:30:00,262,134,Arminia Bielefeld,Koln,COL,ARM,1,1.5083,1,1.18693,1.18693,0.1696600000000001,11.846153846153848,1,1,1.1918,1,1.01727,1.01727,-0.1696600000000001,14.173913043478262,4,0.42,4-2-3-1,4-2-3-1,0.58,4-2-3-1,4-2-3-1
3,2021,17634,2021-12-04 14:30:00,121,268,Augsburg,Bochum,BOC,AUG,3,0.8468,3,2.04524,2.04524,-0.0630399999999999,13.411764705882351,6,0,1.9454,2,2.86606,2.10828,0.0630399999999999,8.347826086956522,6,0.53,04/04/2002,04/03/2003,0.47,04/03/2003,04/04/2002
3,2021,17635,2021-12-04 14:30:00,125,131,Mainz,Wolfsburg,WOL,MAI,0,0.8221,0,0.760457,0.760457,-0.651183,6.055555555555555,5,3,1.9054,3,1.41164,1.41164,0.651183,6.027777777777778,5,0.41,03/05/2002,03/04/2003,0.59,03/04/2003,03/05/2002
3,2021,17636,2021-12-04 14:30:00,120,132,Hoffenheim,Eintracht Frankfurt,EIN,HOF,0,1.8814,2,1.57864,1.57864,0.653665,11.92,2,3,0.8455,3,0.924975,0.924975,-0.653665,15.863636363636363,3,0.49,03/04/2003,03/04/2003,0.51,03/04/2003,03/04/2003
3,2021,17640,2021-12-04 14:30:00,119,267,Bayer Leverkusen,Greuther Furth,GRE,LEV,0,0.1311999999999999,1,0.279746,0.279746,-2.1521540000000003,11.161290322580646,1,3,2.7841000000000005,7,2.4319,2.4319,2.1521540000000003,7.038461538461538,7,0.6,4-2-3-1,4-4-1-1,0.4,4-4-1-1,4-2-3-1
3,2021,17641,2021-12-04 17:30:00,129,117,Borussia Dortmund,Bayern Munich,BAY,DOR,3,2.0827,3,2.42143,1.66365,0.2330700000000001,10.32,15,0,0.7015,2,1.43058,1.43058,-0.2330700000000001,10.961538461538462,10,0.47,4-1-3-2,4-2-3-1,0.53,4-2-3-1,4-1-3-2
3,2021,17637,2021-12-05 14:30:00,133,122,Stuttgart,Hertha Berlin,HER,STU,1,1.7017,2,1.25849,1.25849,0.3365460000000001,14.125,6,1,0.9859,2,0.921944,0.921944,-0.3365460000000001,13.263157894736842,4,0.54,03/05/2002,04/04/2002,0.46,04/04/2002,03/05/2002
3,2021,17638,2021-12-05 16:30:00,130,135,Borussia Monchengladbach,Freiburg,FRE,BMG,3,2.5342,6,2.70796,2.70796,1.63234,16.142857142857142,7,0,0.3298,0,1.07562,1.07562,-1.63234,6.0,15,0.65,3-4-1-2,04/04/2002,0.35,04/04/2002,3-4-1-2
3,2021,17644,2021-12-10 19:30:00,134,121,Koln,Augsburg,AUG,COL,3,1.3432000000000002,2,1.17632,1.17632,0.0174099999999999,12.272727272727272,5,0,1.357,0,1.15891,1.15891,-0.0174099999999999,7.3125,10,0.65,4-1-3-2,04/04/2002,0.35,04/04/2002,4-1-3-2
3,2021,17643,2021-12-11 14:30:00,268,129,Bochum,Borussia Dortmund,DOR,BOC,1,2.5222,1,2.68284,2.68284,2.474164,7.5,19,1,0.3271,1,0.966453,0.208676,-2.474164,19.764705882352946,1,0.32,4-1-4-1,4-2-3-1,0.68,4-2-3-1,4-1-4-1
3,2021,17645,2021-12-11 14:30:00,122,262,Hertha Berlin,Arminia Bielefeld,ARM,HER,0,0.27,0,0.454841,0.454841,-1.7831289999999995,7.27906976744186,9,3,2.5991999999999997,2,2.23797,2.23797,1.7831289999999995,7.45,9,0.61,04/04/2002,4-2-3-1,0.39,4-2-3-1,04/04/2002
3,2021,17646,2021-12-11 14:30:00,135,120,Freiburg,Hoffenheim,HOF,FRE,3,0.7976,2,1.5054,1.5054,0.0776000000000001,18.9,3,0,1.9742,1,2.25197,1.4278,-0.0776000000000001,11.6,4,0.42,4-4-1-1,03/04/2003,0.58,03/04/2003,4-4-1-1
3,2021,17649,2021-12-11 14:30:00,136,130,RB Leipzig,Borussia Monchengladbach,BMG,RBL,0,0.0413,1,0.84748,0.84748,-3.9551,8.75,5,3,2.9399,4,4.80258,4.80258,3.9551,8.866666666666667,13,0.53,3-4-1-2,04/03/2003,0.47,04/03/2003,3-4-1-2
3,2021,17650,2021-12-11 14:30:00,117,125,Bayern Munich,Mainz,MAI,BAY,0,0.6929,1,0.872668,0.872668,-0.913462,16.24,5,3,2.0588,2,1.78613,1.78613,0.913462,6.615384615384615,11,0.65,4-2-3-1,03/05/2002,0.35,03/05/2002,4-2-3-1
3,2021,17648,2021-12-11 17:30:00,131,133,Wolfsburg,Stuttgart,STU,WOL,3,1.4653,2,1.53296,0.752528,-0.717332,13.210526315789474,5,0,1.2433,0,1.46986,1.46986,0.717332,7.0606060606060606,11,0.52,4-2-3-1,03/04/2003,0.48,03/04/2003,4-2-3-1
3,2021,17642,2021-12-12 14:30:00,267,240,Greuther Furth,Union Berlin,UNI,GRE,0,2.2876,0,1.83652,1.83652,1.156295,15.846153846153848,7,3,0.4909,1,0.680225,0.680225,-1.156295,22.470588235294116,2,0.37,04/03/2003,03/05/2002,0.63,03/05/2002,04/03/2003
3,2021,17647,2021-12-12 16:30:00,132,119,Eintracht Frankfurt,Bayer Leverkusen,LEV,EIN,0,1.4918,2,1.60141,0.843633,-0.6005170000000001,15.666666666666666,10,3,1.2035,5,1.44415,1.44415,0.6005170000000001,11.346153846153848,4,0.44,03/04/2003,4-2-3-1,0.56,4-2-3-1,03/04/2003
3,2021,17654,2021-12-14 17:30:00,133,117,Stuttgart,Bayern Munich,BAY,STU,3,2.9335,5,4.98146,4.98146,3.93437,11.727272727272728,17,0,0.0433,0,1.04709,1.04709,-3.93437,13.7,7,0.43,3-1-4-2,4-2-3-1,0.57,4-2-3-1,3-1-4-2
3,2021,17651,2021-12-14 19:30:00,262,268,Arminia Bielefeld,Bochum,BOC,ARM,0,1.4485,0,0.748012,0.748012,0.1052269999999999,7.458333333333333,2,3,1.1701,2,0.642785,0.642785,-0.1052269999999999,8.478260869565217,2,0.51,04/04/2002,4-1-4-1,0.49,4-1-4-1,04/04/2002
3,2021,17653,2021-12-14 19:30:00,125,122,Mainz,Hertha Berlin,HER,MAI,0,0.0751,0,0.393369,0.393369,-2.7125410000000003,17.1875,0,3,2.8819000000000004,4,3.10591,3.10591,2.7125410000000003,4.588235294117647,8,0.68,03/05/2002,04/04/2002,0.32,04/04/2002,03/05/2002
3,2021,17658,2021-12-14 19:30:00,131,134,Wolfsburg,Koln,COL,WOL,3,1.8783,3,3.14693,3.14693,0.7199999999999998,6.083333333333333,10,0,0.9003000000000001,2,2.42693,2.42693,-0.7199999999999998,8.533333333333333,6,0.38,4-2-3-1,4-1-3-2,0.62,4-1-3-2,4-2-3-1
3,2021,17655,2021-12-15 17:30:00,130,132,Borussia Monchengladbach,Eintracht Frankfurt,EIN,BMG,3,1.5815,3,2.50286,2.50286,1.03081,9.090909090909092,7,0,1.184,2,2.22983,1.47205,-1.03081,7.185185185185185,7,0.58,03/04/2003,03/04/2003,0.42,03/04/2003,03/04/2003
3,2021,17652,2021-12-15 19:30:00,121,136,Augsburg,RB Leipzig,RBL,AUG,1,2.4151999999999996,1,3.08255,3.08255,2.272891,11.5,11,1,0.4205,1,1.56744,0.809659,-2.272891,12.696969696969695,4,0.31,04/04/2002,3-4-1-2,0.69,3-4-1-2,04/04/2002
3,2021,17656,2021-12-15 19:30:00,240,135,Union Berlin,Freiburg,FRE,UNI,1,0.6401,0,1.22466,1.22466,-1.02541,14.761904761904765,7,1,2.1545,0,2.25007,2.25007,1.02541,11.68421052631579,3,0.54,3-1-4-2,03/04/2003,0.46,03/04/2003,3-1-4-2
3,2021,17657,2021-12-15 19:30:00,119,120,Bayer Leverkusen,Hoffenheim,HOF,LEV,1,0.8873,2,1.68115,1.68115,-0.7443800000000003,11.208333333333334,12,1,1.8974,2,2.42553,2.42553,0.7443800000000003,18.933333333333337,10,0.45,4-2-3-1,3-4-1-2,0.55,3-4-1-2,4-2-3-1
3,2021,17659,2021-12-15 19:30:00,129,267,Borussia Dortmund,Greuther Furth,GRE,DOR,0,0.2476,0,0.379024,0.379024,-0.7789159999999999,22.3,1,3,2.6101,3,1.91572,1.15794,0.7789159999999999,7.875,15,0.68,4-2-3-1,04/03/2003,0.32,04/03/2003,4-2-3-1
3,2021,17668,2021-12-17 19:30:00,117,131,Bayern Munich,Wolfsburg,WOL,BAY,0,0.1546,0,1.41635,1.41635,-2.8965599999999996,20.615384615384617,2,3,2.7823,4,4.31291,4.31291,2.8965599999999996,5.777777777777778,21,0.63,4-2-3-1,03/04/2003,0.37,03/04/2003,4-2-3-1
3,2021,17660,2021-12-18 14:30:00,267,121,Greuther Furth,Augsburg,AUG,GRE,1,2.5737,0,1.48497,1.48497,1.3947714999999998,8.823529411764707,5,1,0.2412,0,0.0901985,0.0901985,-1.3947714999999998,9.416666666666666,6,0.47,4-3-1-2,04/04/2002,0.53,04/04/2002,4-3-1-2
3,2021,17661,2021-12-18 14:30:00,268,240,Bochum,Union Berlin,UNI,BOC,3,1.3085,1,0.999651,0.999651,-0.0424989999999999,22.571428571428573,8,0,1.3643,0,1.04215,1.04215,0.0424989999999999,11.35,2,0.55,04/03/2003,3-4-1-2,0.46,3-4-1-2,04/03/2003
3,2021,17664,2021-12-18 14:30:00,120,130,Hoffenheim,Borussia Monchengladbach,BMG,HOF,1,0.9718,1,1.62486,1.62486,-0.6193599999999999,23.857142857142858,3,1,1.7956,1,2.24422,2.24422,0.6193599999999999,17.6,16,0.6,03/04/2003,4-2-3-1,0.4,4-2-3-1,03/04/2003
3,2021,17666,2021-12-18 14:30:00,132,125,Eintracht Frankfurt,Mainz,MAI,EIN,0,0.6981999999999999,0,0.832437,0.832437,-0.6956129999999999,13.6,8,3,2.0119,1,1.52805,1.52805,0.6956129999999999,8.433333333333334,5,0.52,03/04/2003,03/05/2002,0.48,03/05/2002,03/04/2003
3,2021,17667,2021-12-18 14:30:00,136,262,RB Leipzig,Arminia Bielefeld,ARM,RBL,3,1.1288,2,1.33454,1.33454,-0.3104899999999999,20.695652173913043,3,0,1.5575,0,1.64503,1.64503,0.3104899999999999,5.045454545454546,18,0.78,03/05/2002,4-2-3-1,0.22,4-2-3-1,03/05/2002
3,2021,17663,2021-12-18 17:30:00,122,129,Hertha Berlin,Borussia Dortmund,DOR,HER,0,1.3369000000000002,2,1.57262,1.57262,-0.0437200000000002,9.73913043478261,7,3,1.3873,3,1.61634,1.61634,0.0437200000000002,20.705882352941178,3,0.41,4-2-2-2,4-2-3-1,0.6,4-2-3-1,4-2-2-2
3,2021,17665,2021-12-19 14:30:00,135,119,Freiburg,Bayer Leverkusen,LEV,FRE,0,0.3969,1,0.818605,0.818605,-0.5021849999999999,12.785714285714286,6,3,2.3913,2,2.07857,1.32079,0.5021849999999999,15.55,6,0.43,4-2-3-1,4-3-2-1,0.57,4-3-2-1,4-2-3-1
3,2021,17662,2021-12-19 16:30:00,134,133,Koln,Stuttgart,STU,COL,0,0.4355,0,0.333564,0.333564,-1.024626,8.71875,4,3,2.3183,1,1.35819,1.35819,1.024626,7.9375,6,0.51,4-1-3-2,03/04/2003,0.49,03/04/2003,4-1-3-2
3,2021,17677,2022-01-07 19:30:00,117,130,Bayern Munich,Borussia Monchengladbach,BMG,BAY,3,1.4686,2,1.51069,1.51069,0.1547,13.862068965517242,5,0,1.261,1,1.35599,1.35599,-0.1547,5.78125,14,0.62,4-2-3-1,3-1-4-2,0.38,3-1-4-2,4-2-3-1
3,2021,17669,2022-01-08 14:30:00,267,133,Greuther Furth,Stuttgart,STU,GRE,1,1.7378,0,1.62697,1.62697,0.50311,8.8,9,1,0.98,0,1.12386,1.12386,-0.50311,21.3125,1,0.39,04/04/2002,03/04/2003,0.61,03/04/2003,04/04/2002
3,2021,17672,2022-01-08 14:30:00,120,121,Hoffenheim,Augsburg,AUG,HOF,0,0.2221,1,0.749744,0.749744,-2.012536,17.944444444444443,4,3,2.668,3,2.76228,2.76228,2.012536,7.387096774193548,13,0.58,3-1-4-2,4-2-2-2,0.42,4-2-2-2,3-1-4-2
3,2021,17673,2022-01-08 14:30:00,135,262,Freiburg,Arminia Bielefeld,ARM,FRE,1,0.637,2,1.1145,1.1145,-1.08966,8.0,11,1,2.1553,2,2.20416,2.20416,1.08966,18.0,11,0.49,4-2-3-1,04/03/2003,0.51,04/03/2003,4-2-3-1
3,2021,17674,2022-01-08 14:30:00,119,240,Bayer Leverkusen,Union Berlin,UNI,LEV,1,1.9579,2,3.04208,3.04208,0.8368199999999999,20.58823529411765,3,1,0.8362,2,2.20526,2.20526,-0.8368199999999999,7.3478260869565215,7,0.65,4-2-3-1,3-1-4-2,0.35,3-1-4-2,4-2-3-1
3,2021,17676,2022-01-08 14:30:00,136,125,RB Leipzig,Mainz,MAI,RBL,0,0.0306,1,0.319779,0.319779,-2.476361,22.0,2,3,2.9487,4,3.55391,2.79614,2.476361,15.8,12,0.69,3-4-1-2,03/05/2002,0.32,03/05/2002,3-4-1-2
3,2021,17675,2022-01-08 17:30:00,132,129,Eintracht Frankfurt,Borussia Dortmund,DOR,EIN,3,1.7594999999999998,3,2.38227,2.38227,0.6038300000000001,14.785714285714286,8,0,1.0095,2,1.77844,1.77844,-0.6038300000000001,21.444444444444443,3,0.36,03/04/2003,04/03/2003,0.64,04/03/2003,03/04/2003
3,2021,17671,2022-01-09 14:30:00,122,134,Hertha Berlin,Koln,COL,HER,3,2.51,3,2.46989,2.46989,1.678137,5.035714285714286,6,0,0.3458,1,0.791753,0.791753,-1.678137,12.789473684210526,5,0.53,4-2-2-2,4-1-3-2,0.47,4-1-3-2,4-2-2-2
3,2021,17670,2022-01-09 16:30:00,268,131,Bochum,Wolfsburg,WOL,BOC,0,0.4279,0,0.400404,0.400404,-1.172546,7.833333333333333,2,3,2.3533,1,1.57295,1.57295,1.172546,5.947368421052632,8,0.5,04/03/2003,03/04/2003,0.5,03/04/2003,04/03/2003
3,2021,17686,2022-01-14 19:30:00,129,135,Borussia Dortmund,Freiburg,FRE,DOR,0,0.5064,1,1.04847,1.04847,-1.37907,23.05263157894737,3,3,2.295,5,2.42754,2.42754,1.37907,7.92,12,0.66,04/03/2003,04/04/2002,0.34,04/04/2002,04/03/2003
3,2021,17678,2022-01-15 14:30:00,134,117,Koln,Bayern Munich,BAY,COL,3,2.7950000000000004,4,3.87329,3.87329,2.84209,13.363636363636363,25,0,0.1439,0,1.0312,1.0312,-2.84209,9.807692307692308,6,0.5,4-1-3-2,4-2-3-1,0.5,4-2-3-1,4-1-3-2
3,2021,17681,2022-01-15 14:30:00,125,268,Mainz,Bochum,BOC,MAI,0,1.1547,0,1.32639,0.568614,-1.034406,10.38888888888889,6,3,1.5518999999999998,1,1.60302,1.60302,1.034406,7.107142857142857,12,0.53,03/05/2002,04/03/2003,0.47,04/03/2003,03/05/2002
3,2021,17682,2022-01-15 14:30:00,133,136,Stuttgart,RB Leipzig,RBL,STU,3,1.7475,2,1.601,0.843224,-0.3447059999999999,13.818181818181818,3,0,0.9711,0,1.18793,1.18793,0.3447059999999999,9.909090909090908,7,0.51,03/04/2003,03/04/2003,0.49,03/04/2003,03/04/2003
3,2021,17684,2022-01-15 14:30:00,240,120,Union Berlin,Hoffenheim,HOF,UNI,0,0.3952,1,0.61487,0.61487,-1.15197,10.947368421052632,3,3,2.4247,2,1.76684,1.76684,1.15197,22.923076923076923,4,0.42,03/05/2002,3-1-4-2,0.59,3-1-4-2,03/05/2002
3,2021,17685,2022-01-15 14:30:00,131,122,Wolfsburg,Hertha Berlin,HER,WOL,1,0.2667,0,0.313936,0.313936,-1.487744,8.0,3,1,2.5731,0,1.80168,1.80168,1.487744,7.722222222222222,7,0.47,03/04/2003,04/04/2002,0.53,04/04/2002,03/04/2003
3,2021,17683,2022-01-15 17:30:00,130,119,Borussia Monchengladbach,Bayer Leverkusen,LEV,BMG,3,2.9734000000000003,2,6.49734,4.98179,3.53707,12.4,11,0,0.0196,1,1.44472,1.44472,-3.53707,10.05,10,0.55,03/04/2003,4-2-3-1,0.45,4-2-3-1,03/04/2003
3,2021,17680,2022-01-16 14:30:00,121,132,Augsburg,Eintracht Frankfurt,EIN,AUG,1,2.3678999999999997,1,2.14731,2.14731,1.312343,6.545454545454546,7,1,0.4506,1,0.834967,0.834967,-1.312343,14.38888888888889,7,0.48,04/04/2002,03/04/2003,0.52,03/04/2003,04/04/2002
3,2021,17679,2022-01-16 16:30:00,262,267,Arminia Bielefeld,Greuther Furth,GRE,ARM,1,1.3221,2,0.55128,0.55128,0.016599,9.133333333333333,2,1,1.2417,2,0.534681,0.534681,-0.016599,7.108108108108108,4,0.44,4-2-3-1,4-3-1-2,0.56,4-3-1-2,4-2-3-1
3,2021,17694,2022-01-21 19:30:00,132,262,Eintracht Frankfurt,Arminia Bielefeld,ARM,EIN,3,1.4891,2,1.56136,1.56136,0.1118400000000001,14.142857142857142,4,0,1.2506,0,1.44952,1.44952,-0.1118400000000001,4.0625,7,0.68,03/04/2003,4-1-4-1,0.32,4-1-4-1,03/04/2003
3,2021,17687,2022-01-22 14:30:00,267,125,Greuther Furth,Mainz,MAI,GRE,0,1.4467,1,1.40771,1.40771,0.1140000000000001,6.24,7,3,1.2616,2,1.29371,1.29371,-0.1140000000000001,8.933333333333334,5,0.42,4-3-1-2,03/05/2002,0.58,03/05/2002,4-3-1-2
3,2021,17690,2022-01-22 14:30:00,120,129,Hoffenheim,Borussia Dortmund,DOR,HOF,3,1.5844,3,1.3361,1.3361,0.17364,18.666666666666668,5,0,1.0993,2,1.16246,1.16246,-0.17364,11.26923076923077,9,0.58,3-4-1-2,04/03/2003,0.42,04/03/2003,3-4-1-2
3,2021,17691,2022-01-22 14:30:00,135,133,Freiburg,Stuttgart,STU,FRE,0,0.3162,0,0.221777,0.221777,-1.3602530000000002,19.428571428571427,2,3,2.4837,2,1.58203,1.58203,1.3602530000000002,13.0,11,0.5,4-4-1-1,03/04/2003,0.5,03/04/2003,4-4-1-1
3,2021,17692,2022-01-22 14:30:00,130,240,Borussia Monchengladbach,Union Berlin,UNI,BMG,3,1.3271,2,1.30514,0.547365,-0.7517550000000001,14.107142857142858,2,0,1.2932,1,1.29912,1.29912,0.7517550000000001,11.375,8,0.6,03/04/2003,03/05/2002,0.4,03/05/2002,03/04/2003
3,2021,17693,2022-01-22 14:30:00,119,121,Bayer Leverkusen,Augsburg,AUG,LEV,0,0.2421999999999999,1,1.21255,1.21255,-2.3062899999999997,18.26086956521739,8,3,2.6635000000000004,5,3.51884,3.51884,2.3062899999999997,11.4,15,0.67,4-1-4-1,04/04/2002,0.33,04/04/2002,4-1-4-1
3,2021,17688,2022-01-22 17:30:00,268,134,Bochum,Koln,COL,BOC,1,1.1908,2,1.5434,1.5434,-0.2359099999999998,17.125,3,1,1.5384999999999998,2,1.77931,1.77931,0.2359099999999998,12.0625,5,0.54,04/03/2003,4-1-3-2,0.46,4-1-3-2,04/03/2003
3,2021,17695,2022-01-23 14:30:00,136,131,RB Leipzig,Wolfsburg,WOL,RBL,0,0.5789,0,0.871043,0.871043,-0.823207,13.944444444444445,3,3,2.1698,2,1.69425,1.69425,0.823207,7.275862068965517,10,0.54,03/04/2003,03/04/2003,0.46,03/04/2003,03/04/2003
3,2021,17689,2022-01-23 16:30:00,122,117,Hertha Berlin,Bayern Munich,BAY,HER,3,2.9498,4,5.18503,5.18503,4.337093,4.717391304347826,20,0,0.032,1,0.847937,0.847937,-4.337093,28.0,5,0.3,05/03/2002,3-2-4-1,0.7,3-2-4-1,05/03/2002
3,2021,17698,2022-02-04 19:30:00,122,268,Hertha Berlin,Bochum,BOC,HER,1,1.9325,1,0.993261,0.993261,0.5491079999999999,6.59375,4,1,0.7373,1,0.444153,0.444153,-0.5491079999999999,7.117647058823529,2,0.53,04/04/2002,4-1-4-1,0.48,4-1-4-1,04/04/2002
3,2021,17696,2022-02-05 14:30:00,134,135,Koln,Freiburg,FRE,COL,0,0.9953,0,0.683704,0.683704,-0.4123359999999999,4.27027027027027,10,3,1.6847,1,1.09604,1.09604,0.4123359999999999,11.55,11,0.43,4-1-3-2,04/04/2002,0.58,04/04/2002,4-1-3-2
3,2021,17697,2022-02-05 14:30:00,262,130,Arminia Bielefeld,Borussia Monchengladbach,BMG,ARM,1,2.0687,1,1.4844,1.4844,0.8878999999999999,5.193548387096774,14,1,0.6709999999999999,1,0.5965,0.5965,-0.8878999999999999,9.866666666666667,4,0.39,4-2-3-1,03/04/2003,0.61,03/04/2003,4-2-3-1
3,2021,17699,2022-02-05 14:30:00,121,240,Augsburg,Union Berlin,UNI,AUG,0,1.5773,0,2.09718,2.09718,0.2650599999999998,9.608695652173912,5,3,1.1564,2,1.83212,1.83212,-0.2650599999999998,14.875,2,0.48,4-2-2-2,03/05/2002,0.52,03/05/2002,4-2-2-2
3,2021,17700,2022-02-05 14:30:00,125,120,Mainz,Hoffenheim,HOF,MAI,0,0.9799,0,1.31773,1.31773,0.2968300000000001,11.105263157894736,10,3,1.7607999999999997,2,1.77868,1.0209,-0.2968300000000001,17.666666666666668,4,0.41,03/05/2002,03/05/2002,0.59,03/05/2002,03/05/2002
3,2021,17701,2022-02-05 14:30:00,133,132,Stuttgart,Eintracht Frankfurt,EIN,STU,3,0.5014,3,0.842047,0.842047,-1.278423,9.625,5,0,2.3143,2,2.12047,2.12047,1.278423,8.19047619047619,7,0.53,04/04/2002,03/05/2002,0.48,03/05/2002,04/04/2002
3,2021,17704,2022-02-05 17:30:00,117,136,Bayern Munich,RB Leipzig,RBL,BAY,0,1.1576,2,2.65667,2.65667,-0.3767299999999998,22.470588235294116,7,3,1.616,3,3.0334,3.0334,0.3767299999999998,8.5625,17,0.58,03/04/2003,03/04/2003,0.42,03/04/2003,03/04/2003
3,2021,17703,2022-02-06 14:30:00,129,119,Borussia Dortmund,Bayer Leverkusen,LEV,DOR,3,1.5355,5,1.81345,1.81345,0.2100699999999999,14.36,7,0,1.1836,2,1.60338,1.60338,-0.2100699999999999,8.583333333333334,8,0.64,04/03/2003,4-2-3-1,0.36,4-2-3-1,04/03/2003
3,2021,17702,2022-02-06 16:30:00,131,267,Wolfsburg,Greuther Furth,GRE,WOL,0,0.6109,1,1.10423,0.346454,-1.717346,20.0,4,3,2.143,4,2.0638,2.0638,1.717346,14.571428571428571,6,0.57,03/04/2003,04/03/2003,0.43,04/03/2003,03/04/2003
3,2021,17713,2022-02-11 19:30:00,136,134,RB Leipzig,Koln,COL,RBL,0,1.2266,1,0.794743,0.794743,-0.055745,10.857142857142858,5,3,1.4186,3,0.850488,0.850488,0.055745,13.73913043478261,6,0.5,3-4-1-2,4-2-3-1,0.5,4-2-3-1,3-4-1-2
3,2021,17705,2022-02-12 14:30:00,267,122,Greuther Furth,Hertha Berlin,HER,GRE,0,0.806,1,1.84512,1.84512,-0.0934399999999999,7.9,9,3,1.9934000000000005,2,2.69634,1.93856,0.0934399999999999,11.142857142857142,12,0.41,04/04/2002,04/04/2002,0.59,04/04/2002,04/04/2002
3,2021,17706,2022-02-12 14:30:00,268,117,Bochum,Bayern Munich,BAY,BOC,0,1.7502,2,1.87083,1.87083,1.280064,8.066666666666666,10,3,0.9798,4,1.34846,0.590766,-1.280064,12.826086956521738,6,0.36,04/03/2003,4-2-3-1,0.64,4-2-3-1,04/03/2003
3,2021,17708,2022-02-12 14:30:00,135,125,Freiburg,Mainz,MAI,FRE,1,2.3421,1,3.15753,3.15753,1.46656,9.357142857142858,10,1,0.489,1,1.69097,1.69097,-1.46656,4.954545454545454,6,0.61,4-2-3-1,03/04/2003,0.39,03/04/2003,4-2-3-1
3,2021,17709,2022-02-12 14:30:00,130,121,Borussia Monchengladbach,Augsburg,AUG,BMG,0,0.5675,2,1.62757,1.62757,-1.40305,9.647058823529411,5,3,2.27,3,3.03062,3.03062,1.40305,9.652173913043478,13,0.57,03/04/2003,4-2-2-2,0.43,4-2-2-2,03/04/2003
3,2021,17712,2022-02-12 14:30:00,132,131,Eintracht Frankfurt,Wolfsburg,WOL,EIN,3,2.0115000000000003,2,1.61974,0.861964,-0.017354,14.35,4,0,0.7395,0,0.879318,0.879318,0.017354,4.470588235294118,10,0.61,03/04/2003,03/04/2003,0.39,03/04/2003,03/04/2003
3,2021,17711,2022-02-12 17:30:00,119,133,Bayer Leverkusen,Stuttgart,STU,LEV,0,0.5627,2,1.17227,1.17227,-1.24692,40.4,5,3,2.2442,4,2.41919,2.41919,1.24692,7.869565217391305,19,0.71,4-2-3-1,04/05/2001,0.29,04/05/2001,4-2-3-1
3,2021,17710,2022-02-13 14:30:00,240,129,Union Berlin,Borussia Dortmund,DOR,UNI,3,2.2572,3,2.59623,2.59623,1.1253799999999998,18.363636363636363,8,0,0.5493,0,1.47085,1.47085,-1.1253799999999998,13.285714285714286,8,0.39,05/03/2002,04/03/2003,0.61,04/03/2003,05/03/2002
3,2021,17707,2022-02-13 16:30:00,120,262,Hoffenheim,Arminia Bielefeld,ARM,HOF,0,0.0548,0,0.652006,0.652006,-3.5137039999999997,13.130434782608695,3,3,2.9159,2,4.16571,4.16571,3.5137039999999997,17.733333333333334,16,0.54,3-4-1-2,4-2-3-1,0.46,4-2-3-1,3-4-1-2
3,2021,17718,2022-02-18 19:30:00,125,119,Mainz,Bayer Leverkusen,LEV,MAI,0,1.1912,2,0.827749,0.827749,-0.1784709999999999,8.105263157894736,7,3,1.4786,3,1.00622,1.00622,0.1784709999999999,10.0625,10,0.4,03/04/2003,4-2-3-1,0.6,4-2-3-1,03/04/2003
3,2021,17715,2022-02-19 14:30:00,262,240,Arminia Bielefeld,Union Berlin,UNI,ARM,0,0.7691,0,0.771488,0.771488,-0.6429320000000001,10.421052631578949,5,3,1.9526,1,1.41442,1.41442,0.6429320000000001,20.75,5,0.42,4-2-3-1,03/05/2002,0.58,03/05/2002,4-2-3-1
3,2021,17717,2022-02-19 14:30:00,121,135,Augsburg,Freiburg,FRE,AUG,3,2.5548,2,2.56075,2.56075,1.609361,12.0,4,0,0.3081,1,0.951389,0.951389,-1.609361,10.473684210526317,7,0.54,04/04/2002,4-2-3-1,0.46,4-2-3-1,04/04/2002
3,2021,17719,2022-02-19 14:30:00,133,268,Stuttgart,Bochum,BOC,STU,1,1.8556,1,1.93431,1.17654,-0.19831,9.4,5,1,0.8845000000000001,1,1.37485,1.37485,0.19831,13.142857142857142,4,0.55,04/03/2003,04/03/2003,0.45,04/03/2003,04/03/2003
3,2021,17720,2022-02-19 14:30:00,131,120,Wolfsburg,Hoffenheim,HOF,WOL,3,1.0136,2,1.07132,1.07132,-0.43167,14.541666666666666,5,0,1.6967,1,1.50299,1.50299,0.43167,13.61904761904762,5,0.55,03/04/2003,03/05/2002,0.45,03/05/2002,03/04/2003
3,2021,17714,2022-02-19 17:30:00,134,132,Koln,Eintracht Frankfurt,EIN,COL,0,0.7206,0,0.678832,0.678832,-0.753948,9.030303030303031,4,3,2.0016,1,1.43278,1.43278,0.753948,7.583333333333333,10,0.59,4-2-3-1,3-1-4-2,0.41,3-1-4-2,4-2-3-1
3,2021,17722,2022-02-20 14:30:00,117,267,Bayern Munich,Greuther Furth,GRE,BAY,0,0.2646,1,0.66071,0.66071,-1.86262,14.620689655172416,1,3,2.6076,4,2.52333,2.52333,1.86262,4.85,22,0.78,4-2-3-1,04/04/2002,0.22,04/04/2002,4-2-3-1
3,2021,17721,2022-02-20 16:30:00,129,130,Borussia Dortmund,Borussia Monchengladbach,BMG,DOR,0,0.0712,0,0.769068,0.769068,-2.069052,11.615384615384617,8,3,2.8882,6,3.59589,2.83812,2.069052,8.771428571428572,5,0.5,03/04/2003,03/04/2003,0.5,03/04/2003,03/04/2003
3,2021,17716,2022-02-20 18:30:00,122,136,Hertha Berlin,RB Leipzig,RBL,HER,3,2.7381,6,3.42076,2.66298,1.5713800000000002,15.733333333333333,19,0,0.177,1,1.0916,1.0916,-1.5713800000000002,42.22222222222222,4,0.36,04/03/2003,3-1-4-2,0.64,3-1-4-2,04/03/2003
3,2021,17726,2022-02-25 19:30:00,120,133,Hoffenheim,Stuttgart,STU,HOF,0,0.7735000000000001,1,1.83937,1.83937,-0.81409,9.208333333333334,4,3,1.9800999999999995,2,2.65346,2.65346,0.81409,7.884615384615385,6,0.56,03/04/2003,04/05/2001,0.44,04/05/2001,03/04/2003
3,2021,17723,2022-02-26 14:30:00,267,134,Greuther Furth,Koln,COL,GRE,1,1.2235,1,0.569519,0.569519,-0.0710399999999999,5.904761904761905,7,1,1.3528,1,0.640559,0.640559,0.0710399999999999,9.8,0,0.4,04/04/2002,4-2-3-1,0.61,4-2-3-1,04/04/2002
3,2021,17727,2022-02-26 14:30:00,135,122,Freiburg,Hertha Berlin,HER,FRE,0,0.2864,0,1.54627,1.54627,-1.3630699999999998,20.133333333333333,10,3,2.6056999999999997,3,3.66711,2.90934,1.3630699999999998,6.0285714285714285,6,0.59,4-2-3-1,04/03/2003,0.41,04/03/2003,4-2-3-1
3,2021,17728,2022-02-26 14:30:00,130,131,Borussia Monchengladbach,Wolfsburg,WOL,BMG,1,0.432,2,1.26995,1.26995,-1.49265,20.0,1,1,2.3994000000000004,2,2.7626,2.7626,1.49265,6.7727272727272725,11,0.67,03/04/2003,03/04/2003,0.33,03/04/2003,03/04/2003
3,2021,17729,2022-02-26 14:30:00,240,125,Union Berlin,Mainz,MAI,UNI,0,1.1566,1,0.75947,0.75947,-0.1245279999999999,13.25,6,3,1.492,3,0.883998,0.883998,0.1245279999999999,13.421052631578949,3,0.48,3-1-4-2,03/04/2003,0.52,03/04/2003,3-1-4-2
3,2021,17730,2022-02-26 14:30:00,119,262,Bayer Leverkusen,Arminia Bielefeld,ARM,LEV,0,0.0767,0,0.307307,0.307307,-2.745163,29.4375,5,3,2.8739,3,3.05247,3.05247,2.745163,6.142857142857143,25,0.72,4-2-3-1,4-2-3-1,0.28,4-2-3-1,4-2-3-1
3,2021,17731,2022-02-26 17:30:00,132,117,Eintracht Frankfurt,Bayern Munich,BAY,EIN,3,2.3080999999999996,1,2.60814,2.60814,1.41894,8.352941176470589,14,0,0.5165,0,1.1892,1.1892,-1.41894,18.954545454545453,5,0.32,03/04/2003,03/04/2003,0.68,03/04/2003,03/04/2003
3,2021,17724,2022-02-27 14:30:00,268,136,Bochum,RB Leipzig,RBL,BOC,3,0.9405,1,0.61309,0.61309,-0.3856809999999999,10.523809523809524,4,0,1.7118000000000002,0,0.998771,0.998771,0.3856809999999999,9.347826086956522,3,0.51,04/03/2003,3-4-1-2,0.49,3-4-1-2,04/03/2003
3,2021,17725,2022-02-27 16:30:00,121,129,Augsburg,Borussia Dortmund,DOR,AUG,1,1.0551,1,0.640799,0.640799,-0.21523,10.823529411764708,2,1,1.5837,1,0.856029,0.856029,0.21523,10.45,9,0.35,3-4-1-2,03/05/2002,0.65,03/05/2002,3-4-1-2
3,2021,17734,2022-03-04 19:30:00,262,121,Arminia Bielefeld,Augsburg,AUG,ARM,3,1.3949,1,0.308406,0.308406,0.164656,11.8125,3,0,0.95,0,0.14375,0.14375,-0.164656,7.208333333333333,6,0.5,4-2-3-1,03/04/2003,0.5,03/04/2003,4-2-3-1
3,2021,17732,2022-03-05 14:30:00,268,267,Bochum,Greuther Furth,GRE,BOC,0,0.4377,1,0.579266,0.579266,-1.077334,5.206896551724138,4,3,2.3463000000000003,2,1.6566,1.6566,1.077334,6.53125,2,0.46,04/03/2003,04/04/2002,0.54,04/04/2002,04/03/2003
3,2021,17735,2022-03-05 14:30:00,122,132,Hertha Berlin,Eintracht Frankfurt,EIN,HER,3,2.1483,4,1.37042,1.37042,0.887177,11.0,6,0,0.5901000000000001,1,0.483243,0.483243,-0.887177,10.8,5,0.47,04/03/2003,03/04/2003,0.53,03/04/2003,04/03/2003
3,2021,17738,2022-03-05 14:30:00,131,240,Wolfsburg,Union Berlin,UNI,WOL,0,2.3586,0,1.55639,1.55639,1.144693,9.8,8,3,0.4278,1,0.411697,0.411697,-1.144693,11.823529411764708,2,0.46,04/04/2002,03/05/2002,0.54,03/05/2002,04/04/2002
3,2021,17739,2022-03-05 14:30:00,136,135,RB Leipzig,Freiburg,FRE,RBL,1,1.052,1,0.484924,0.484924,-0.2687269999999999,35.5,1,1,1.5344,1,0.753651,0.753651,0.2687269999999999,7.041666666666667,14,0.72,3-4-1-2,03/05/2002,0.28,03/05/2002,3-4-1-2
3,2021,17740,2022-03-05 14:30:00,117,119,Bayern Munich,Bayer Leverkusen,LEV,BAY,1,1.8124,1,2.26407,2.26407,0.5981699999999999,15.16,7,1,0.9727,1,1.6659,1.6659,-0.5981699999999999,6.923076923076923,14,0.69,4-2-3-1,03/04/2003,0.31,03/04/2003,4-2-3-1
3,2021,17737,2022-03-05 17:30:00,133,130,Stuttgart,Borussia Monchengladbach,BMG,STU,0,0.6149,2,1.20797,1.20797,-1.1595399999999998,20.58823529411765,4,3,2.1818,3,2.36751,2.36751,1.1595399999999998,16.1875,8,0.57,04/03/2003,4-2-3-1,0.43,4-2-3-1,04/03/2003
3,2021,17733,2022-03-06 16:30:00,134,120,Koln,Hoffenheim,HOF,COL,3,2.4850000000000003,1,2.87337,2.87337,1.65321,16.6,5,0,0.3727,0,1.22016,1.22016,-1.65321,12.166666666666666,8,0.55,4-2-3-1,03/05/2002,0.45,03/05/2002,4-2-3-1
3,2021,17743,2022-03-12 14:30:00,120,117,Hoffenheim,Bayern Munich,BAY,HOF,1,2.5477,1,3.98532,3.98532,1.9586400000000004,7.5,7,1,0.3328,1,2.02668,2.02668,-1.9586400000000004,21.38888888888889,13,0.38,05/04/2001,3-2-4-1,0.62,3-2-4-1,05/04/2001
3,2021,17744,2022-03-12 14:30:00,135,131,Freiburg,Wolfsburg,WOL,FRE,0,0.8573,2,0.908576,0.908576,-0.6337139999999999,10.571428571428571,10,3,1.8778999999999997,3,1.54229,1.54229,0.6337139999999999,11.916666666666666,12,0.42,03/04/2003,03/04/2003,0.58,03/04/2003,03/04/2003
3,2021,17746,2022-03-12 14:30:00,240,133,Union Berlin,Stuttgart,STU,UNI,1,1.2254,1,1.73181,1.73181,0.59022,8.73913043478261,2,1,1.4981,1,1.89937,1.14159,-0.59022,10.419354838709678,4,0.44,03/05/2002,04/03/2003,0.56,04/03/2003,03/05/2002
3,2021,17745,2022-03-12 17:30:00,130,122,Borussia Monchengladbach,Hertha Berlin,HER,BMG,0,0.3530999999999999,0,0.443109,0.443109,-0.554986,9.419354838709678,4,3,2.4720000000000004,2,1.75587,0.998095,0.554986,9.571428571428571,6,0.54,03/04/2003,3-1-4-2,0.47,3-1-4-2,03/04/2003
3,2021,17747,2022-03-13 14:30:00,119,134,Bayer Leverkusen,Koln,COL,LEV,3,0.2657,1,0.59749,0.59749,-1.80369,6.823529411764706,8,0,2.6042,0,2.40118,2.40118,1.80369,8.782608695652174,11,0.54,4-2-3-1,4-1-3-2,0.46,4-1-3-2,4-2-3-1
3,2021,17748,2022-03-13 16:30:00,132,268,Eintracht Frankfurt,Bochum,BOC,EIN,0,1.0442,1,1.20928,1.20928,-0.34348,7.533333333333333,4,3,1.6486999999999998,2,1.55276,1.55276,0.34348,9.476190476190476,6,0.53,03/04/2003,4-1-4-1,0.47,4-1-4-1,03/04/2003
3,2021,17749,2022-03-13 16:30:00,129,262,Borussia Dortmund,Arminia Bielefeld,ARM,DOR,0,0.4504,0,0.691049,0.691049,-1.378631,17.61111111111111,13,3,2.3632,1,2.06968,2.06968,1.378631,17.0,11,0.59,4-2-3-1,4-2-3-1,0.41,4-2-3-1,4-2-3-1
3,2021,17741,2022-03-13 18:30:00,267,136,Greuther Furth,RB Leipzig,RBL,GRE,3,2.6191,6,2.14171,2.14171,1.7639169999999995,16.727272727272727,11,0,0.2512,1,0.377793,0.377793,-1.7639169999999995,29.615384615384617,1,0.47,04/04/2002,3-4-1-2,0.53,3-4-1-2,04/04/2002
3,2021,17736,2022-03-16 17:30:00,125,129,Mainz,Borussia Dortmund,DOR,MAI,3,1.9001,1,1.39041,1.39041,0.6080039999999999,7.952380952380952,6,0,0.8219,0,0.782406,0.782406,-0.6080039999999999,9.071428571428571,5,0.41,03/04/2003,4-2-3-1,0.59,4-2-3-1,03/04/2003
3,2021,17751,2022-03-18 17:30:00,268,130,Bochum,Borussia Monchengladbach,BMG,BOC,3,0.5760000000000001,2,0.616407,0.616407,-1.039923,12.6,6,0,2.2017,0,1.65633,1.65633,1.039923,3.8823529411764706,1,0.51,04/03/2003,03/04/2003,0.49,03/04/2003,04/03/2003
3,2021,17750,2022-03-19 14:30:00,267,135,Greuther Furth,Freiburg,FRE,GRE,1,1.5882999999999998,0,1.05712,1.05712,0.275781,10.588235294117649,8,1,1.0738,0,0.781339,0.781339,-0.275781,10.451612903225806,3,0.39,3-4-1-2,04/04/2002,0.62,04/04/2002,3-4-1-2
3,2021,17753,2022-03-19 14:30:00,122,120,Hertha Berlin,Hoffenheim,HOF,HER,0,0.4589999999999999,0,0.576415,0.576415,-1.187065,4.4,4,3,2.3373000000000004,3,1.76348,1.76348,1.187065,23.133333333333333,2,0.3,4-1-4-1,03/05/2002,0.71,03/05/2002,4-1-4-1
3,2021,17754,2022-03-19 14:30:00,125,262,Mainz,Arminia Bielefeld,ARM,MAI,0,0.0071,0,0.236164,0.236164,-1.816876,9.166666666666666,2,3,2.9873,4,4.32637,2.05304,1.816876,6.962962962962963,11,0.57,03/04/2003,4-2-3-1,0.44,4-2-3-1,03/04/2003
3,2021,17755,2022-03-19 14:30:00,133,121,Stuttgart,Augsburg,AUG,STU,0,0.4700999999999999,2,0.770891,0.770891,-1.4122290000000002,14.523809523809524,2,3,2.3463000000000003,3,2.18312,2.18312,1.4122290000000002,7.545454545454546,13,0.63,04/03/2003,03/04/2003,0.37,03/04/2003,04/03/2003
3,2021,17758,2022-03-19 17:30:00,117,240,Bayern Munich,Union Berlin,UNI,BAY,0,0.4539,0,1.38973,1.38973,-0.6727700000000001,26.73684210526316,2,3,2.3844000000000003,4,2.82028,2.0625,0.6727700000000001,6.266666666666667,8,0.71,4-1-4-1,03/05/2002,0.29,03/05/2002,4-1-4-1
3,2021,17757,2022-03-20 14:30:00,136,132,RB Leipzig,Eintracht Frankfurt,EIN,RBL,1,0.5667,0,0.258751,0.258751,-0.801139,9.297297297297296,2,1,2.1018,0,1.05989,1.05989,0.801139,14.304347826086955,17,0.55,3-4-1-2,03/04/2003,0.45,03/04/2003,3-4-1-2
3,2021,17756,2022-03-20 16:30:00,131,119,Wolfsburg,Bayer Leverkusen,LEV,WOL,3,1.4523,2,1.43941,1.43941,0.1214399999999999,16.785714285714285,6,0,1.2789,0,1.31797,1.31797,-0.1214399999999999,12.61111111111111,9,0.5,03/04/2003,3-4-1-2,0.5,3-4-1-2,03/04/2003
3,2021,17752,2022-03-20 18:30:00,134,129,Koln,Borussia Dortmund,DOR,COL,1,1.0718,1,1.0401,1.0401,-0.2248999999999998,11.16,4,1,1.5758,1,1.265,1.265,0.2248999999999998,6.088235294117647,4,0.55,4-1-3-2,4-1-4-1,0.45,4-1-4-1,4-1-3-2
3,2021,17764,2022-04-01 18:30:00,240,134,Union Berlin,Koln,COL,UNI,0,0.5132000000000001,0,0.220646,0.220646,-0.851854,6.238095238095238,1,3,2.1719,1,1.0725,1.0725,0.851854,10.371428571428572,4,0.36,03/05/2002,4-2-3-1,0.64,4-2-3-1,03/05/2002
3,2021,17759,2022-04-02 13:30:00,262,133,Arminia Bielefeld,Stuttgart,STU,ARM,1,2.5968,1,2.73417,1.97639,0.96607,10.88,8,1,0.2766,1,1.01032,1.01032,-0.96607,18.416666666666668,7,0.54,4-2-3-1,04/03/2003,0.46,04/03/2003,4-2-3-1
3,2021,17761,2022-04-02 13:30:00,120,268,Hoffenheim,Bochum,BOC,HOF,3,1.2062000000000002,2,1.70208,1.70208,-0.2666199999999998,20.785714285714285,4,0,1.5506000000000002,1,1.9687,1.9687,0.2666199999999998,11.15,15,0.59,3-4-1-2,04/03/2003,0.41,04/03/2003,3-4-1-2
3,2021,17762,2022-04-02 13:30:00,135,117,Freiburg,Bayern Munich,BAY,FRE,3,2.7549,4,3.15613,3.15613,2.401867,11.444444444444445,14,0,0.1662,1,0.754263,0.754263,-2.401867,18.894736842105264,8,0.39,03/04/2003,4-2-3-1,0.62,4-2-3-1,03/04/2003
3,2021,17765,2022-04-02 13:30:00,119,122,Bayer Leverkusen,Hertha Berlin,HER,LEV,0,0.7121,1,0.872251,0.872251,-0.915159,20.833333333333332,3,3,2.0342,2,1.78741,1.78741,0.915159,6.380952380952381,8,0.69,4-2-3-1,4-1-4-1,0.31,4-1-4-1,4-2-3-1
3,2021,17766,2022-04-02 13:30:00,132,267,Eintracht Frankfurt,Greuther Furth,GRE,EIN,1,0.6214,0,0.466385,0.466385,-0.852895,29.0,6,1,2.1012999999999997,0,1.31928,1.31928,0.852895,7.12,8,0.68,03/05/2002,3-4-1-2,0.32,3-4-1-2,03/05/2002
3,2021,17767,2022-04-02 16:30:00,129,136,Borussia Dortmund,RB Leipzig,RBL,DOR,3,1.5747,4,1.23272,1.23272,0.262753,23.941176470588236,9,0,1.1208,1,0.969967,0.969967,-0.262753,8.074074074074074,12,0.64,03/04/2003,03/05/2002,0.36,03/05/2002,03/04/2003
3,2021,17760,2022-04-03 13:30:00,121,131,Augsburg,Wolfsburg,WOL,AUG,0,0.4456,0,1.18916,1.18916,-1.33929,7.095238095238095,10,3,2.3884,3,2.52845,2.52845,1.33929,10.448275862068966,8,0.38,03/04/2003,03/04/2003,0.62,03/04/2003,03/04/2003
3,2021,17763,2022-04-03 15:30:00,130,125,Borussia Monchengladbach,Mainz,MAI,BMG,1,1.5232,1,1.78,1.78,0.22807,10.0,6,1,1.2247,1,1.55193,1.55193,-0.22807,12.454545454545457,6,0.52,03/04/2003,03/04/2003,0.48,03/04/2003,03/04/2003
3,2021,17742,2022-04-06 16:30:00,121,125,Augsburg,Mainz,MAI,AUG,0,1.2774,1,1.84563,1.84563,0.67828,5.0,6,3,1.449,2,1.92513,1.16735,-0.67828,11.681818181818182,2,0.38,03/04/2003,03/05/2002,0.62,03/05/2002,03/04/2003
3,2021,17772,2022-04-08 18:30:00,133,129,Stuttgart,Borussia Dortmund,DOR,STU,3,0.9589,2,1.49649,1.49649,-0.5351399999999997,16.176470588235293,15,0,1.7767,0,2.03163,2.03163,0.5351399999999997,14.653846153846152,5,0.42,04/03/2003,4-2-3-1,0.58,4-2-3-1,04/03/2003
3,2021,17768,2022-04-09 13:30:00,267,130,Greuther Furth,Borussia Monchengladbach,BMG,GRE,3,2.8491,2,3.48459,2.72681,2.074975,15.65,10,0,0.0998999999999999,0,0.651835,0.651835,-2.074975,10.482758620689657,5,0.5,03/04/2003,03/04/2003,0.5,03/04/2003,03/04/2003
3,2021,17770,2022-04-09 13:30:00,134,125,Koln,Mainz,MAI,COL,0,0.5718000000000001,2,0.926438,0.926438,-0.979322,6.5588235294117645,4,3,2.211,3,1.90576,1.90576,0.979322,6.782608695652174,3,0.53,4-2-3-1,03/04/2003,0.47,03/04/2003,4-2-3-1
3,2021,17774,2022-04-09 13:30:00,131,262,Wolfsburg,Arminia Bielefeld,ARM,WOL,0,0.2784999999999999,0,0.476945,0.476945,-1.514065,15.0,0,3,2.5645,4,1.99101,1.99101,1.514065,13.043478260869565,11,0.53,03/04/2003,4-2-3-1,0.47,4-2-3-1,03/04/2003
3,2021,17776,2022-04-09 13:30:00,117,121,Bayern Munich,Augsburg,AUG,BAY,0,0.3359999999999999,0,0.277271,0.277271,-0.396403,15.26923076923077,5,3,2.4594000000000005,1,1.43145,0.673674,0.396403,7.8,14,0.68,4-2-3-1,04/04/2002,0.32,04/04/2002,4-2-3-1
3,2021,17771,2022-04-09 16:30:00,122,240,Hertha Berlin,Union Berlin,UNI,HER,3,2.1549,4,1.85412,1.85412,0.99955,14.947368421052632,2,0,0.6264,1,0.85457,0.85457,-0.99955,16.142857142857142,2,0.53,4-1-4-1,3-1-4-2,0.47,3-1-4-2,4-1-4-1
3,2021,17769,2022-04-10 13:30:00,268,119,Bochum,Bayer Leverkusen,LEV,BOC,1,1.5289,0,1.21928,0.461501,-0.590309,13.533333333333331,7,1,1.1467,0,1.05181,1.05181,0.590309,15.947368421052632,3,0.41,4-2-3-1,4-2-3-1,0.59,4-2-3-1,4-2-3-1
3,2021,17773,2022-04-10 15:30:00,132,135,Eintracht Frankfurt,Freiburg,FRE,EIN,3,1.6513,2,1.46109,1.46109,0.3619399999999999,11.68421052631579,10,0,1.0633,1,1.09915,1.09915,-0.3619399999999999,8.478260869565217,3,0.53,03/04/2003,4-4-1-1,0.47,4-4-1-1,03/04/2003
3,2021,17775,2022-04-10 17:30:00,136,120,RB Leipzig,Hoffenheim,HOF,RBL,0,0.239,0,0.171037,0.171037,-1.440373,8.675675675675675,4,3,2.6006,3,1.61141,1.61141,1.440373,19.133333333333333,8,0.51,03/04/2003,3-4-1-2,0.49,3-4-1-2,03/04/2003
3,2021,17778,2022-04-16 13:30:00,121,122,Augsburg,Hertha Berlin,HER,AUG,3,2.085,1,1.6343,1.6343,0.8568060000000001,10.75,2,0,0.666,0,0.777494,0.777494,-0.8568060000000001,4.428571428571429,5,0.59,04/04/2002,04/04/2002,0.41,04/04/2002,04/04/2002
3,2021,17779,2022-04-16 13:30:00,125,133,Mainz,Stuttgart,STU,MAI,1,1.2234,0,0.633775,0.633775,-0.089249,7.857142857142857,6,1,1.3779,0,0.723024,0.723024,0.089249,5.861111111111111,1,0.47,05/03/2002,04/03/2003,0.53,04/03/2003,05/03/2002
3,2021,17781,2022-04-16 13:30:00,135,268,Freiburg,Bochum,BOC,FRE,0,0.1944,0,0.427462,0.427462,-2.029898,16.157894736842106,2,3,2.7015,3,2.45736,2.45736,2.029898,7.5,15,0.62,4-2-3-1,04/03/2003,0.38,04/03/2003,4-2-3-1
3,2021,17785,2022-04-16 13:30:00,129,131,Borussia Dortmund,Wolfsburg,WOL,DOR,0,0.5654,1,1.96018,1.96018,-1.3549299999999995,26.928571428571427,5,3,2.2613000000000003,6,3.31511,3.31511,1.3549299999999995,9.0,10,0.6,03/04/2003,03/04/2003,0.4,03/04/2003,03/04/2003
3,2021,17782,2022-04-16 16:30:00,130,134,Borussia Monchengladbach,Koln,COL,BMG,3,2.5078,3,3.01287,3.01287,1.81484,7.6923076923076925,4,0,0.3607,1,1.19803,1.19803,-1.81484,7.074074074074074,7,0.58,03/04/2003,4-2-3-1,0.42,4-2-3-1,03/04/2003
3,2021,17777,2022-04-17 13:30:00,262,117,Arminia Bielefeld,Bayern Munich,BAY,ARM,3,2.8954,3,3.49911,3.49911,3.035975,3.8260869565217392,23,0,0.0667,0,0.463135,0.463135,-3.035975,22.58823529411765,1,0.24,4-2-3-1,03/04/2003,0.76,03/04/2003,4-2-3-1
3,2021,17780,2022-04-17 15:30:00,120,267,Hoffenheim,Greuther Furth,GRE,HOF,1,0.6886000000000001,0,0.284206,0.284206,-0.6893959999999999,12.478260869565217,0,1,1.9462,0,0.973602,0.973602,0.6893959999999999,6.533333333333333,7,0.58,3-1-4-2,3-1-4-2,0.42,3-1-4-2,3-1-4-2
3,2021,17783,2022-04-17 15:30:00,240,132,Union Berlin,Eintracht Frankfurt,EIN,UNI,0,0.6656,0,0.513925,0.513925,-0.8056750000000001,10.95,4,3,2.0588,2,1.3196,1.3196,0.8056750000000001,11.172413793103448,10,0.44,03/05/2002,03/04/2003,0.56,03/04/2003,03/05/2002
3,2021,17784,2022-04-17 17:30:00,119,136,Bayer Leverkusen,RB Leipzig,RBL,LEV,3,1.0918,1,0.507455,0.507455,-0.221269,22.5,4,0,1.5025,0,0.728724,0.728724,0.221269,19.904761904761905,4,0.46,05/03/2002,03/05/2002,0.54,03/05/2002,05/03/2002
3,2021,17792,2022-04-22 18:30:00,131,125,Wolfsburg,Mainz,MAI,WOL,0,0.0432,0,0.613976,0.613976,-2.280844,46.0,2,3,2.9292,5,3.6526,2.89482,2.280844,9.545454545454543,10,0.6,04/03/2003,03/05/2002,0.4,03/05/2002,04/03/2003
3,2021,17786,2022-04-23 13:30:00,267,119,Greuther Furth,Bayer Leverkusen,LEV,GRE,3,2.125,4,2.11362,2.11362,0.93045,15.38888888888889,3,0,0.6559,1,1.18317,1.18317,-0.93045,15.68421052631579,5,0.52,3-4-1-2,4-2-2-2,0.48,4-2-2-2,3-4-1-2
3,2021,17788,2022-04-23 13:30:00,134,262,Koln,Arminia Bielefeld,ARM,COL,0,0.5415,1,0.740533,0.740533,-1.1745169999999998,6.357142857142857,4,3,2.2529999999999997,3,1.91505,1.91505,1.1745169999999998,8.0,11,0.55,4-2-3-1,04/04/2002,0.45,04/04/2002,4-2-3-1
3,2021,17790,2022-04-23 13:30:00,135,130,Freiburg,Borussia Monchengladbach,BMG,FRE,1,0.6359999999999999,3,1.52115,0.763372,-0.977928,27.727272727272727,5,1,2.1321,3,2.49907,1.7413,0.977928,8.75,5,0.62,4-4-1-1,05/03/2002,0.38,05/03/2002,4-4-1-1
3,2021,17791,2022-04-23 13:30:00,132,120,Eintracht Frankfurt,Hoffenheim,HOF,EIN,1,1.0934,2,0.757228,0.757228,-0.3081819999999999,17.235294117647058,9,1,1.5878,2,1.06541,1.06541,0.3081819999999999,10.666666666666666,5,0.49,03/04/2003,03/04/2003,0.51,03/04/2003,03/04/2003
3,2021,17793,2022-04-23 13:30:00,136,240,RB Leipzig,Union Berlin,UNI,RBL,3,2.421,2,1.93634,1.93634,1.3626839999999998,18.6875,7,0,0.3966,1,0.573656,0.573656,-1.3626839999999998,11.904761904761903,8,0.55,3-1-4-2,03/05/2002,0.45,03/05/2002,3-1-4-2
3,2021,17794,2022-04-23 16:30:00,117,129,Bayern Munich,Borussia Dortmund,DOR,BAY,0,0.6789000000000001,1,1.17213,0.414353,-1.608847,19.31578947368421,8,3,2.0696999999999997,3,2.0232,2.0232,1.608847,8.666666666666666,11,0.58,4-2-3-1,4-2-3-1,0.42,4-2-3-1,4-2-3-1
3,2021,17787,2022-04-24 13:30:00,268,121,Bochum,Augsburg,AUG,BOC,3,1.9911,2,1.99486,1.23708,0.05047,9.48,6,0,0.7752,0,1.18661,1.18661,-0.05047,7.181818181818182,3,0.59,04/03/2003,03/04/2003,0.41,03/04/2003,04/03/2003
3,2021,17789,2022-04-24 15:30:00,122,133,Hertha Berlin,Stuttgart,STU,HER,0,0.8161,0,0.451742,0.451742,-0.495662,13.538461538461538,6,3,1.8274,2,0.947404,0.947404,0.495662,12.76,4,0.42,4-2-3-1,04/03/2003,0.58,04/03/2003,4-2-3-1
3,2021,17801,2022-04-29 18:30:00,240,267,Union Berlin,Greuther Furth,GRE,UNI,1,0.6409,1,0.237425,0.237425,-0.620373,21.363636363636363,0,1,1.9876,1,0.857798,0.857798,0.620373,6.54054054054054,3,0.54,03/05/2002,3-4-1-2,0.46,3-4-1-2,03/05/2002
3,2021,17795,2022-04-30 13:30:00,262,122,Arminia Bielefeld,Hertha Berlin,HER,ARM,1,2.4547,1,1.66247,1.66247,1.259366,15.238095238095235,7,1,0.3559,1,0.403104,0.403104,-1.259366,6.387096774193548,6,0.55,4-2-3-1,4-2-3-1,0.45,4-2-3-1,4-2-3-1
3,2021,17796,2022-04-30 13:30:00,121,134,Augsburg,Koln,COL,AUG,3,2.2144999999999997,4,3.04059,2.28289,0.54664,4.888888888888889,13,0,0.6065,1,1.73625,1.73625,-0.54664,8.703703703703704,6,0.47,03/04/2003,4-1-3-2,0.53,4-1-3-2,03/04/2003
3,2021,17797,2022-04-30 13:30:00,125,117,Mainz,Bayern Munich,BAY,MAI,0,0.3185,1,1.23601,1.23601,-1.93626,4.285714285714286,7,3,2.552,3,3.17227,3.17227,1.93626,11.5,9,0.31,03/05/2002,4-2-3-1,0.69,4-2-3-1,03/05/2002
3,2021,17799,2022-04-30 13:30:00,133,131,Stuttgart,Wolfsburg,WOL,STU,1,1.6657000000000002,1,1.16064,1.16064,0.3339019999999999,11.461538461538462,0,1,1.0306,1,0.826738,0.826738,-0.3339019999999999,13.3125,9,0.57,03/04/2003,04/03/2003,0.43,04/03/2003,03/04/2003
3,2021,17803,2022-04-30 13:30:00,129,268,Borussia Dortmund,Bochum,BOC,DOR,3,0.5189999999999999,4,1.90488,1.14711,-0.67981,13.88888888888889,4,0,2.3121,3,3.34247,1.82692,0.67981,6.0,17,0.69,4-2-3-1,04/03/2003,0.31,04/03/2003,4-2-3-1
3,2021,17798,2022-04-30 16:30:00,120,135,Hoffenheim,Freiburg,FRE,HOF,3,1.448,4,2.694,2.694,0.09375,16.375,6,0,1.3076,3,2.60025,2.60025,-0.09375,9.842105263157896,12,0.58,04/03/2003,03/04/2003,0.42,03/04/2003,04/03/2003
3,2021,17800,2022-05-02 18:30:00,130,136,Borussia Monchengladbach,RB Leipzig,RBL,BMG,0,1.0879,1,1.22604,1.22604,-0.3442499999999999,9.86842105263158,11,3,1.6324,3,1.57029,1.57029,0.3442499999999999,16.105263157894736,5,0.49,05/03/2002,03/04/2003,0.51,03/04/2003,05/03/2002
3,2021,17802,2022-05-02 18:30:00,119,132,Bayer Leverkusen,Eintracht Frankfurt,EIN,LEV,0,0.1934,0,0.349041,0.349041,-1.826399,15.392857142857142,3,3,2.6969000000000003,2,2.17544,2.17544,1.826399,21.466666666666665,7,0.55,4-2-3-1,03/04/2003,0.45,03/04/2003,4-2-3-1
3,2021,17805,2022-05-06 18:30:00,268,262,Bochum,Arminia Bielefeld,ARM,BOC,0,0.3049,1,0.845303,0.845303,-1.843637,33.0,6,3,2.5693,2,2.68894,2.68894,1.843637,9.473684210526317,10,0.62,04/03/2003,04/04/2002,0.38,04/04/2002,04/03/2003
3,2021,17804,2022-05-07 13:30:00,267,129,Greuther Furth,Borussia Dortmund,DOR,GRE,3,1.1987,3,1.12743,1.12743,-0.09904,15.470588235294118,5,0,1.4774,1,1.22647,1.22647,0.09904,15.708333333333334,3,0.42,3-1-4-2,03/04/2003,0.58,03/04/2003,3-1-4-2
3,2021,17806,2022-05-07 13:30:00,134,131,Koln,Wolfsburg,WOL,COL,3,1.563,1,1.14328,1.14328,0.167791,16.666666666666668,3,0,1.1343,0,0.975489,0.975489,-0.167791,9.2,16,0.6,04/04/2002,04/04/2002,0.4,04/04/2002,04/04/2002
3,2021,17808,2022-05-07 13:30:00,120,119,Hoffenheim,Bayer Leverkusen,LEV,HOF,3,2.5581,4,3.9336,3.9336,1.84154,10.7,15,0,0.3114,2,2.09206,2.09206,-1.84154,9.724137931034482,7,0.46,04/03/2003,4-2-3-1,0.54,4-2-3-1,04/03/2003
3,2021,17809,2022-05-07 13:30:00,135,240,Freiburg,Union Berlin,UNI,FRE,3,1.9471,4,2.40109,2.40109,0.7525,19.125,2,0,0.8167,1,1.64859,1.64859,-0.7525,7.416666666666667,8,0.71,4-4-1-1,03/05/2002,0.29,03/05/2002,4-4-1-1
3,2021,17807,2022-05-07 16:30:00,122,125,Hertha Berlin,Mainz,MAI,HER,3,0.9212,2,0.756414,0.756414,0.402883,7.894736842105263,12,0,1.7564,1,1.11131,0.353531,-0.402883,12.266666666666667,4,0.35,4-2-3-1,03/05/2002,0.65,03/05/2002,4-2-3-1
3,2021,17810,2022-05-08 13:30:00,132,130,Eintracht Frankfurt,Borussia Monchengladbach,BMG,EIN,1,2.3091,1,2.02639,2.02639,1.2181640000000002,18.105263157894736,7,1,0.5007,1,0.808226,0.808226,-1.2181640000000002,21.157894736842103,3,0.47,03/05/2002,03/04/2003,0.53,03/04/2003,03/05/2002
3,2021,17812,2022-05-08 15:30:00,117,133,Bayern Munich,Stuttgart,STU,BAY,1,0.8426,2,1.95837,1.95837,-0.8162799999999999,27.176470588235293,1,1,1.9457,2,2.77465,2.77465,0.8162799999999999,5.333333333333333,17,0.75,4-2-3-1,03/04/2003,0.25,03/04/2003,4-2-3-1
3,2021,17811,2022-05-08 17:30:00,136,121,RB Leipzig,Augsburg,AUG,RBL,0,0.0215999999999999,0,0.173579,0.173579,-2.506541,23.55,2,3,2.961,4,3.4379,2.68012,2.506541,15.588235294117649,11,0.65,03/04/2003,03/04/2003,0.35,03/04/2003,03/04/2003
3,2021,17813,2022-05-14 13:30:00,262,136,Arminia Bielefeld,RB Leipzig,RBL,ARM,1,2.5238,1,3.45794,3.45794,1.7882199999999997,19.4,14,1,0.3383,1,1.66972,1.66972,-1.7882199999999997,22.235294117647054,4,0.42,04/03/2003,03/04/2003,0.58,03/04/2003,04/03/2003
3,2021,17814,2022-05-14 13:30:00,121,267,Augsburg,Greuther Furth,GRE,AUG,0,0.4810999999999999,1,0.337532,0.337532,-0.076716,6.515151515151516,2,3,2.2541,2,1.17202,0.414248,0.076716,6.212121212121212,4,0.5,03/04/2003,03/05/2002,0.51,03/05/2002,03/04/2003
3,2021,17815,2022-05-14 13:30:00,125,132,Mainz,Eintracht Frankfurt,EIN,MAI,1,2.1095,2,1.70213,1.70213,0.851748,10.958333333333334,4,1,0.6520999999999999,2,0.850382,0.850382,-0.851748,10.807692307692308,5,0.49,03/04/2003,03/04/2003,0.51,03/04/2003,03/04/2003
3,2021,17816,2022-05-14 13:30:00,133,134,Stuttgart,Koln,COL,STU,0,0.1214,1,1.11893,1.11893,-1.96006,8.571428571428571,6,3,2.8193,2,3.83676,3.07899,1.96006,10.607142857142858,7,0.35,04/03/2003,4-2-3-1,0.65,4-2-3-1,04/03/2003
3,2021,17817,2022-05-14 13:30:00,130,120,Borussia Monchengladbach,Hoffenheim,HOF,BMG,0,0.3825,1,1.92751,1.92751,-1.1430299999999998,18.545454545454547,6,3,2.4897,5,3.82831,3.07054,1.1430299999999998,28.272727272727273,8,0.55,4-2-3-1,3-1-4-2,0.45,3-1-4-2,4-2-3-1
3,2021,17818,2022-05-14 13:30:00,240,268,Union Berlin,Bochum,BOC,UNI,0,0.0514,2,0.391265,0.391265,-2.2256349999999996,7.392857142857143,4,3,2.9158,3,3.37468,2.6169,2.2256349999999996,18.72222222222222,10,0.43,03/05/2002,3-4-1-2,0.57,3-4-1-2,03/05/2002
3,2021,17819,2022-05-14 13:30:00,119,135,Bayer Leverkusen,Freiburg,FRE,LEV,0,0.8598000000000001,1,1.1463,1.1463,-0.6751199999999999,11.423076923076923,9,3,1.8864,2,1.82142,1.82142,0.6751199999999999,14.571428571428571,4,0.52,04/04/2002,4-4-1-1,0.48,4-4-1-1,04/04/2002
3,2021,17820,2022-05-14 13:30:00,131,117,Wolfsburg,Bayern Munich,BAY,WOL,1,2.0163,2,2.07091,2.07091,0.92979,6.40625,20,1,0.75,2,1.14112,1.14112,-0.92979,21.842105263157897,4,0.34,04/04/2002,3-2-4-1,0.67,3-2-4-1,04/04/2002
3,2021,17821,2022-05-14 13:30:00,129,122,Borussia Dortmund,Hertha Berlin,HER,DOR,0,0.8341,1,0.876533,0.118756,-0.450361,26.9375,1,3,1.7635,2,1.32689,0.569117,0.450361,4.857142857142857,5,0.74,03/04/2003,4-2-3-1,0.26,4-2-3-1,03/04/2003
3,2022,19342,2022-08-05 18:30:00,132,117,Eintracht Frankfurt,Bayern Munich,BAY,EIN,3,2.9499,6,4.56023,4.56023,3.804054,8.173913043478262,12,0,0.0317999999999999,1,0.756176,0.756176,-3.804054,31.846153846153847,3,0.37,03/04/2003,04/04/2002,0.63,04/04/2002,03/04/2003
3,2022,19343,2022-08-06 13:30:00,240,122,Union Berlin,Hertha Berlin,HER,UNI,0,0.6065,1,0.350984,0.350984,-0.8316460000000001,15.833333333333334,1,3,2.0966,3,1.18263,1.18263,0.8316460000000001,5.9743589743589745,10,0.48,03/05/2002,04/03/2003,0.52,04/03/2003,03/05/2002
3,2022,19344,2022-08-06 13:30:00,130,120,Borussia Monchengladbach,Hoffenheim,HOF,BMG,0,0.1436,1,0.119138,0.119138,-1.955422,18.8,3,3,2.7473,3,2.07456,2.07456,1.955422,9.961538461538462,21,0.62,4-2-3-1,03/05/2002,0.38,03/05/2002,4-2-3-1
3,2022,19345,2022-08-06 13:30:00,131,123,Wolfsburg,Werder Bremen,WER,WOL,1,1.4513,2,1.04228,1.04228,0.087371,8.970588235294118,9,1,1.2065,2,0.954909,0.954909,-0.087371,4.324324324324325,6,0.61,4-2-3-1,03/05/2002,0.39,03/05/2002,4-2-3-1
3,2022,19346,2022-08-06 13:30:00,268,125,Bochum,Mainz,MAI,BOC,3,1.9924,2,1.59439,1.59439,0.776207,16.61904761904762,3,0,0.7537,1,0.818183,0.818183,-0.776207,6.84,3,0.6,4-2-3-1,05/04/2001,0.4,05/04/2001,4-2-3-1
3,2022,19347,2022-08-06 13:30:00,121,135,Augsburg,Freiburg,FRE,AUG,3,2.1291,4,1.54255,1.54255,0.956645,9.916666666666666,6,0,0.6243000000000001,0,0.585905,0.585905,-0.956645,6.666666666666667,6,0.53,3-1-4-2,4-2-3-1,0.47,4-2-3-1,3-1-4-2
3,2022,19348,2022-08-06 16:30:00,129,119,Borussia Dortmund,Bayer Leverkusen,LEV,DOR,0,0.5178,0,1.23566,1.23566,-1.14783,9.0,2,3,2.2653,1,2.38349,2.38349,1.14783,9.1,8,0.45,04/03/2003,4-2-3-1,0.55,4-2-3-1,04/03/2003
3,2022,19349,2022-08-07 13:30:00,133,136,Stuttgart,RB Leipzig,RBL,STU,1,2.5046,1,2.13153,2.13153,1.5660420000000002,5.392857142857143,14,1,0.3383,1,0.565488,0.565488,-1.5660420000000002,14.0,8,0.32,03/05/2002,3-4-1-2,0.68,3-4-1-2,03/05/2002
3,2022,19350,2022-08-07 15:30:00,134,124,Koln,Schalke,SCH,COL,0,0.0077,1,0.227735,0.227735,-4.194685,21.666666666666668,2,3,2.9867,3,4.42242,4.42242,4.194685,4.333333333333333,11,0.75,4-1-3-2,4-1-4-1,0.25,4-1-4-1,4-1-3-2
3,2022,19351,2022-08-12 18:30:00,135,129,Freiburg,Borussia Dortmund,DOR,FRE,3,1.0731,3,0.781529,0.781529,-0.3015709999999999,8.0,8,0,1.6026,1,1.0831,1.0831,0.3015709999999999,11.392857142857142,5,0.39,4-2-3-1,4-2-3-1,0.61,4-2-3-1,4-2-3-1
3,2022,19352,2022-08-13 13:30:00,119,121,Bayer Leverkusen,Augsburg,AUG,LEV,3,0.2472,2,0.749163,0.749163,-2.035137,10.148148148148149,5,0,2.6298000000000004,1,2.7843,2.7843,2.035137,3.652173913043478,16,0.67,4-2-3-1,03/05/2002,0.33,03/05/2002,4-2-3-1
3,2022,19353,2022-08-13 13:30:00,136,134,RB Leipzig,Koln,COL,RBL,1,1.6262,2,1.51583,1.51583,0.33698,8.419354838709678,8,1,1.0784,2,1.17885,1.17885,-0.33698,13.9375,3,0.52,3-1-4-2,4-2-3-1,0.48,4-2-3-1,3-1-4-2
3,2022,19354,2022-08-13 13:30:00,123,133,Werder Bremen,Stuttgart,STU,WER,1,1.9125,2,1.31637,1.31637,0.612013,17.1,5,1,0.7893000000000001,2,0.704357,0.704357,-0.612013,10.652173913043478,5,0.57,03/05/2002,03/05/2002,0.43,03/05/2002,03/05/2002
3,2022,19355,2022-08-13 13:30:00,120,268,Hoffenheim,Bochum,BOC,HOF,0,0.7245,2,1.47438,1.47438,-0.14395,20.75,8,3,2.0418,3,2.3761,1.61833,0.14395,9.333333333333334,12,0.59,03/05/2002,3-4-1-2,0.41,3-4-1-2,03/05/2002
3,2022,19356,2022-08-13 13:30:00,122,132,Hertha Berlin,Eintracht Frankfurt,EIN,HER,1,0.7484000000000001,1,1.20421,1.20421,-0.8607600000000002,5.6,4,1,2.0246,1,2.06497,2.06497,0.8607600000000002,21.142857142857142,6,0.39,04/03/2003,03/04/2003,0.61,03/04/2003,04/03/2003
3,2022,19357,2022-08-13 16:30:00,124,130,Schalke,Borussia Monchengladbach,BMG,SCH,1,1.1177,2,1.41135,1.41135,0.4758840000000001,16.25,6,1,1.6016,2,1.69324,0.935466,-0.4758840000000001,17.130434782608695,9,0.32,04/04/2002,4-2-3-1,0.68,4-2-3-1,04/04/2002
3,2022,19358,2022-08-14 13:30:00,125,240,Mainz,Union Berlin,UNI,MAI,1,0.9076,0,0.301432,0.301432,-0.347117,12.789473684210526,4,1,1.6414,0,0.648549,0.648549,0.347117,10.952380952380953,7,0.5,03/05/2002,03/05/2002,0.51,03/05/2002,03/05/2002
3,2022,19359,2022-08-14 15:30:00,117,131,Bayern Munich,Wolfsburg,WOL,BAY,0,0.5798,0,0.443318,0.443318,-0.958382,13.37037037037037,4,3,2.1575,2,1.4017,1.4017,0.958382,9.214285714285714,11,0.68,4-2-3-1,04/05/2001,0.32,04/05/2001,4-2-3-1
3,2022,19360,2022-08-19 18:30:00,130,122,Borussia Monchengladbach,Hertha Berlin,HER,BMG,0,0.4556,0,0.967668,0.967668,0.217473,18.68421052631579,4,3,2.3672,1,2.26575,0.750195,-0.217473,9.7,10,0.64,4-2-3-1,04/03/2003,0.36,04/03/2003,4-2-3-1
3,2022,19361,2022-08-20 13:30:00,131,124,Wolfsburg,Schalke,SCH,WOL,1,1.2242,0,1.03296,0.275186,-0.931294,16.095238095238095,1,1,1.4486,0,1.20648,1.20648,0.931294,6.294117647058823,11,0.72,4-2-3-1,04/03/2003,0.28,04/03/2003,4-2-3-1
3,2022,19362,2022-08-20 13:30:00,121,125,Augsburg,Mainz,MAI,AUG,3,2.7003999999999997,2,2.04608,1.28831,0.981942,7.5,7,0,0.1858,1,0.306368,0.306368,-0.981942,10.31578947368421,3,0.51,03/05/2002,03/05/2002,0.49,03/05/2002,03/05/2002
3,2022,19363,2022-08-20 13:30:00,133,135,Stuttgart,Freiburg,FRE,STU,3,1.5004999999999995,1,0.903953,0.903953,0.137297,18.157894736842103,2,0,1.1519,0,0.766656,0.766656,-0.137297,14.266666666666667,14,0.61,03/04/2003,4-2-3-1,0.39,4-2-3-1,03/04/2003
3,2022,19364,2022-08-20 13:30:00,129,123,Borussia Dortmund,Werder Bremen,WER,DOR,3,1.8241,3,1.20064,1.20064,0.575093,10.625,9,0,0.8616999999999999,2,0.625547,0.625547,-0.575093,8.458333333333334,6,0.49,4-2-3-1,03/05/2002,0.51,03/05/2002,4-2-3-1
3,2022,19365,2022-08-20 13:30:00,119,120,Bayer Leverkusen,Hoffenheim,HOF,LEV,3,1.539,3,1.30099,1.30099,0.1995600000000001,11.166666666666666,11,0,1.1664,0,1.10143,1.10143,-0.1995600000000001,6.78125,7,0.56,4-2-3-1,03/05/2002,0.45,03/05/2002,4-2-3-1
3,2022,19366,2022-08-20 16:30:00,240,136,Union Berlin,RB Leipzig,RBL,UNI,0,1.6232,1,0.958767,0.958767,0.316504,5.428571428571429,8,3,1.0358,2,0.642263,0.642263,-0.316504,24.15,3,0.26,03/05/2002,3-1-4-2,0.74,3-1-4-2,03/05/2002
3,2022,19367,2022-08-21 13:30:00,132,134,Eintracht Frankfurt,Koln,COL,EIN,1,0.9017,1,0.236472,0.236472,-0.3036179999999999,8.84,2,1,1.5791,1,0.54009,0.54009,0.3036179999999999,6.714285714285714,11,0.54,4-2-3-1,04/04/2002,0.47,04/04/2002,4-2-3-1
3,2022,19368,2022-08-21 15:30:00,268,117,Bochum,Bayern Munich,BAY,BOC,3,2.9061,7,3.98121,3.22344,2.475816,7.157894736842105,17,0,0.0608999999999999,0,0.747624,0.747624,-2.475816,17.22222222222222,5,0.36,04/04/2002,04/04/2002,0.65,04/04/2002,04/04/2002
3,2022,19369,2022-08-26 18:30:00,135,268,Freiburg,Bochum,BOC,FRE,0,0.059,0,1.13013,1.13013,-2.4334299999999995,7.9,5,3,2.909,1,4.40931,3.56356,2.4334299999999995,8.125,9,0.47,4-2-3-1,4-2-3-1,0.53,4-2-3-1,4-2-3-1
3,2022,19370,2022-08-27 13:30:00,136,131,RB Leipzig,Wolfsburg,WOL,RBL,0,0.0395999999999999,0,0.520425,0.520425,-2.514325,7.214285714285714,5,3,2.9346,2,3.79244,3.03475,2.514325,13.565217391304348,5,0.42,3-4-1-2,4-2-3-1,0.58,4-2-3-1,3-4-1-2
3,2022,19371,2022-08-27 13:30:00,125,119,Mainz,Bayer Leverkusen,LEV,MAI,3,1.2039000000000002,3,1.40426,1.40426,-0.2160599999999999,22.266666666666666,5,0,1.5186000000000002,0,1.62032,1.62032,0.2160599999999999,18.25,7,0.61,03/04/2003,03/05/2002,0.39,03/05/2002,03/04/2003
3,2022,19372,2022-08-27 13:30:00,120,121,Hoffenheim,Augsburg,AUG,HOF,0,0.3311,0,0.458737,0.458737,-1.5436029999999998,10.761904761904765,4,3,2.5049,1,2.00234,2.00234,1.5436029999999998,8.0,5,0.5,03/05/2002,3-4-1-2,0.5,3-4-1-2,03/05/2002
3,2022,19373,2022-08-27 13:30:00,122,129,Hertha Berlin,Borussia Dortmund,DOR,HER,3,2.8303,1,2.97427,2.97427,2.6212250000000004,7.071428571428571,11,0,0.1072,0,0.353045,0.353045,-2.6212250000000004,29.25,3,0.39,04/03/2003,4-2-3-1,0.61,4-2-3-1,04/03/2003
3,2022,19374,2022-08-27 13:30:00,124,240,Schalke,Union Berlin,UNI,SCH,3,0.7490000000000001,6,1.0651,1.0651,-0.0432799999999999,20.8,7,0,2.0177,1,1.86616,1.10838,0.0432799999999999,13.76923076923077,3,0.59,4-2-3-1,03/05/2002,0.41,03/05/2002,4-2-3-1
3,2022,19375,2022-08-27 16:30:00,117,130,Bayern Munich,Borussia Monchengladbach,BMG,BAY,1,0.1051,1,0.548057,0.548057,-2.625723,31.555555555555557,1,1,2.8357,1,3.17378,3.17378,2.625723,6.04,23,0.69,4-2-2-2,4-2-3-1,0.31,4-2-3-1,4-2-2-2
3,2022,19376,2022-08-28 13:30:00,134,133,Koln,Stuttgart,STU,COL,1,2.5687,0,1.96538,1.96538,1.579429,18.642857142857142,3,1,0.2794,0,0.385951,0.385951,-1.579429,7.105263157894737,6,0.64,4-1-3-2,03/04/2003,0.36,03/04/2003,4-1-3-2
3,2022,19377,2022-08-28 15:30:00,123,132,Werder Bremen,Eintracht Frankfurt,EIN,WER,3,1.3473,4,1.87305,1.87305,0.7416500000000001,9.379310344827584,5,0,1.3842,3,1.88918,1.1314,-0.7416500000000001,8.181818181818182,7,0.55,03/05/2002,4-2-3-1,0.45,4-2-3-1,03/05/2002
3,2022,19378,2022-09-02 18:30:00,129,120,Borussia Dortmund,Hoffenheim,HOF,DOR,0,0.1452,0,0.360446,0.360446,-2.160554,8.428571428571429,1,3,2.7678,1,2.521,2.521,2.160554,14.526315789473683,10,0.5,04/05/2001,03/05/2002,0.5,03/05/2002,04/05/2001
3,2022,19379,2022-09-03 13:30:00,119,135,Bayer Leverkusen,Freiburg,FRE,LEV,3,1.8455,3,2.35383,2.35383,0.5565599999999999,9.24,3,0,0.881,2,1.79727,1.79727,-0.5565599999999999,16.823529411764707,7,0.5,3-1-4-2,03/04/2003,0.5,03/04/2003,3-1-4-2
3,2022,19380,2022-09-03 13:30:00,240,117,Union Berlin,Bayern Munich,BAY,UNI,1,2.1559,1,1.38204,1.38204,0.938903,5.625,17,1,0.5698,1,0.443137,0.443137,-0.938903,18.47619047619047,1,0.25,03/05/2002,4-2-3-1,0.75,4-2-3-1,03/05/2002
3,2022,19381,2022-09-03 13:30:00,133,124,Stuttgart,Schalke,SCH,STU,1,2.4124999999999996,1,2.10477,2.10477,1.3985819999999998,6.5,9,1,0.4121,1,0.706188,0.706188,-1.3985819999999998,11.727272727272728,8,0.43,03/05/2002,4-2-3-1,0.57,4-2-3-1,03/05/2002
3,2022,19382,2022-09-03 13:30:00,131,134,Wolfsburg,Koln,COL,WOL,3,2.6494,4,3.08366,2.32588,1.3586,10.647058823529411,10,0,0.2437,2,0.96728,0.96728,-1.3586,10.952380952380953,6,0.5,3-4-1-2,4-2-3-1,0.5,4-2-3-1,3-4-1-2
3,2022,19383,2022-09-03 13:30:00,268,123,Bochum,Werder Bremen,WER,BOC,3,1.9546,2,1.9903,1.23253,0.0028099999999999,12.461538461538462,8,0,0.8061999999999999,0,1.22972,1.22972,-0.0028099999999999,6.5,6,0.5,4-2-3-1,03/05/2002,0.5,03/05/2002,4-2-3-1
3,2022,19384,2022-09-03 16:30:00,132,136,Eintracht Frankfurt,RB Leipzig,RBL,EIN,0,0.0145999999999999,0,0.220403,0.220403,-2.6480669999999997,9.24,4,3,2.9744,4,3.62625,2.86847,2.6480669999999997,11.096774193548388,4,0.43,4-2-3-1,3-4-1-2,0.57,3-4-1-2,4-2-3-1
3,2022,19385,2022-09-04 13:30:00,121,122,Augsburg,Hertha Berlin,HER,AUG,3,2.9,2,2.87153,2.87153,2.560504,6.551724137931035,6,0,0.0593,0,0.311026,0.311026,-2.560504,13.1875,5,0.48,03/05/2002,04/03/2003,0.52,04/03/2003,03/05/2002
3,2022,19386,2022-09-04 15:30:00,130,125,Borussia Monchengladbach,Mainz,MAI,BMG,3,0.5150999999999999,1,0.630863,0.630863,-1.077357,10.4,6,0,2.2716,0,1.70822,1.70822,1.077357,18.454545454545453,6,0.53,4-2-3-1,03/04/2003,0.47,03/04/2003,4-2-3-1
3,2022,19387,2022-09-09 18:30:00,123,121,Werder Bremen,Augsburg,AUG,WER,3,1.3269000000000002,1,1.7824,1.7824,0.7031499999999999,14.142857142857142,2,0,1.3875000000000002,0,1.83702,1.07925,-0.7031499999999999,4.684210526315789,10,0.7,3-1-4-2,03/04/2003,0.3,03/04/2003,3-1-4-2
3,2022,19388,2022-09-10 13:30:00,117,133,Bayern Munich,Stuttgart,STU,BAY,1,0.6125,2,1.18754,0.429761,-1.867839,20.88888888888889,4,1,2.1656000000000004,2,2.2976,2.2976,1.867839,4.457142857142857,11,0.67,4-2-3-1,03/05/2002,0.33,03/05/2002,4-2-3-1
3,2022,19389,2022-09-10 13:30:00,136,129,RB Leipzig,Borussia Dortmund,DOR,RBL,0,0.3349,0,0.334567,0.334567,-1.370383,8.0,4,3,2.4805,3,1.70495,1.70495,1.370383,9.161290322580646,8,0.45,4-2-3-1,4-2-3-1,0.56,4-2-3-1,4-2-3-1
3,2022,19390,2022-09-10 13:30:00,120,125,Hoffenheim,Mainz,MAI,HOF,0,0.0617,1,1.08619,1.08619,-2.80494,21.1875,8,3,2.9054,4,4.64891,3.89113,2.80494,8.473684210526315,15,0.65,3-1-4-2,03/04/2003,0.35,03/04/2003,3-1-4-2
3,2022,19391,2022-09-10 13:30:00,132,131,Eintracht Frankfurt,Wolfsburg,WOL,EIN,3,1.8524,1,0.969737,0.969737,0.516299,19.176470588235293,3,0,0.8042,0,0.453438,0.453438,-0.516299,9.473684210526317,4,0.62,4-2-3-1,04/03/2003,0.38,04/03/2003,4-2-3-1
3,2022,19392,2022-09-10 13:30:00,122,119,Hertha Berlin,Bayer Leverkusen,LEV,HER,1,0.9539,2,1.76829,1.76829,-0.5830800000000003,8.428571428571429,7,1,1.817,2,2.35137,2.35137,0.5830800000000003,11.565217391304348,7,0.42,04/03/2003,4-2-3-1,0.58,4-2-3-1,04/03/2003
3,2022,19393,2022-09-10 16:30:00,124,268,Schalke,Bochum,BOC,SCH,0,1.2944,1,1.31293,1.31293,-0.10037,9.105263157894736,6,3,1.4279000000000002,3,1.4133,1.4133,0.10037,9.904761904761903,10,0.44,4-2-3-1,4-2-3-1,0.56,4-2-3-1,4-2-3-1
3,2022,19394,2022-09-11 13:30:00,134,240,Koln,Union Berlin,UNI,COL,3,1.9154,1,1.51157,0.753794,-0.124723,18.2,4,0,0.7964,0,0.878517,0.878517,0.124723,8.857142857142858,8,0.53,4-2-3-1,03/05/2002,0.47,03/05/2002,4-2-3-1
3,2022,19395,2022-09-11 15:30:00,135,130,Freiburg,Borussia Monchengladbach,BMG,FRE,1,1.7010999999999998,0,1.37892,1.37892,0.3878649999999999,13.266666666666667,4,1,1.0108,0,0.991055,0.991055,-0.3878649999999999,12.096774193548388,9,0.42,4-2-3-1,4-2-3-1,0.58,4-2-3-1,4-2-3-1
3,2022,19396,2022-09-16 18:30:00,125,122,Mainz,Hertha Berlin,HER,MAI,1,1.3253,1,0.437555,0.437555,0.047725,9.541666666666666,6,1,1.1681,1,0.38983,0.38983,-0.047725,6.1923076923076925,7,0.56,03/04/2003,04/03/2003,0.44,04/03/2003,03/04/2003
3,2022,19397,2022-09-17 13:30:00,129,124,Borussia Dortmund,Schalke,SCH,DOR,0,0.0638,0,0.0971459,0.0971459,-2.4377541,15.823529411764708,2,3,2.8817,1,2.5349,2.5349,2.4377541,5.68,8,0.67,4-2-3-1,4-2-3-1,0.33,4-2-3-1,4-2-3-1
3,2022,19398,2022-09-17 13:30:00,119,123,Bayer Leverkusen,Werder Bremen,WER,LEV,1,1.5112,1,2.02218,2.02218,0.19916,11.08695652173913,6,1,1.2496,1,1.82302,1.82302,-0.19916,16.928571428571427,15,0.54,4-2-3-1,03/05/2002,0.46,03/05/2002,4-2-3-1
3,2022,19399,2022-09-17 13:30:00,121,117,Augsburg,Bayern Munich,BAY,AUG,0,1.089,0,1.82063,1.82063,-0.3885499999999999,5.9,21,3,1.6848,1,2.20918,2.20918,0.3885499999999999,11.612903225806452,9,0.23,4-2-3-1,4-2-3-1,0.77,4-2-3-1,4-2-3-1
3,2022,19400,2022-09-17 13:30:00,133,132,Stuttgart,Eintracht Frankfurt,EIN,STU,3,1.9632,3,1.49027,1.49027,0.716519,20.142857142857142,4,0,0.7709999999999999,1,0.773751,0.773751,-0.716519,7.242424242424242,7,0.55,03/05/2002,03/04/2003,0.45,03/04/2003,03/05/2002
3,2022,19401,2022-09-17 16:30:00,130,136,Borussia Monchengladbach,RB Leipzig,RBL,BMG,0,0.4441,0,1.25609,1.25609,-1.7213700000000005,8.323529411764707,5,3,2.4096999999999995,3,2.97746,2.97746,1.7213700000000005,13.347826086956522,8,0.45,4-2-3-1,4-2-3-1,0.55,4-2-3-1,4-2-3-1
3,2022,19402,2022-09-18 13:30:00,240,131,Union Berlin,Wolfsburg,WOL,UNI,0,0.5471,0,0.218049,0.218049,-0.8560110000000001,24.363636363636363,0,3,2.1269,2,1.07406,1.07406,0.8560110000000001,12.37037037037037,3,0.48,03/05/2002,4-2-2-2,0.52,4-2-2-2,03/05/2002
3,2022,19403,2022-09-18 15:30:00,268,134,Bochum,Koln,COL,BOC,1,2.5347,1,1.8077,1.8077,1.515033,6.809523809523809,6,1,0.2937,1,0.292667,0.292667,-1.515033,26.5,2,0.35,4-2-3-1,4-2-3-1,0.65,4-2-3-1,4-2-3-1
3,2022,19404,2022-09-18 17:30:00,120,135,Hoffenheim,Freiburg,FRE,HOF,1,1.2459,0,0.6761,0.6761,-0.0670799999999999,10.92,9,1,1.3695,0,0.74318,0.74318,0.0670799999999999,12.5,7,0.5,03/05/2002,4-2-3-1,0.5,4-2-3-1,03/05/2002
3,2022,19405,2022-09-30 18:30:00,117,119,Bayern Munich,Bayer Leverkusen,LEV,BAY,0,0.576,0,0.940717,0.940717,-1.1934129999999998,41.0,2,3,2.2194000000000003,4,2.13413,2.13413,1.1934129999999998,11.454545454545457,19,0.62,4-2-3-1,4-2-3-1,0.38,4-2-3-1,4-2-3-1
3,2022,19406,2022-10-01 13:30:00,136,268,RB Leipzig,Bochum,BOC,RBL,0,0.0046,0,0.146803,0.146803,-2.553087,31.6875,1,3,2.9914,4,4.21544,2.69989,2.553087,11.25,12,0.7,4-2-3-1,3-1-4-2,0.3,3-1-4-2,4-2-3-1
3,2022,19407,2022-10-01 13:30:00,135,125,Freiburg,Mainz,MAI,FRE,0,1.2385000000000002,1,1.84485,1.84485,-0.1267599999999999,11.083333333333334,10,3,1.4812,2,1.97161,1.97161,0.1267599999999999,9.043478260869565,9,0.53,4-2-3-1,03/04/2003,0.47,03/04/2003,4-2-3-1
3,2022,19408,2022-10-01 13:30:00,134,129,Koln,Borussia Dortmund,DOR,COL,0,1.5883,2,2.46961,2.46961,0.32071,9.26086956521739,10,3,1.2058,3,2.1489,2.1489,-0.32071,8.636363636363637,7,0.42,4-2-3-1,4-2-3-1,0.58,4-2-3-1,4-2-3-1
3,2022,19409,2022-10-01 13:30:00,132,240,Eintracht Frankfurt,Union Berlin,UNI,EIN,0,0.9691,0,0.767128,0.767128,-0.4152819999999999,10.517241379310343,8,3,1.7086,2,1.18241,1.18241,0.4152819999999999,26.5,6,0.47,03/04/2003,03/05/2002,0.53,03/05/2002,03/04/2003
3,2022,19410,2022-10-01 13:30:00,131,133,Wolfsburg,Stuttgart,STU,WOL,0,1.8247,2,2.34936,2.34936,0.5951899999999999,13.4,6,3,0.9322,3,1.75417,1.75417,-0.5951899999999999,9.947368421052632,8,0.57,4-1-4-1,04/03/2003,0.44,04/03/2003,4-1-4-1
3,2022,19413,2022-10-01 16:30:00,123,130,Werder Bremen,Borussia Monchengladbach,BMG,WER,0,0.7283999999999999,1,2.27257,2.27257,-1.0724399999999998,14.35,5,3,2.0931,5,3.34501,3.34501,1.0724399999999998,11.096774193548388,7,0.48,03/05/2002,4-2-3-1,0.52,4-2-3-1,03/05/2002
3,2022,19411,2022-10-02 13:30:00,122,120,Hertha Berlin,Hoffenheim,HOF,HER,1,1.8777,1,1.60101,1.60101,0.642298,9.45,6,1,0.8541,1,0.958712,0.958712,-0.642298,15.31578947368421,2,0.43,04/03/2003,03/05/2002,0.57,03/05/2002,04/03/2003
3,2022,19412,2022-10-02 15:30:00,124,121,Schalke,Augsburg,AUG,SCH,3,0.925,3,1.48391,1.48391,-0.5752900000000001,9.764705882352942,3,0,1.8235,2,2.0592,2.0592,0.5752900000000001,8.133333333333333,8,0.56,4-2-2-2,4-2-2-2,0.44,4-2-2-2,4-2-2-2
3,2022,19417,2022-10-07 18:30:00,120,123,Hoffenheim,Werder Bremen,WER,HOF,3,1.4828,2,1.43801,0.680235,-0.620645,9.083333333333334,8,0,1.2134,1,1.30088,1.30088,0.620645,13.588235294117649,8,0.46,03/05/2002,03/05/2002,0.54,03/05/2002,03/05/2002
3,2022,19415,2022-10-08 13:30:00,119,124,Bayer Leverkusen,Schalke,SCH,LEV,0,0.1369,0,0.139609,0.139609,-1.929861,11.294117647058824,2,3,2.7622,4,2.06947,2.06947,1.929861,10.545454545454543,10,0.6,03/04/2003,04/04/2002,0.4,04/04/2002,03/04/2003
3,2022,19416,2022-10-08 13:30:00,125,136,Mainz,RB Leipzig,RBL,MAI,1,2.0817,1,1.4696,1.4696,0.820082,10.5,10,1,0.6591,1,0.649518,0.649518,-0.820082,15.041666666666666,4,0.36,03/05/2002,4-2-3-1,0.64,4-2-3-1,03/05/2002
3,2022,19419,2022-10-08 13:30:00,268,132,Bochum,Eintracht Frankfurt,EIN,BOC,0,1.467,0,0.78428,0.78428,0.134321,8.263157894736842,9,3,1.1562,3,0.649959,0.649959,-0.134321,8.26923076923077,3,0.46,4-2-3-1,4-2-2-2,0.54,4-2-2-2,4-2-3-1
3,2022,19420,2022-10-08 13:30:00,121,131,Augsburg,Wolfsburg,WOL,AUG,1,1.5891000000000002,1,2.30655,2.30655,0.29027,10.416666666666666,5,1,1.1486999999999998,1,2.01628,2.01628,-0.29027,7.8,7,0.48,4-1-3-2,04/05/2001,0.52,04/05/2001,4-1-3-2
3,2022,19414,2022-10-08 16:30:00,129,117,Borussia Dortmund,Bayern Munich,BAY,DOR,1,1.2175999999999998,2,1.22934,1.22934,-0.19994,8.866666666666667,6,1,1.4953999999999998,2,1.42928,1.42928,0.19994,15.826086956521738,8,0.44,04/03/2003,4-2-3-1,0.56,4-2-3-1,04/03/2003
3,2022,19418,2022-10-09 13:30:00,130,134,Borussia Monchengladbach,Koln,COL,BMG,0,0.4611,2,1.45617,0.698391,-1.270419,18.863636363636363,3,3,2.3382,5,2.72658,1.96881,1.270419,16.083333333333332,12,0.66,4-2-3-1,4-1-3-2,0.35,4-1-3-2,4-2-3-1
3,2022,19422,2022-10-09 15:30:00,122,135,Hertha Berlin,Freiburg,FRE,HER,1,1.7667000000000002,2,1.75899,1.75899,1.257872,6.6923076923076925,6,1,0.9498,2,1.25889,0.501118,-1.257872,9.862068965517242,4,0.42,04/03/2003,4-2-3-1,0.58,4-2-3-1,04/03/2003
3,2022,19421,2022-10-09 17:30:00,133,240,Stuttgart,Union Berlin,UNI,STU,3,0.9998,1,0.73441,0.73441,-0.3627199999999999,19.714285714285715,9,0,1.6634,0,1.09713,1.09713,0.3627199999999999,14.5,1,0.52,3-1-4-2,03/05/2002,0.49,03/05/2002,3-1-4-2
3,2022,19430,2022-10-14 18:30:00,124,120,Schalke,Hoffenheim,HOF,SCH,3,2.8568,3,3.51699,2.00144,1.303878,19.90909090909091,9,0,0.0935,0,0.697562,0.697562,-1.303878,7.413793103448276,4,0.51,04/05/2001,03/05/2002,0.49,03/05/2002,04/05/2001
3,2022,19427,2022-10-15 13:30:00,132,119,Eintracht Frankfurt,Bayer Leverkusen,LEV,EIN,0,0.0216,1,0.503272,0.503272,-2.338788,39.875,4,3,2.9655,5,4.35761,2.84206,2.338788,16.636363636363637,5,0.49,03/04/2003,03/04/2003,0.51,03/04/2003,03/04/2003
3,2022,19428,2022-10-15 13:30:00,131,130,Wolfsburg,Borussia Monchengladbach,BMG,WOL,1,0.7236,2,0.895157,0.895157,-0.849113,16.88888888888889,3,1,2.0264999999999995,2,1.74427,1.74427,0.849113,13.38888888888889,12,0.55,04/05/2001,4-2-3-1,0.45,4-2-3-1,04/05/2001
3,2022,19429,2022-10-15 13:30:00,133,268,Stuttgart,Bochum,BOC,STU,0,0.7914,1,1.52762,1.52762,-0.12236,7.92,11,3,1.9908,4,2.40775,1.64998,0.12236,14.0,8,0.48,4-1-3-2,04/03/2003,0.52,04/03/2003,4-1-3-2
3,2022,19431,2022-10-15 13:30:00,123,125,Werder Bremen,Mainz,MAI,WER,3,1.2799,2,1.10835,1.10835,-0.09433,24.166666666666668,9,0,1.4281,0,1.20268,1.20268,0.09433,9.714285714285714,12,0.68,03/05/2002,03/04/2003,0.32,03/04/2003,03/05/2002
3,2022,19424,2022-10-15 16:30:00,136,122,RB Leipzig,Hertha Berlin,HER,RBL,0,0.7229000000000001,2,2.42152,1.66374,-1.63817,18.733333333333334,3,3,2.0507,3,3.30191,3.30191,1.63817,6.535714285714286,13,0.6,4-2-2-2,04/03/2003,0.4,04/03/2003,4-2-2-2
3,2022,19426,2022-10-16 13:30:00,134,121,Koln,Augsburg,AUG,COL,0,0.2998,2,0.207517,0.207517,-1.338243,10.210526315789474,4,3,2.5023999999999997,3,1.54576,1.54576,1.338243,6.6875,4,0.64,4-1-3-2,04/04/2002,0.36,04/04/2002,4-1-3-2
3,2022,19425,2022-10-16 15:30:00,240,129,Union Berlin,Borussia Dortmund,DOR,UNI,0,0.7688999999999999,0,0.797656,0.797656,-0.6743339999999999,6.928571428571429,8,3,1.9583999999999997,2,1.47199,1.47199,0.6743339999999999,27.5,4,0.23,03/05/2002,03/05/2002,0.77,03/05/2002,03/05/2002
3,2022,19423,2022-10-16 17:30:00,117,135,Bayern Munich,Freiburg,FRE,BAY,0,0.2473,0,0.328313,0.328313,-1.751667,16.956521739130434,4,3,2.6086,5,2.07998,2.07998,1.751667,14.5,16,0.66,4-2-3-1,4-2-3-1,0.34,4-2-3-1,4-2-3-1
3,2022,19435,2022-10-21 18:30:00,125,134,Mainz,Koln,COL,MAI,0,0.4637,0,0.930558,0.930558,-0.5295320000000001,15.4,3,3,2.3459,5,2.21787,1.46009,0.5295320000000001,10.666666666666666,3,0.56,03/05/2002,4-3-1-2,0.44,4-3-1-2,03/05/2002
3,2022,19432,2022-10-22 13:30:00,129,133,Borussia Dortmund,Stuttgart,STU,DOR,0,0.3440999999999999,0,0.989781,0.989781,-1.649579,20.058823529411764,9,3,2.5104,5,2.63936,2.63936,1.649579,9.16,15,0.6,4-2-3-1,03/05/2002,0.4,03/05/2002,4-2-3-1
3,2022,19433,2022-10-22 13:30:00,119,131,Bayer Leverkusen,Wolfsburg,WOL,LEV,1,0.3993,2,1.15093,0.393154,-1.216536,14.736842105263158,4,1,2.4156,2,2.36747,1.60969,1.216536,12.4,6,0.57,03/04/2003,4-1-4-1,0.43,4-1-4-1,03/04/2003
3,2022,19434,2022-10-22 13:30:00,135,123,Freiburg,Werder Bremen,WER,FRE,0,0.0703,0,0.393506,0.393506,-2.185664,8.136363636363637,2,3,2.8876,2,3.33695,2.57917,2.185664,8.764705882352942,9,0.61,03/04/2003,03/05/2002,0.39,03/05/2002,03/04/2003
3,2022,19436,2022-10-22 13:30:00,120,117,Hoffenheim,Bayern Munich,BAY,HOF,3,2.7611000000000003,2,3.12799,3.12799,2.361809,8.65,13,0,0.1595,0,0.766181,0.766181,-2.361809,10.884615384615383,3,0.41,03/05/2002,4-2-3-1,0.59,4-2-3-1,03/05/2002
3,2022,19439,2022-10-22 13:30:00,121,136,Augsburg,RB Leipzig,RBL,AUG,1,1.7174,3,2.38989,2.38989,1.2350599999999998,8.777777777777779,13,1,1.0331,3,1.91261,1.15483,-1.2350599999999998,13.095238095238097,6,0.32,4-2-2-2,4-2-2-2,0.68,4-2-2-2,4-2-2-2
3,2022,19437,2022-10-22 16:30:00,130,132,Borussia Monchengladbach,Eintracht Frankfurt,EIN,BMG,3,1.6983,3,1.80175,1.80175,0.43631,9.9,5,0,1.0347,1,1.36544,1.36544,-0.43631,11.31578947368421,5,0.6,4-2-3-1,03/04/2003,0.4,03/04/2003,4-2-3-1
3,2022,19438,2022-10-23 13:30:00,268,240,Bochum,Union Berlin,UNI,BOC,0,1.2293,1,1.00303,0.245332,-0.870108,12.066666666666666,4,3,1.415,2,1.11544,1.11544,0.870108,10.095238095238097,9,0.47,04/03/2003,03/05/2002,0.53,03/05/2002,04/03/2003
3,2022,19440,2022-10-23 15:30:00,122,124,Hertha Berlin,Schalke,SCH,HER,0,0.8264,1,0.522522,0.522522,-0.5352579999999999,10.55,2,3,1.8431,2,1.05778,1.05778,0.5352579999999999,6.769230769230769,7,0.55,4-2-2-2,3-4-1-2,0.45,3-4-1-2,4-2-2-2
3,2022,19449,2022-10-28 18:30:00,123,122,Werder Bremen,Hertha Berlin,HER,WER,0,0.607,0,0.572257,0.572257,-0.967503,11.15,2,3,2.1418,1,1.53976,1.53976,0.967503,10.473684210526317,6,0.53,3-1-4-2,04/04/2002,0.48,04/04/2002,3-1-4-2
3,2022,19441,2022-10-29 13:30:00,117,125,Bayern Munich,Mainz,MAI,BAY,0,0.2033,2,1.78114,1.02336,-2.4101799999999995,25.785714285714285,5,3,2.7127999999999997,6,4.33442,3.43354,2.4101799999999995,6.590909090909091,7,0.7,4-2-3-1,05/03/2002,0.31,05/03/2002,4-2-3-1
3,2022,19442,2022-10-29 13:30:00,136,119,RB Leipzig,Bayer Leverkusen,LEV,RBL,0,0.2188,0,0.141987,0.141987,-1.4903529999999998,25.384615384615383,6,3,2.6188,2,1.63234,1.63234,1.4903529999999998,16.88,6,0.46,03/04/2003,3-4-1-2,0.54,3-4-1-2,03/04/2003
3,2022,19446,2022-10-29 13:30:00,131,268,Wolfsburg,Bochum,BOC,WOL,0,0.1896999999999999,0,0.444056,0.444056,-2.1451640000000003,10.5,2,3,2.7178,4,2.58922,2.58922,2.1451640000000003,11.823529411764708,7,0.52,04/05/2001,04/03/2003,0.48,04/03/2003,04/05/2001
3,2022,19447,2022-10-29 13:30:00,133,121,Stuttgart,Augsburg,AUG,STU,0,0.1963,1,0.754506,0.754506,-2.366034,15.0,5,3,2.7175,2,3.12054,3.12054,2.366034,15.375,9,0.63,04/04/2002,04/04/2002,0.38,04/04/2002,04/04/2002
3,2022,19445,2022-10-29 16:30:00,132,129,Eintracht Frankfurt,Borussia Dortmund,DOR,EIN,3,0.6467,2,0.730506,0.730506,-0.979764,14.11111111111111,5,0,2.1098,1,1.71027,1.71027,0.979764,11.12,12,0.59,03/04/2003,4-2-3-1,0.42,4-2-3-1,03/04/2003
3,2022,19443,2022-10-30 14:30:00,240,130,Union Berlin,Borussia Monchengladbach,BMG,UNI,0,1.126,1,1.01241,1.01241,-0.2742599999999999,37.5,1,3,1.5802,2,1.28667,1.28667,0.2742599999999999,12.173913043478262,1,0.55,03/05/2002,4-2-3-1,0.45,4-2-3-1,03/05/2002
3,2022,19448,2022-10-30 16:30:00,124,135,Schalke,Freiburg,FRE,SCH,3,2.4175,2,2.25332,1.49554,0.6541710000000001,12.642857142857142,7,0,0.4117,0,0.841369,0.841369,-0.6541710000000001,8.208333333333334,7,0.45,4-2-3-1,4-2-3-1,0.55,4-2-3-1,4-2-3-1
3,2022,19444,2022-10-30 18:30:00,134,120,Koln,Hoffenheim,HOF,COL,1,1.1678,1,0.778986,0.778986,-0.200686,8.0,5,1,1.4675,1,0.979672,0.979672,0.200686,19.52380952380953,4,0.35,04/04/2002,03/05/2002,0.65,03/05/2002,04/04/2002
3,2022,19453,2022-11-04 18:30:00,130,133,Borussia Monchengladbach,Stuttgart,STU,BMG,0,1.4768,1,1.46207,1.46207,0.12745,10.857142857142858,5,3,1.2461000000000002,3,1.33462,1.33462,-0.12745,11.782608695652174,9,0.55,4-2-3-1,04/04/2002,0.45,04/04/2002,4-2-3-1
3,2022,19451,2022-11-05 14:30:00,125,131,Mainz,Wolfsburg,WOL,MAI,3,0.945,3,0.809102,0.809102,-0.4357280000000001,13.444444444444445,5,0,1.7451,0,1.24483,1.24483,0.4357280000000001,6.466666666666667,13,0.56,03/04/2003,04/05/2001,0.44,04/05/2001,03/04/2003
3,2022,19452,2022-11-05 14:30:00,120,136,Hoffenheim,RB Leipzig,RBL,HOF,3,1.7465,3,1.66347,1.66347,0.50221,20.09090909090909,9,0,0.9887,1,1.16126,1.16126,-0.50221,18.043478260869566,1,0.37,03/05/2002,4-2-2-2,0.63,4-2-2-2,03/05/2002
3,2022,19454,2022-11-05 14:30:00,121,132,Augsburg,Eintracht Frankfurt,EIN,AUG,3,1.5372,2,1.31556,1.31556,0.2420200000000001,7.571428571428571,8,0,1.1547,1,1.07354,1.07354,-0.2420200000000001,8.862068965517242,4,0.41,4-2-2-2,03/04/2003,0.59,03/04/2003,4-2-2-2
3,2022,19455,2022-11-05 14:30:00,122,117,Hertha Berlin,Bayern Munich,BAY,HER,3,2.2513,3,2.23326,2.23326,1.898489,3.586206896551724,12,0,0.5221,2,1.09255,0.334771,-1.898489,11.428571428571429,2,0.27,04/04/2002,4-2-3-1,0.73,4-2-3-1,04/04/2002
3,2022,19457,2022-11-05 14:30:00,129,268,Borussia Dortmund,Bochum,BOC,DOR,0,0.4605,0,0.496214,0.496214,-0.177745,11.482758620689657,5,3,2.2914000000000003,3,1.43174,0.673959,0.177745,12.142857142857142,4,0.61,4-2-3-1,4-2-3-1,0.39,4-2-3-1,4-2-3-1
3,2022,19456,2022-11-05 17:30:00,123,124,Werder Bremen,Schalke,SCH,WER,0,1.3804,1,1.35128,1.35128,0.02055,6.875,9,3,1.3333,2,1.33073,1.33073,-0.02055,9.62962962962963,5,0.45,03/05/2002,4-2-3-1,0.55,4-2-3-1,03/05/2002
3,2022,19458,2022-11-06 14:30:00,119,240,Bayer Leverkusen,Union Berlin,UNI,LEV,0,0.2324,0,0.231839,0.231839,-1.548861,24.352941176470587,3,3,2.6162,5,1.7807,1.7807,1.548861,15.941176470588236,4,0.59,03/04/2003,03/05/2002,0.41,03/05/2002,03/04/2003
3,2022,19450,2022-11-06 16:30:00,135,134,Freiburg,Koln,COL,FRE,0,0.9785,0,0.995484,0.995484,-0.4670959999999999,21.5,2,3,1.7258,2,1.46258,1.46258,0.4670959999999999,11.7,7,0.55,4-2-3-1,4-2-3-1,0.45,4-2-3-1,4-2-3-1
3,2022,19464,2022-11-08 17:30:00,131,129,Wolfsburg,Borussia Dortmund,DOR,WOL,0,0.4597,0,1.29685,1.29685,-1.61325,12.25,8,3,2.3965,2,2.9101,2.9101,1.61325,18.6,8,0.37,04/05/2001,4-2-3-1,0.63,4-2-3-1,04/05/2001
3,2022,19459,2022-11-08 19:30:00,117,123,Bayern Munich,Werder Bremen,WER,BAY,0,0.0192,1,1.44045,1.44045,-3.52905,21.857142857142858,3,3,2.9688000000000003,6,5.72728,4.9695,3.52905,12.65,8,0.61,4-2-3-1,3-1-4-2,0.4,3-1-4-2,4-2-3-1
3,2022,19465,2022-11-08 19:30:00,268,130,Bochum,Borussia Monchengladbach,BMG,BOC,0,0.6038,1,0.766603,0.766603,-0.919137,13.266666666666667,6,3,2.1449,2,1.68574,1.68574,0.919137,9.666666666666666,4,0.46,4-2-3-1,4-2-3-1,0.54,4-2-3-1,4-2-3-1
3,2022,19466,2022-11-08 19:30:00,133,122,Stuttgart,Hertha Berlin,HER,STU,0,0.7180000000000001,1,1.05233,1.05233,-0.94983,18.833333333333332,3,3,2.0665,2,2.00216,2.00216,0.94983,11.45,11,0.6,04/03/2003,4-2-2-2,0.4,4-2-2-2,04/03/2003
3,2022,19462,2022-11-09 17:30:00,134,119,Koln,Bayer Leverkusen,LEV,COL,3,1.1013000000000002,2,1.04474,1.04474,-0.33654,22.0,1,0,1.5966,1,1.38128,1.38128,0.33654,11.8,11,0.59,4-2-3-1,03/04/2003,0.42,03/04/2003,4-2-3-1
3,2022,19460,2022-11-09 19:30:00,136,135,RB Leipzig,Freiburg,FRE,RBL,0,0.0180999999999999,1,0.148116,0.148116,-2.382834,14.652173913043478,5,3,2.968,3,3.28873,2.53095,2.382834,14.9375,9,0.58,04/04/2002,03/05/2002,0.42,03/05/2002,04/04/2002
3,2022,19461,2022-11-09 19:30:00,240,121,Union Berlin,Augsburg,AUG,UNI,1,0.2576,2,0.29444,0.29444,-1.54568,16.384615384615383,5,1,2.5877000000000003,2,1.84012,1.84012,1.54568,11.615384615384617,7,0.59,03/05/2002,4-2-3-1,0.41,4-2-3-1,03/05/2002
3,2022,19463,2022-11-09 19:30:00,132,120,Eintracht Frankfurt,Hoffenheim,HOF,EIN,0,0.2418,2,1.52829,1.52829,-2.25364,9.612903225806452,6,3,2.6622000000000003,4,3.78193,3.78193,2.25364,15.105263157894736,11,0.52,03/04/2003,03/05/2002,0.49,03/05/2002,03/04/2003
3,2022,19467,2022-11-09 19:30:00,124,125,Schalke,Mainz,MAI,SCH,0,0.4242,0,0.60888,0.60888,-1.37074,5.2,5,3,2.397,1,1.97962,1.97962,1.37074,6.137931034482759,7,0.45,4-2-3-1,03/05/2002,0.55,03/05/2002,4-2-3-1
3,2022,19472,2022-11-11 19:30:00,130,129,Borussia Monchengladbach,Borussia Dortmund,DOR,BMG,0,2.062,2,3.6823,3.6823,1.04216,10.608695652173912,11,3,0.7567,4,2.64014,2.64014,-1.04216,25.46153846153846,5,0.39,4-2-3-1,4-2-3-1,0.61,4-2-3-1,4-2-3-1
3,2022,19468,2022-11-12 14:30:00,119,133,Bayer Leverkusen,Stuttgart,STU,LEV,0,0.1994,0,0.277105,0.277105,-1.605945,10.23076923076923,4,3,2.6729000000000003,2,1.88305,1.88305,1.605945,14.0,8,0.44,03/04/2003,03/04/2003,0.56,03/04/2003,03/04/2003
3,2022,19471,2022-11-12 14:30:00,120,131,Hoffenheim,Wolfsburg,WOL,HOF,3,1.0117,2,0.94899,0.94899,-0.4745299999999999,24.8,3,0,1.7034999999999998,1,1.42352,1.42352,0.4745299999999999,6.458333333333333,8,0.6,3-4-1-2,04/05/2001,0.4,04/05/2001,3-4-1-2
3,2022,19473,2022-11-12 14:30:00,121,268,Augsburg,Bochum,BOC,AUG,3,0.5161,1,1.13531,1.13531,-0.4527399999999999,11.444444444444445,6,0,2.2897,0,2.34583,1.58805,0.4527399999999999,8.235294117647058,13,0.55,03/04/2003,04/03/2003,0.46,04/03/2003,03/04/2003
3,2022,19474,2022-11-12 14:30:00,122,134,Hertha Berlin,Koln,COL,HER,0,1.2341,0,1.93705,1.93705,-0.1973599999999999,9.65,5,3,1.4996,2,2.13441,2.13441,0.1973599999999999,9.652173913043478,3,0.47,4-2-2-2,4-2-3-1,0.53,4-2-3-1,4-2-2-2
3,2022,19476,2022-11-12 14:30:00,123,136,Werder Bremen,RB Leipzig,RBL,WER,3,2.2178,2,2.1323,2.1323,1.0976199999999998,25.545454545454547,12,0,0.5537,1,1.03468,1.03468,-1.0976199999999998,15.789473684210526,6,0.48,3-1-4-2,04/04/2002,0.52,04/04/2002,3-1-4-2
3,2022,19475,2022-11-12 17:30:00,124,117,Schalke,Bayern Munich,BAY,SCH,3,1.9716,2,1.65233,1.65233,0.7605580000000001,11.285714285714286,15,0,0.768,0,0.891772,0.891772,-0.7605580000000001,20.68421052631579,2,0.3,4-2-3-1,4-2-3-1,0.7,4-2-3-1,4-2-3-1
3,2022,19470,2022-11-13 14:30:00,125,132,Mainz,Eintracht Frankfurt,EIN,MAI,1,0.9666,1,1.39797,1.39797,-0.3883700000000001,10.538461538461538,8,1,1.6725,1,1.78634,1.78634,0.3883700000000001,18.38888888888889,10,0.39,03/04/2003,03/04/2003,0.61,03/04/2003,03/04/2003
3,2022,19469,2022-11-13 16:30:00,135,240,Freiburg,Union Berlin,UNI,FRE,0,0.5163,1,1.65553,0.139973,-1.034617,42.81818181818182,3,3,2.25,4,2.69015,1.17459,1.034617,9.75,9,0.73,03/04/2003,03/05/2002,0.27,03/05/2002,03/04/2003
3,2022,19478,2023-01-20 19:30:00,136,117,RB Leipzig,Bayern Munich,BAY,RBL,1,1.0569,1,0.813529,0.813529,-0.2171910000000001,9.37037037037037,4,1,1.5543,1,1.03072,1.03072,0.2171910000000001,8.651162790697674,10,0.41,4-2-3-1,4-2-3-1,0.59,4-2-3-1,4-2-3-1
3,2022,19479,2023-01-21 14:30:00,240,120,Union Berlin,Hoffenheim,HOF,UNI,0,0.3816,1,0.966541,0.966541,-0.756239,18.071428571428573,6,3,2.4657,3,2.48055,1.72278,0.756239,11.454545454545457,5,0.52,03/05/2002,3-4-1-2,0.48,3-4-1-2,03/05/2002
3,2022,19482,2023-01-21 14:30:00,132,124,Eintracht Frankfurt,Schalke,SCH,EIN,0,1.8611999999999995,0,2.37825,2.37825,0.69716,6.392857142857143,7,3,0.9204,3,1.68109,1.68109,-0.69716,11.92,6,0.44,03/04/2003,4-2-3-1,0.56,4-2-3-1,03/04/2003
3,2022,19483,2023-01-21 14:30:00,131,135,Wolfsburg,Freiburg,FRE,WOL,0,0.2215,0,0.808738,0.808738,-1.3143220000000002,22.066666666666663,8,3,2.677,6,2.88084,2.12306,1.3143220000000002,12.181818181818182,11,0.55,04/03/2003,4-2-3-1,0.45,4-2-3-1,04/03/2003
3,2022,19484,2023-01-21 14:30:00,268,122,Bochum,Hertha Berlin,HER,BOC,0,0.6004,1,0.732458,0.732458,-0.942002,8.35,5,3,2.17,3,1.67446,1.67446,0.942002,6.12,1,0.49,04/03/2003,4-2-3-1,0.51,4-2-3-1,04/03/2003
3,2022,19485,2023-01-21 14:30:00,133,125,Stuttgart,Mainz,MAI,STU,1,0.9876,1,1.38032,0.622546,-1.257754,14.791666666666666,2,1,1.7372999999999998,1,1.8803,1.8803,1.257754,8.35483870967742,6,0.56,04/03/2003,03/04/2003,0.44,03/04/2003,04/03/2003
3,2022,19480,2023-01-21 17:30:00,134,123,Koln,Werder Bremen,WER,COL,0,0.0605,1,0.252782,0.252782,-2.937618,8.59375,6,3,2.8993999999999995,7,3.1904,3.1904,2.937618,14.434782608695652,14,0.51,4-2-2-2,3-1-4-2,0.49,3-1-4-2,4-2-2-2
3,2022,19477,2023-01-22 14:30:00,129,121,Borussia Dortmund,Augsburg,AUG,DOR,0,0.6533,3,1.92914,1.92914,-1.34102,16.428571428571427,7,3,2.1848,4,3.27016,3.27016,1.34102,8.4,14,0.68,4-2-3-1,04/04/2002,0.32,04/04/2002,4-2-3-1
3,2022,19481,2023-01-22 16:30:00,130,119,Borussia Monchengladbach,Bayer Leverkusen,LEV,BMG,3,1.9104,3,1.68471,1.68471,0.690815,24.833333333333332,9,0,0.8343,2,0.993895,0.993895,-0.690815,9.258064516129032,6,0.6,4-2-3-1,03/04/2003,0.4,03/04/2003,4-2-3-1
3,2022,19493,2023-01-24 17:30:00,124,136,Schalke,RB Leipzig,RBL,SCH,3,2.9539,6,4.23438,4.23438,3.730766,10.0,12,0,0.028,1,0.503614,0.503614,-3.730766,13.75,2,0.43,4-1-4-1,4-2-2-2,0.57,4-2-2-2,4-1-4-1
3,2022,19486,2023-01-24 19:30:00,117,134,Bayern Munich,Koln,COL,BAY,1,0.804,1,0.782641,0.782641,-0.706659,16.20689655172414,2,1,1.8948,1,1.4893,1.4893,0.706659,4.761904761904762,13,0.78,4-2-3-1,4-2-3-1,0.22,4-2-3-1,4-2-3-1
3,2022,19490,2023-01-24 19:30:00,120,133,Hoffenheim,Stuttgart,STU,HOF,1,0.512,2,0.658333,0.658333,-1.1630570000000002,28.0,2,1,2.276,2,1.82139,1.82139,1.1630570000000002,8.548387096774194,11,0.49,03/04/2003,04/03/2003,0.51,04/03/2003,03/04/2003
3,2022,19492,2023-01-24 19:30:00,122,131,Hertha Berlin,Wolfsburg,WOL,HER,3,2.7865,5,2.94882,2.19105,1.6181870000000005,7.125,10,0,0.1354,0,0.572863,0.572863,-1.6181870000000005,10.857142857142858,3,0.41,4-2-3-1,04/03/2003,0.59,04/03/2003,4-2-3-1
3,2022,19489,2023-01-25 17:30:00,125,129,Mainz,Borussia Dortmund,DOR,MAI,3,1.6392,2,1.15874,1.15874,0.3090600000000001,11.052631578947368,8,0,1.0599,1,0.84968,0.84968,-0.3090600000000001,12.3,5,0.38,03/05/2002,4-2-3-1,0.62,4-2-3-1,03/05/2002
3,2022,19487,2023-01-25 19:30:00,119,268,Bayer Leverkusen,Bochum,BOC,LEV,0,0.5327999999999999,0,0.821758,0.821758,-0.311072,8.466666666666667,13,3,2.253,2,1.8906,1.13283,0.311072,11.384615384615383,9,0.57,4-2-3-1,04/04/2002,0.43,04/04/2002,4-2-3-1
3,2022,19488,2023-01-25 19:30:00,135,132,Freiburg,Eintracht Frankfurt,EIN,FRE,1,0.2407,1,0.261869,0.261869,-1.5242209999999998,8.434782608695652,4,1,2.6035,1,1.78609,1.78609,1.5242209999999998,11.892857142857142,17,0.44,03/04/2003,03/04/2003,0.56,03/04/2003,03/04/2003
3,2022,19491,2023-01-25 19:30:00,121,130,Augsburg,Borussia Monchengladbach,BMG,AUG,0,1.0264,0,0.512384,0.512384,-0.357295,12.0,3,3,1.5892000000000002,1,0.869679,0.869679,0.357295,19.9375,5,0.44,04/04/2002,4-2-3-1,0.56,4-2-3-1,04/04/2002
3,2022,19494,2023-01-25 19:30:00,123,240,Werder Bremen,Union Berlin,UNI,WER,3,1.7835,2,1.05412,1.05412,0.4875459999999999,12.958333333333334,1,0,0.8876999999999999,1,0.566574,0.566574,-0.4875459999999999,16.384615384615383,11,0.58,3-1-4-2,03/05/2002,0.42,03/05/2002,3-1-4-2
3,2022,19497,2023-01-27 19:30:00,136,133,RB Leipzig,Stuttgart,STU,RBL,0,1.585,1,1.86965,1.11187,-0.4795900000000002,21.72222222222222,4,3,1.1446,2,1.59146,1.59146,0.4795900000000002,11.225806451612904,4,0.55,4-2-2-2,4-2-3-1,0.45,4-2-3-1,4-2-2-2
3,2022,19498,2023-01-28 14:30:00,135,121,Freiburg,Augsburg,AUG,FRE,0,1.4424,1,2.00438,1.24661,-0.67567,9.272727272727272,13,3,1.2894,3,1.92228,1.92228,0.67567,10.916666666666666,10,0.46,03/04/2003,04/04/2002,0.54,04/04/2002,03/04/2003
3,2022,19499,2023-01-28 14:30:00,125,268,Mainz,Bochum,BOC,MAI,0,0.2427,2,0.912111,0.912111,-1.956299,9.533333333333331,5,3,2.6493,5,2.86841,2.86841,1.956299,9.346153846153848,6,0.43,03/05/2002,04/03/2003,0.57,04/03/2003,03/05/2002
3,2022,19500,2023-01-28 14:30:00,120,130,Hoffenheim,Borussia Monchengladbach,BMG,HOF,3,1.2328,4,1.79941,1.79941,-0.1610199999999999,12.0,7,0,1.4776000000000002,1,1.96043,1.96043,0.1610199999999999,8.419354838709678,11,0.5,3-4-1-2,4-2-3-1,0.5,4-2-3-1,3-4-1-2
3,2022,19501,2023-01-28 14:30:00,122,240,Hertha Berlin,Union Berlin,UNI,HER,3,1.8139,2,0.884274,0.884274,0.419704,6.758620689655173,3,0,0.8271999999999999,0,0.46457,0.46457,-0.419704,9.88888888888889,11,0.52,04/03/2003,03/05/2002,0.48,03/05/2002,04/03/2003
3,2022,19503,2023-01-28 14:30:00,123,131,Werder Bremen,Wolfsburg,WOL,WER,0,0.5104,1,0.696581,0.696581,-0.3462390000000001,9.5,14,3,2.2648,2,1.80059,1.04282,0.3462390000000001,10.107142857142858,11,0.43,3-1-4-2,04/05/2001,0.57,04/05/2001,3-1-4-2
3,2022,19495,2023-01-28 17:30:00,117,132,Bayern Munich,Eintracht Frankfurt,EIN,BAY,1,0.9328,1,0.882875,0.882875,-0.497175,22.05,4,1,1.7749,1,1.38005,1.38005,0.497175,8.375,12,0.67,4-1-4-1,03/04/2003,0.33,03/04/2003,4-1-4-1
3,2022,19502,2023-01-29 14:30:00,124,134,Schalke,Koln,COL,SCH,1,0.5896,0,0.329216,0.329216,-0.7877240000000001,9.85,3,1,2.098,0,1.11694,1.11694,0.7877240000000001,8.043478260869565,6,0.53,4-2-3-1,4-1-3-2,0.47,4-1-3-2,4-2-3-1
3,2022,19496,2023-01-29 16:30:00,119,129,Bayer Leverkusen,Borussia Dortmund,DOR,LEV,3,0.7331000000000001,2,0.977834,0.977834,-0.8671559999999999,9.6,4,0,2.0156,0,1.84499,1.84499,0.8671559999999999,12.227272727272728,2,0.57,04/03/2003,04/05/2001,0.43,04/05/2001,04/03/2003
3,2022,19511,2023-02-03 19:30:00,121,119,Augsburg,Bayer Leverkusen,LEV,AUG,0,0.8449,0,0.461505,0.461505,-0.462892,10.666666666666666,6,3,1.8034,1,0.924397,0.924397,0.462892,10.628571428571428,2,0.4,04/04/2002,03/04/2003,0.6,03/04/2003,04/04/2002
3,2022,19504,2023-02-04 14:30:00,129,135,Borussia Dortmund,Freiburg,FRE,DOR,0,0.2115,1,0.243795,0.243795,-1.860415,21.6,2,3,2.6547,5,2.10421,2.10421,1.860415,4.956521739130435,13,0.77,4-1-4-1,03/04/2003,0.23,03/04/2003,4-1-4-1
3,2022,19505,2023-02-04 14:30:00,240,125,Union Berlin,Mainz,MAI,UNI,0,1.4297,1,1.09283,0.335053,-0.6431020000000001,14.066666666666666,9,3,1.1693,2,0.978155,0.978155,0.6431020000000001,12.77777777777778,4,0.51,03/05/2002,03/04/2003,0.49,03/04/2003,03/05/2002
3,2022,19506,2023-02-04 14:30:00,134,136,Koln,RB Leipzig,RBL,COL,1,1.6989,0,1.00025,1.00025,0.3931070000000001,9.208333333333334,2,1,0.9519,0,0.607143,0.607143,-0.3931070000000001,12.821428571428571,7,0.44,4-2-2-2,03/04/2003,0.56,03/04/2003,4-2-2-2
3,2022,19508,2023-02-04 14:30:00,132,122,Eintracht Frankfurt,Hertha Berlin,HER,EIN,0,0.5743,0,0.93959,0.93959,-0.30513,16.16,5,3,2.2219,3,2.00234,1.24472,0.30513,12.65,9,0.62,03/04/2003,4-1-4-1,0.38,4-1-4-1,03/04/2003
3,2022,19510,2023-02-04 14:30:00,268,120,Bochum,Hoffenheim,HOF,BOC,0,0.2636,2,0.82308,0.82308,-1.92411,7.5,10,3,2.6117,5,2.74719,2.74719,1.92411,7.407407407407407,7,0.47,4-2-3-1,3-4-1-2,0.53,3-4-1-2,4-2-3-1
3,2022,19507,2023-02-04 17:30:00,130,124,Borussia Monchengladbach,Schalke,SCH,BMG,1,1.3869000000000002,0,1.18272,1.18272,0.05359,7.555555555555555,4,1,1.3098,0,1.12913,1.12913,-0.05359,14.3125,4,0.54,4-2-3-1,4-1-4-1,0.46,4-1-4-1,4-2-3-1
3,2022,19512,2023-02-05 14:30:00,133,123,Stuttgart,Werder Bremen,WER,STU,3,0.5086999999999999,2,0.45062,0.45062,-1.03755,9.4375,3,0,2.261,0,1.48817,1.48817,1.03755,13.8125,3,0.58,04/03/2003,3-4-1-2,0.42,3-4-1-2,04/03/2003
3,2022,19509,2023-02-05 16:30:00,131,117,Wolfsburg,Bayern Munich,BAY,WOL,3,0.2854,4,0.568665,0.568665,-1.825965,21.615384615384617,5,0,2.5768,2,2.39463,2.39463,1.825965,8.263157894736842,18,0.52,03/05/2002,4-2-3-1,0.48,4-2-3-1,03/05/2002
3,2022,19520,2023-02-10 19:30:00,124,131,Schalke,Wolfsburg,WOL,SCH,1,1.7444,0,1.39713,0.580424,-0.4189309999999999,5.565217391304348,4,1,0.9653,0,0.999355,0.999355,0.4189309999999999,7.8125,3,0.53,4-2-3-1,4-2-3-1,0.47,4-2-3-1,4-2-3-1
3,2022,19513,2023-02-11 14:30:00,117,268,Bayern Munich,Bochum,BOC,BAY,0,0.0124,0,0.242356,0.242356,-3.375884,10.088235294117649,1,3,2.9791000000000003,3,4.37602,3.61824,3.375884,12.846153846153848,18,0.65,3-1-4-2,4-2-3-1,0.35,4-2-3-1,3-1-4-2
3,2022,19515,2023-02-11 14:30:00,135,133,Freiburg,Stuttgart,STU,FRE,0,0.4675,1,1.02739,1.02739,0.332405,19.846153846153847,5,3,2.35,2,2.21054,0.694985,-0.332405,11.043478260869565,8,0.52,4-2-3-1,04/03/2003,0.48,04/03/2003,4-2-3-1
3,2022,19517,2023-02-11 14:30:00,125,121,Mainz,Augsburg,AUG,MAI,0,0.1807,1,1.45453,0.696758,-3.3106920000000004,9.833333333333334,2,3,2.7439,3,4.00745,4.00745,3.3106920000000004,6.296296296296297,10,0.5,03/04/2003,04/03/2003,0.5,04/03/2003,03/04/2003
3,2022,19518,2023-02-11 14:30:00,120,119,Hoffenheim,Bayer Leverkusen,LEV,HOF,3,1.9567,3,1.47655,1.47655,0.694951,11.692307692307692,4,0,0.7717,1,0.781599,0.781599,-0.694951,8.432432432432432,5,0.5,03/04/2003,03/04/2003,0.5,03/04/2003,03/04/2003
3,2022,19521,2023-02-11 14:30:00,123,129,Werder Bremen,Borussia Dortmund,DOR,WER,3,2.7058,2,2.66556,2.66556,2.078087,10.285714285714286,8,0,0.1948,0,0.587473,0.587473,-2.078087,14.636363636363637,2,0.43,03/05/2002,4-1-4-1,0.57,4-1-4-1,03/05/2002
3,2022,19514,2023-02-11 17:30:00,136,240,RB Leipzig,Union Berlin,UNI,RBL,3,1.4834999999999998,2,1.04126,0.283484,-0.607915,17.625,3,0,1.1283,1,0.891399,0.891399,0.607915,12.857142857142858,4,0.64,03/04/2003,03/05/2002,0.36,03/05/2002,03/04/2003
3,2022,19519,2023-02-12 14:30:00,122,130,Hertha Berlin,Borussia Monchengladbach,BMG,HER,0,0.1282,1,0.421257,0.421257,-1.468853,6.1,6,3,2.797,4,2.64788,1.89011,1.468853,11.275,6,0.3,03/05/2002,4-2-3-1,0.7,4-2-3-1,03/05/2002
3,2022,19516,2023-02-12 16:30:00,134,132,Koln,Eintracht Frankfurt,EIN,COL,0,0.2877,0,0.368809,0.368809,-1.353051,14.352941176470589,5,3,2.5470000000000006,3,1.72186,1.72186,1.353051,10.363636363636363,2,0.43,4-2-3-1,03/04/2003,0.57,03/04/2003,4-2-3-1
3,2022,19529,2023-02-17 19:30:00,121,120,Augsburg,Hoffenheim,HOF,AUG,0,0.3494,0,0.446218,0.446218,-1.035362,10.77777777777778,4,3,2.4422,1,1.48158,1.48158,1.035362,11.291666666666666,5,0.46,04/04/2002,3-4-1-2,0.54,3-4-1-2,04/04/2002
3,2022,19525,2023-02-18 14:30:00,130,117,Borussia Monchengladbach,Bayern Munich,BAY,BMG,0,0.6869999999999999,2,1.22226,1.22226,-1.0434800000000002,17.7,7,3,2.1087,3,2.26574,2.26574,1.0434800000000002,8.052631578947368,14,0.54,4-2-3-1,3-1-4-2,0.46,3-1-4-2,4-2-3-1
3,2022,19527,2023-02-18 14:30:00,131,136,Wolfsburg,RB Leipzig,RBL,WOL,3,2.8887,3,3.04805,3.04805,2.78394,8.588235294117647,12,0,0.0672,0,0.26411,0.26411,-2.78394,12.448275862068966,3,0.43,4-2-3-1,4-2-3-1,0.57,4-2-3-1,4-2-3-1
3,2022,19528,2023-02-18 14:30:00,268,135,Bochum,Freiburg,FRE,BOC,3,2.0589,2,2.39926,2.39926,0.99087,5.892857142857143,7,0,0.7332,0,1.40839,1.40839,-0.99087,5.542857142857143,6,0.47,4-2-3-1,4-2-3-1,0.53,4-2-3-1,4-2-3-1
3,2022,19530,2023-02-18 14:30:00,133,134,Stuttgart,Koln,COL,STU,0,0.426,0,0.452073,0.452073,-1.246347,7.071428571428571,5,3,2.3712,3,1.69842,1.69842,1.246347,12.272727272727272,7,0.46,04/03/2003,4-2-3-1,0.54,4-2-3-1,04/03/2003
3,2022,19526,2023-02-18 17:30:00,132,123,Eintracht Frankfurt,Werder Bremen,WER,EIN,0,0.1311999999999999,0,0.150794,0.150794,-1.930686,13.291666666666666,2,3,2.7762999999999995,2,2.08148,2.08148,1.930686,14.137931034482758,6,0.45,03/04/2003,3-1-4-2,0.56,3-1-4-2,03/04/2003
3,2022,19524,2023-02-19 14:30:00,240,124,Union Berlin,Schalke,SCH,UNI,1,0.8113,0,0.385916,0.385916,-0.441276,9.85,5,1,1.8082,0,0.827192,0.827192,0.441276,6.1875,5,0.54,03/05/2002,4-2-3-1,0.46,4-2-3-1,03/05/2002
3,2022,19522,2023-02-19 16:30:00,129,122,Borussia Dortmund,Hertha Berlin,HER,DOR,0,0.6961,1,1.41428,1.41428,-0.93509,14.041666666666666,5,3,2.0869,4,2.34937,2.34937,0.93509,9.19047619047619,3,0.59,04/05/2001,3-1-4-2,0.41,3-1-4-2,04/05/2001
3,2022,19523,2023-02-19 18:30:00,119,125,Bayer Leverkusen,Mainz,MAI,LEV,3,0.7263,3,2.00397,1.24627,-1.01029,9.575757575757576,10,0,2.0745,2,3.01434,2.25656,1.01029,5.764705882352941,8,0.67,04/03/2003,3-4-1-2,0.33,3-4-1-2,04/03/2003
3,2022,19535,2023-02-24 19:30:00,125,130,Mainz,Borussia Monchengladbach,BMG,MAI,0,0.177,0,0.718556,0.718556,-2.232614,12.75,4,3,2.7363,4,2.95117,2.95117,2.232614,10.538461538461538,10,0.36,03/04/2003,4-2-3-1,0.64,4-2-3-1,03/04/2003
3,2022,19532,2023-02-25 14:30:00,136,132,RB Leipzig,Eintracht Frankfurt,EIN,RBL,0,0.6167,1,0.85563,0.85563,-1.0442900000000002,8.880952380952381,3,3,2.1755000000000004,2,1.89992,1.89992,1.0442900000000002,14.761904761904765,16,0.54,4-2-2-2,03/04/2003,0.46,03/04/2003,4-2-2-2
3,2022,19534,2023-02-25 14:30:00,134,131,Koln,Wolfsburg,WOL,COL,3,1.3394,2,1.00016,0.242388,-0.7924519999999999,10.884615384615383,7,0,1.3076,0,1.03484,1.03484,0.7924519999999999,7.076923076923077,3,0.57,04/04/2002,04/03/2003,0.43,04/03/2003,04/04/2002
3,2022,19536,2023-02-25 14:30:00,120,129,Hoffenheim,Borussia Dortmund,DOR,HOF,3,2.56,1,2.75881,2.75881,1.885133,10.61111111111111,14,0,0.3067,0,0.873677,0.873677,-1.885133,8.129032258064516,6,0.44,3-4-1-2,04/03/2003,0.56,04/03/2003,3-4-1-2
3,2022,19537,2023-02-25 14:30:00,122,121,Hertha Berlin,Augsburg,AUG,HER,0,1.1991,0,0.405958,0.405958,-0.046943,6.208333333333333,4,3,1.2938999999999998,2,0.452901,0.452901,0.046943,7.5,3,0.44,03/05/2002,04/04/2002,0.56,04/04/2002,03/05/2002
3,2022,19539,2023-02-25 14:30:00,123,268,Werder Bremen,Bochum,BOC,WER,0,0.6258,0,0.396228,0.396228,-0.779012,8.764705882352942,8,3,2.0649,3,1.17524,1.17524,0.779012,6.954545454545454,3,0.59,03/05/2002,03/04/2003,0.41,03/04/2003,03/05/2002
3,2022,19538,2023-02-25 17:30:00,124,133,Schalke,Stuttgart,STU,SCH,0,1.2079,1,1.66843,1.66843,-0.1977499999999998,4.62962962962963,2,3,1.5262,2,1.86618,1.86618,0.1977499999999998,14.095238095238097,2,0.34,4-2-3-1,04/03/2003,0.66,04/03/2003,4-2-3-1
3,2022,19533,2023-02-26 14:30:00,135,119,Freiburg,Bayer Leverkusen,LEV,FRE,1,1.9605,1,2.0609,2.0609,0.7729000000000001,11.571428571428571,4,1,0.774,1,1.288,1.288,-0.7729000000000001,12.655172413793103,0,0.45,04/04/2002,04/03/2003,0.55,04/03/2003,04/04/2002
3,2022,19531,2023-02-26 16:30:00,117,240,Bayern Munich,Union Berlin,UNI,BAY,0,0.0214,0,0.212984,0.212984,-3.651046,26.5625,6,3,2.9632,3,3.86403,3.86403,3.651046,6.666666666666667,22,0.7,4-2-3-1,03/05/2002,0.3,03/05/2002,4-2-3-1
3,2022,19540,2023-03-03 19:30:00,129,136,Borussia Dortmund,RB Leipzig,RBL,DOR,0,2.2128,1,2.19847,2.19847,1.827272,6.764705882352941,6,3,0.5574,2,1.12897,0.371198,-1.827272,20.11764705882353,3,0.38,4-1-4-1,4-2-2-2,0.62,4-2-2-2,4-1-4-1
3,2022,19542,2023-03-04 14:30:00,240,134,Union Berlin,Koln,COL,UNI,1,1.6755,0,0.798698,0.798698,0.341809,12.307692307692308,3,1,0.9333,0,0.456889,0.456889,-0.341809,14.545454545454543,14,0.52,03/05/2002,4-2-3-1,0.48,4-2-3-1,03/05/2002
3,2022,19543,2023-03-04 14:30:00,125,120,Mainz,Hoffenheim,HOF,MAI,0,0.9638,0,0.616344,0.616344,-0.4196059999999999,6.0,6,3,1.7051,1,1.03595,1.03595,0.4196059999999999,7.88,12,0.47,03/04/2003,03/04/2003,0.53,03/04/2003,03/04/2003
3,2022,19544,2023-03-04 14:30:00,130,135,Borussia Monchengladbach,Freiburg,FRE,BMG,1,0.5321,0,0.286316,0.286316,-0.827834,13.869565217391305,7,1,2.174,0,1.11415,1.11415,0.827834,15.333333333333334,9,0.53,4-2-3-1,03/05/2002,0.48,03/05/2002,4-2-3-1
3,2022,19546,2023-03-04 14:30:00,268,124,Bochum,Schalke,SCH,BOC,3,1.2269,2,0.873349,0.873349,-0.0526519999999999,11.38888888888889,3,0,1.4084,0,0.926001,0.926001,0.0526519999999999,3.0,4,0.63,04/03/2003,04/03/2003,0.37,04/03/2003,04/03/2003
3,2022,19547,2023-03-04 14:30:00,121,123,Augsburg,Werder Bremen,WER,AUG,0,2.2781,1,1.68845,1.68845,1.195261,9.043478260869565,10,3,0.4988,2,0.493189,0.493189,-1.195261,17.105263157894736,4,0.38,04/04/2002,03/05/2002,0.62,03/05/2002,04/04/2002
3,2022,19548,2023-03-04 17:30:00,133,117,Stuttgart,Bayern Munich,BAY,STU,3,2.6451,2,2.55612,2.55612,1.959199,9.166666666666666,11,0,0.2405999999999999,1,0.596921,0.596921,-1.959199,14.555555555555555,3,0.39,04/03/2003,4-2-3-1,0.61,4-2-3-1,04/03/2003
3,2022,19541,2023-03-05 14:30:00,119,122,Bayer Leverkusen,Hertha Berlin,HER,LEV,0,0.4484,1,0.957931,0.200154,-2.064446,17.68,1,3,2.3497999999999997,4,2.2646,2.2646,2.064446,12.714285714285714,12,0.62,03/04/2003,03/05/2002,0.38,03/05/2002,03/04/2003
3,2022,19545,2023-03-05 16:30:00,131,132,Wolfsburg,Eintracht Frankfurt,EIN,WOL,1,0.9172,2,1.18348,1.18348,-0.5893199999999998,13.727272727272728,4,1,1.8229,2,1.7728,1.7728,0.5893199999999998,14.0625,15,0.52,04/03/2003,03/04/2003,0.48,03/04/2003,04/03/2003
3,2022,19552,2023-03-10 19:30:00,134,268,Koln,Bochum,BOC,COL,3,2.3735,2,1.73391,0.97613,0.3907320000000001,13.894736842105264,4,0,0.4337,0,0.585398,0.585398,-0.3907320000000001,6.15,9,0.63,4-2-3-1,04/03/2003,0.37,04/03/2003,4-2-3-1
3,2022,19549,2023-03-11 14:30:00,117,121,Bayern Munich,Augsburg,AUG,BAY,0,1.3884,3,2.48124,1.72346,-0.7704700000000002,13.615384615384617,3,3,1.3866,5,2.49393,2.49393,0.7704700000000002,7.75,14,0.66,03/04/2003,4-2-3-1,0.34,4-2-3-1,03/04/2003
3,2022,19550,2023-03-11 14:30:00,136,130,RB Leipzig,Borussia Monchengladbach,BMG,RBL,0,0.7363,0,1.44596,0.688178,-0.821512,24.1875,2,3,2.0254000000000003,3,2.26747,1.50969,0.821512,8.75,11,0.66,4-2-2-2,4-2-3-1,0.34,4-2-3-1,4-2-2-2
3,2022,19553,2023-03-11 14:30:00,132,133,Eintracht Frankfurt,Stuttgart,STU,EIN,1,1.1586,1,0.434277,0.434277,-0.0909459999999999,10.727272727272728,4,1,1.3689,1,0.525223,0.525223,0.0909459999999999,8.96774193548387,9,0.52,03/04/2003,04/03/2003,0.49,04/03/2003,03/04/2003
3,2022,19555,2023-03-11 14:30:00,122,125,Hertha Berlin,Mainz,MAI,HER,1,0.3374,1,0.388401,0.388401,-0.471053,4.32,5,1,2.4758,1,1.61723,0.859454,0.471053,13.647058823529411,1,0.4,3-1-4-2,03/04/2003,0.6,03/04/2003,3-1-4-2
3,2022,19556,2023-03-11 17:30:00,124,129,Schalke,Borussia Dortmund,DOR,SCH,1,1.0072,2,1.2204,1.2204,-0.3041500000000001,8.61111111111111,6,1,1.6999,2,1.52455,1.52455,0.3041500000000001,10.15625,4,0.35,4-2-3-1,04/03/2003,0.66,04/03/2003,4-2-3-1
3,2022,19551,2023-03-12 14:30:00,135,120,Freiburg,Hoffenheim,HOF,FRE,0,2.0077,1,1.16149,1.16149,0.7094649999999999,9.482758620689657,7,3,0.6817,2,0.452025,0.452025,-0.7094649999999999,7.136363636363637,1,0.6,04/04/2002,03/05/2002,0.4,03/05/2002,04/04/2002
3,2022,19557,2023-03-12 16:30:00,123,119,Werder Bremen,Bayer Leverkusen,LEV,WER,3,0.9316,3,1.21761,1.21761,0.267059,30.7,5,0,1.7944,2,1.70833,0.950551,-0.267059,9.20689655172414,16,0.53,3-1-4-2,03/04/2003,0.47,03/04/2003,3-1-4-2
3,2022,19554,2023-03-12 18:30:00,131,240,Wolfsburg,Union Berlin,UNI,WOL,1,1.2763,1,1.22513,0.467349,-0.8633010000000001,17.88235294117647,3,1,1.4125,1,1.33065,1.33065,0.8633010000000001,12.357142857142858,6,0.58,04/03/2003,03/04/2003,0.42,03/04/2003,04/03/2003
3,2022,19563,2023-03-17 19:30:00,130,123,Borussia Monchengladbach,Werder Bremen,WER,BMG,1,0.1078,2,0.764773,0.764773,-2.919087,13.916666666666666,8,1,2.8435,2,3.68386,3.68386,2.919087,7.916666666666667,5,0.59,4-2-3-1,03/05/2002,0.42,03/05/2002,4-2-3-1
3,2022,19562,2023-03-18 14:30:00,120,122,Hoffenheim,Hertha Berlin,HER,HOF,0,0.2535,1,0.807728,0.807728,-0.2896719999999999,10.5,5,3,2.6346,3,2.61296,1.0974,0.2896719999999999,9.68421052631579,6,0.47,03/04/2003,03/05/2002,0.53,03/05/2002,03/04/2003
3,2022,19564,2023-03-18 14:30:00,268,136,Bochum,RB Leipzig,RBL,BOC,0,1.7724,0,1.92026,1.92026,0.6097400000000002,9.0625,13,3,0.9555,1,1.31052,1.31052,-0.6097400000000002,12.615384615384617,4,0.35,4-3-1-2,4-2-2-2,0.65,4-2-2-2,4-3-1-2
3,2022,19565,2023-03-18 14:30:00,121,124,Augsburg,Schalke,SCH,AUG,1,2.4642,1,1.68365,0.925875,0.530222,3.7666666666666666,11,1,0.3435,1,0.395653,0.395653,-0.530222,7.363636363636363,3,0.42,04/04/2002,04/03/2003,0.58,04/03/2003,04/04/2002
3,2022,19566,2023-03-18 14:30:00,133,131,Stuttgart,Wolfsburg,WOL,STU,3,1.5128,1,0.6744,0.6744,0.203125,14.61904761904762,8,0,1.0703,0,0.471275,0.471275,-0.203125,7.7407407407407405,2,0.57,04/03/2003,4-2-3-1,0.43,4-2-3-1,04/03/2003
3,2022,19558,2023-03-18 17:30:00,129,134,Borussia Dortmund,Koln,COL,DOR,0,0.2714,1,1.46899,1.46899,-1.90203,17.571428571428573,4,3,2.6132,6,3.37102,3.37102,1.90203,13.227272727272728,15,0.64,04/03/2003,4-2-2-2,0.36,4-2-2-2,04/03/2003
3,2022,19560,2023-03-19 14:30:00,240,132,Union Berlin,Eintracht Frankfurt,EIN,UNI,0,2.0852000000000004,0,2.20535,2.20535,0.9749900000000002,9.533333333333331,8,3,0.6950000000000001,2,1.23036,1.23036,-0.9749900000000002,9.064516129032258,1,0.37,03/05/2002,03/04/2003,0.63,03/04/2003,03/05/2002
3,2022,19559,2023-03-19 16:30:00,119,117,Bayer Leverkusen,Bayern Munich,BAY,LEV,0,0.7003999999999999,1,1.10651,1.10651,0.771919,6.82051282051282,6,3,2.0546,2,1.85014,0.334591,-0.771919,17.333333333333332,2,0.4,04/03/2003,3-1-4-2,0.6,3-1-4-2,04/03/2003
3,2022,19561,2023-03-19 18:30:00,125,135,Mainz,Freiburg,FRE,MAI,1,1.1834,1,1.35257,1.35257,-0.2258,9.421052631578949,6,1,1.5257,1,1.57837,1.57837,0.2258,7.1,5,0.47,03/04/2003,03/04/2003,0.53,03/04/2003,03/04/2003
3,2022,19570,2023-03-31 19:30:00,132,268,Eintracht Frankfurt,Bochum,BOC,EIN,1,0.276,1,1.15016,1.15016,-1.19061,18.166666666666668,4,1,2.5962,1,3.09855,2.34077,1.19061,4.809523809523809,18,0.73,03/04/2003,04/04/2002,0.27,04/04/2002,03/04/2003
3,2022,19567,2023-04-01 13:30:00,240,133,Union Berlin,Stuttgart,STU,UNI,0,2.0011,0,2.62164,2.62164,0.9179200000000004,9.125,2,3,0.778,3,1.70372,1.70372,-0.9179200000000004,27.5,5,0.38,03/05/2002,04/03/2003,0.62,04/03/2003,03/05/2002
3,2022,19568,2023-04-01 13:30:00,135,122,Freiburg,Hertha Berlin,HER,FRE,1,2.2652,1,2.08511,2.08511,1.2226649999999997,18.133333333333333,5,1,0.542,1,0.862445,0.862445,-1.2226649999999997,12.944444444444445,3,0.58,03/04/2003,03/05/2002,0.42,03/05/2002,03/04/2003
3,2022,19571,2023-04-01 13:30:00,131,121,Wolfsburg,Augsburg,AUG,WOL,1,0.0987,2,0.918055,0.918055,-2.262315,21.31578947368421,2,1,2.8499999999999996,2,3.93815,3.18037,2.262315,9.25,5,0.68,04/03/2003,04/04/2002,0.32,04/04/2002,04/03/2003
3,2022,19572,2023-04-01 13:30:00,124,119,Schalke,Bayer Leverkusen,LEV,SCH,3,2.7517000000000005,3,3.28042,3.28042,2.303756,10.555555555555555,9,0,0.1657,0,0.976664,0.976664,-2.303756,5.45945945945946,6,0.48,4-2-3-1,03/04/2003,0.52,03/04/2003,4-2-3-1
3,2022,19575,2023-04-01 13:30:00,136,125,RB Leipzig,Mainz,MAI,RBL,3,2.6446,3,2.54838,2.54838,1.964322,15.846153846153848,6,0,0.2385999999999999,0,0.584058,0.584058,-1.964322,8.058823529411764,2,0.69,4-2-2-2,03/04/2003,0.31,03/04/2003,4-2-2-2
3,2022,19574,2023-04-01 16:30:00,117,129,Bayern Munich,Borussia Dortmund,DOR,BAY,0,0.4034999999999999,2,1.57525,0.81747,-2.28347,16.454545454545453,9,3,2.4426,4,3.10094,3.10094,2.28347,12.76923076923077,11,0.49,4-2-3-1,04/05/2001,0.51,04/05/2001,4-2-3-1
3,2022,19569,2023-04-02 13:30:00,134,130,Koln,Borussia Monchengladbach,BMG,COL,1,0.8414,0,0.520471,0.520471,-0.531449,32.125,5,1,1.8227,0,1.05192,1.05192,0.531449,6.888888888888889,9,0.51,4-1-4-1,4-2-3-1,0.49,4-2-3-1,4-1-4-1
3,2022,19573,2023-04-02 15:30:00,123,120,Werder Bremen,Hoffenheim,HOF,WER,3,2.186,2,1.63673,1.63673,0.96335,8.852941176470589,7,0,0.5858,1,0.67338,0.67338,-0.96335,10.833333333333334,11,0.57,03/04/2003,03/05/2002,0.43,03/05/2002,03/04/2003
3,2022,19576,2023-04-08 13:30:00,129,240,Borussia Dortmund,Union Berlin,UNI,DOR,0,0.1595,1,0.522776,0.522776,-1.979324,14.652173913043478,7,3,2.744,2,2.5021,2.5021,1.979324,14.076923076923077,6,0.64,04/03/2003,03/05/2002,0.36,03/05/2002,04/03/2003
3,2022,19577,2023-04-08 13:30:00,119,132,Bayer Leverkusen,Eintracht Frankfurt,EIN,LEV,0,0.378,1,0.7609,0.7609,-1.5896500000000002,10.8,3,3,2.4597,3,2.35055,2.35055,1.5896500000000002,14.307692307692308,8,0.43,3-4-1-2,03/04/2003,0.57,03/04/2003,3-4-1-2
3,2022,19578,2023-04-08 13:30:00,135,117,Freiburg,Bayern Munich,BAY,FRE,3,2.5435999999999996,1,3.09211,3.09211,2.00121,6.666666666666667,19,0,0.3245,0,1.0909,1.0909,-2.00121,18.571428571428573,6,0.33,4-2-2-2,4-1-4-1,0.67,4-1-4-1,4-2-2-2
3,2022,19579,2023-04-08 13:30:00,125,123,Mainz,Werder Bremen,WER,MAI,1,0.6929,2,1.08214,1.08214,-0.90457,8.846153846153847,2,1,2.0756,2,1.98671,1.98671,0.90457,11.391304347826088,11,0.5,03/04/2003,03/05/2002,0.5,03/05/2002,03/04/2003
3,2022,19583,2023-04-08 13:30:00,121,134,Augsburg,Koln,COL,AUG,3,2.2742,3,2.0605,2.0605,1.1186350000000005,13.88888888888889,6,0,0.5021,1,0.941865,0.941865,-1.1186350000000005,17.75,5,0.52,04/04/2002,4-1-4-1,0.48,4-1-4-1,04/04/2002
3,2022,19584,2023-04-08 16:30:00,122,136,Hertha Berlin,RB Leipzig,RBL,HER,3,2.7805,1,2.57231,2.57231,2.0684829999999996,5.238095238095238,11,0,0.1396,0,0.503827,0.503827,-2.0684829999999996,10.758620689655173,1,0.33,03/05/2002,03/04/2003,0.67,03/04/2003,03/05/2002
3,2022,19581,2023-04-09 13:30:00,130,131,Borussia Monchengladbach,Wolfsburg,WOL,BMG,0,1.0587,0,1.22997,1.22997,-0.32687,7.37037037037037,12,3,1.644,2,1.55684,1.55684,0.32687,12.173913043478262,11,0.44,4-2-3-1,04/03/2003,0.56,04/03/2003,4-2-3-1
3,2022,19582,2023-04-09 15:30:00,268,133,Bochum,Stuttgart,STU,BOC,3,1.4656000000000002,3,2.37385,2.37385,0.90903,26.90909090909091,2,0,1.2631,2,2.22259,1.46482,-0.90903,4.914285714285715,9,0.55,4-2-3-1,03/05/2002,0.45,03/05/2002,4-2-3-1
3,2022,19580,2023-04-09 17:30:00,120,124,Hoffenheim,Schalke,SCH,HOF,0,0.2897,0,0.561062,0.561062,-0.8582180000000001,5.2,4,3,2.564,2,2.17705,1.41928,0.8582180000000001,8.523809523809524,6,0.45,03/05/2002,4-2-3-1,0.55,4-2-3-1,03/05/2002
3,2022,19592,2023-04-14 18:30:00,124,122,Schalke,Hertha Berlin,HER,SCH,0,0.6545000000000001,2,1.12148,1.12148,-0.9778699999999998,5.458333333333333,7,3,2.1182,5,2.09935,2.09935,0.9778699999999998,6.368421052631579,4,0.52,4-2-3-1,03/05/2002,0.48,03/05/2002,4-2-3-1
3,2022,19585,2023-04-15 13:30:00,117,120,Bayern Munich,Hoffenheim,HOF,BAY,1,0.2579,1,0.27365,0.27365,-1.61632,16.772727272727273,5,1,2.5904,1,1.88997,1.88997,1.61632,7.916666666666667,18,0.66,4-2-3-1,03/05/2002,0.34,03/05/2002,4-2-3-1
3,2022,19586,2023-04-15 13:30:00,136,121,RB Leipzig,Augsburg,AUG,RBL,0,1.111,2,0.864778,0.864778,-0.272942,18.09090909090909,5,3,1.5763,3,1.13772,1.13772,0.272942,12.173913043478262,3,0.59,03/04/2003,03/04/2003,0.41,03/04/2003,03/04/2003
3,2022,19588,2023-04-15 13:30:00,134,125,Koln,Mainz,MAI,COL,1,1.1886,1,0.762976,0.762976,-0.174545,11.666666666666666,6,1,1.4343,1,0.937521,0.937521,0.174545,12.4,7,0.54,4-2-3-1,03/04/2003,0.46,03/04/2003,4-2-3-1
3,2022,19591,2023-04-15 13:30:00,133,129,Stuttgart,Borussia Dortmund,DOR,STU,1,1.4936,3,1.52309,1.52309,0.17354,10.92,15,1,1.2239,3,1.34955,1.34955,-0.17354,34.09090909090909,13,0.43,03/04/2003,4-1-4-1,0.57,4-1-4-1,03/04/2003
3,2022,19589,2023-04-15 16:30:00,132,130,Eintracht Frankfurt,Borussia Monchengladbach,BMG,EIN,1,0.3514,1,0.640098,0.640098,-1.533592,40.857142857142854,4,1,2.4805,1,2.17369,2.17369,1.533592,8.272727272727273,11,0.59,03/04/2003,4-2-3-1,0.41,4-2-3-1,03/04/2003
3,2022,19593,2023-04-16 13:30:00,123,135,Werder Bremen,Freiburg,FRE,WER,3,0.4928,2,0.473775,0.473775,-0.957295,9.846153846153848,5,0,2.2724,1,1.43107,1.43107,0.957295,12.954545454545457,16,0.5,03/05/2002,4-2-2-2,0.51,4-2-2-2,03/05/2002
3,2022,19587,2023-04-16 15:30:00,240,268,Union Berlin,Bochum,BOC,UNI,1,1.7575,1,1.51987,0.762094,-0.2939859999999998,10.625,5,1,0.9262,1,1.05608,1.05608,0.2939859999999998,15.833333333333334,5,0.4,03/05/2002,04/03/2003,0.6,04/03/2003,03/05/2002
3,2022,19590,2023-04-16 17:30:00,131,119,Wolfsburg,Bayer Leverkusen,LEV,WOL,1,1.6837,0,0.992006,0.992006,0.3750770000000001,9.75,11,1,0.9805,0,0.616929,0.616929,-0.3750770000000001,15.26923076923077,6,0.43,05/03/2002,04/03/2003,0.57,04/03/2003,05/03/2002
3,2022,19601,2023-04-21 18:30:00,121,133,Augsburg,Stuttgart,STU,AUG,1,1.8246,1,1.17537,1.17537,0.446346,9.142857142857142,6,1,0.7326,1,0.729024,0.729024,-0.446346,11.333333333333334,0,0.38,04/04/2002,03/04/2003,0.62,03/04/2003,04/04/2002
3,2022,19597,2023-04-22 13:30:00,125,117,Mainz,Bayern Munich,BAY,MAI,0,2.3567,1,2.70283,2.70283,1.40714,7.285714285714286,16,3,0.4688,3,1.29569,1.29569,-1.40714,10.717948717948715,5,0.26,03/04/2003,3-1-4-2,0.74,3-1-4-2,03/04/2003
3,2022,19598,2023-04-22 13:30:00,120,134,Hoffenheim,Koln,COL,HOF,3,2.3686000000000003,3,2.07085,1.31307,0.536418,17.5,7,0,0.4489,1,0.776652,0.776652,-0.536418,11.36842105263158,8,0.54,03/05/2002,4-2-3-1,0.46,4-2-3-1,03/05/2002
3,2022,19600,2023-04-22 13:30:00,268,131,Bochum,Wolfsburg,WOL,BOC,3,1.796,5,3.34214,2.51309,-0.2614100000000001,13.166666666666666,7,0,0.9866,1,2.7745,2.7745,0.2614100000000001,4.4,10,0.54,4-2-3-1,04/03/2003,0.46,04/03/2003,4-2-3-1
3,2022,19602,2023-04-22 13:30:00,122,123,Hertha Berlin,Werder Bremen,WER,HER,3,1.8653999999999995,4,2.33844,2.33844,1.424731,9.392857142857142,9,0,0.9063,2,1.67149,0.913709,-1.424731,7.875,7,0.54,4-1-4-1,03/05/2002,0.46,03/05/2002,4-1-4-1
3,2022,19594,2023-04-22 16:30:00,129,132,Borussia Dortmund,Eintracht Frankfurt,EIN,DOR,0,0.5676,0,0.452485,0.452485,-0.985855,9.1875,7,3,2.1792,4,1.43834,1.43834,0.985855,10.045454545454543,8,0.55,04/03/2003,03/04/2003,0.46,03/04/2003,04/03/2003
3,2022,19596,2023-04-23 13:30:00,135,124,Freiburg,Schalke,SCH,FRE,0,0.1659999999999999,0,0.388444,0.388444,-2.247286,11.4375,1,3,2.7427,4,2.63573,2.63573,2.247286,14.72222222222222,6,0.45,4-2-2-2,4-2-3-1,0.56,4-2-3-1,4-2-2-2
3,2022,19595,2023-04-23 15:30:00,119,136,Bayer Leverkusen,RB Leipzig,RBL,LEV,0,2.2163000000000004,0,2.11824,2.11824,1.841978,11.0,6,3,0.5498000000000001,2,1.03404,0.276262,-1.841978,22.6,3,0.31,03/04/2003,03/04/2003,0.69,03/04/2003,03/04/2003
3,2022,19599,2023-04-23 17:30:00,130,240,Borussia Monchengladbach,Union Berlin,UNI,BMG,3,2.0652,1,1.21726,1.21726,0.80879,39.45454545454545,3,0,0.6408,0,0.40847,0.40847,-0.80879,25.8,5,0.62,4-2-3-1,03/05/2002,0.38,03/05/2002,4-2-3-1
3,2022,19609,2023-04-28 18:30:00,268,129,Bochum,Borussia Dortmund,DOR,BOC,1,2.7874,1,2.93268,2.93268,2.35977,9.153846153846152,12,1,0.139,1,0.57291,0.57291,-2.35977,11.391304347826088,3,0.34,4-2-3-1,04/03/2003,0.67,04/03/2003,4-2-3-1
3,2022,19604,2023-04-29 13:30:00,136,120,RB Leipzig,Hoffenheim,HOF,RBL,0,0.2663999999999999,0,0.217156,0.217156,-1.4904240000000002,9.971428571428572,6,3,2.5617,1,1.70758,1.70758,1.4904240000000002,16.785714285714285,8,0.58,03/04/2003,03/05/2002,0.42,03/05/2002,03/04/2003
3,2022,19605,2023-04-29 13:30:00,240,119,Union Berlin,Bayer Leverkusen,LEV,UNI,1,1.2517,0,0.550938,0.550938,-0.0299229999999999,13.692307692307692,8,1,1.3186,0,0.580861,0.580861,0.0299229999999999,16.75,6,0.34,03/05/2002,03/04/2003,0.66,03/04/2003,03/05/2002
3,2022,19606,2023-04-29 13:30:00,134,135,Koln,Freiburg,FRE,COL,3,1.2907,1,1.3678,1.3678,-0.11074,16.571428571428573,5,0,1.4266,0,1.47854,1.47854,0.11074,8.25,13,0.57,4-2-3-1,4-2-2-2,0.43,4-2-2-2,4-2-3-1
3,2022,19607,2023-04-29 13:30:00,132,121,Eintracht Frankfurt,Augsburg,AUG,EIN,1,1.202,1,0.461266,0.461266,-0.065538,19.0625,6,1,1.3274,1,0.526804,0.526804,0.065538,10.38888888888889,11,0.59,03/04/2003,04/04/2002,0.41,04/04/2002,03/04/2003
3,2022,19610,2023-04-29 13:30:00,133,130,Stuttgart,Borussia Monchengladbach,BMG,STU,0,0.3207,1,1.2489,0.491201,-1.487469,11.090909090909092,3,3,2.5176000000000003,2,2.73645,1.97867,1.487469,25.25,11,0.42,05/03/2002,4-2-3-1,0.58,4-2-3-1,05/03/2002
3,2022,19611,2023-04-29 16:30:00,124,123,Schalke,Werder Bremen,WER,SCH,0,1.5703,1,1.48812,1.48812,0.23859,10.391304347826088,8,3,1.1548,2,1.24953,1.24953,-0.23859,8.130434782608695,5,0.57,4-2-3-1,03/05/2002,0.43,03/05/2002,4-2-3-1
3,2022,19603,2023-04-30 13:30:00,117,122,Bayern Munich,Hertha Berlin,HER,BAY,0,0.0429,0,0.0835934,0.0835934,-2.8436266000000003,25.285714285714285,1,3,2.9232,2,2.92722,2.92722,2.8436266000000003,4.15,17,0.81,4-2-3-1,04/04/2002,0.19,04/04/2002,4-2-3-1
3,2022,19608,2023-04-30 15:30:00,131,125,Wolfsburg,Mainz,MAI,WOL,0,1.3563,0,1.44665,1.44665,0.0055199999999999,10.607142857142858,11,3,1.3602,3,1.44113,1.44113,-0.0055199999999999,13.045454545454543,6,0.51,03/04/2003,03/04/2003,0.49,03/04/2003,03/04/2003
3,2022,19613,2023-05-05 18:30:00,119,134,Bayer Leverkusen,Koln,COL,LEV,3,1.6321,2,1.02795,1.02795,0.3030709999999998,14.533333333333331,4,0,1.0369,1,0.724879,0.724879,-0.3030709999999998,9.75,3,0.64,03/04/2003,4-2-3-1,0.36,4-2-3-1,03/04/2003
3,2022,19615,2023-05-05 18:30:00,125,124,Mainz,Schalke,SCH,MAI,3,2.7118,3,3.14666,2.38889,1.3978929999999998,20.818181818181817,8,0,0.193,2,0.990997,0.990997,-1.3978929999999998,6.6521739130434785,3,0.57,03/04/2003,4-2-3-1,0.43,4-2-3-1,03/04/2003
3,2022,19614,2023-05-06 13:30:00,135,136,Freiburg,RB Leipzig,RBL,FRE,3,2.7438999999999996,1,1.89448,1.89448,1.743729,11.4375,7,0,0.1495,0,0.150751,0.150751,-1.743729,19.533333333333335,6,0.41,4-2-2-2,4-2-2-2,0.59,4-2-2-2,4-2-2-2
3,2022,19616,2023-05-06 13:30:00,120,132,Hoffenheim,Eintracht Frankfurt,EIN,HOF,0,1.5665,1,2.41375,2.41375,1.04141,6.45,13,3,1.1732,3,2.13012,1.37234,-1.04141,13.944444444444445,5,0.31,03/05/2002,03/04/2003,0.69,03/04/2003,03/05/2002
3,2022,19617,2023-05-06 13:30:00,130,268,Borussia Monchengladbach,Bochum,BOC,BMG,0,0.5253,0,0.921673,0.921673,-1.396847,11.941176470588236,7,3,2.2895999999999996,2,2.31852,2.31852,1.396847,14.5,13,0.56,4-2-3-1,04/03/2003,0.44,04/03/2003,4-2-3-1
3,2022,19618,2023-05-06 13:30:00,121,240,Augsburg,Union Berlin,UNI,AUG,0,0.8551,0,0.485635,0.485635,-0.5238149999999999,8.55,6,3,1.8031,1,1.00945,1.00945,0.5238149999999999,17.0,3,0.38,03/04/2003,03/05/2002,0.62,03/05/2002,03/04/2003
3,2022,19619,2023-05-06 13:30:00,122,133,Hertha Berlin,Stuttgart,STU,HER,0,0.9749,1,1.08971,1.08971,-0.40869,4.481481481481482,5,3,1.7237,2,1.4984,1.4984,0.40869,25.0,3,0.3,04/04/2002,03/04/2003,0.7,03/04/2003,04/04/2002
3,2022,19620,2023-05-06 16:30:00,123,117,Werder Bremen,Bayern Munich,BAY,WER,3,2.2933,2,2.02292,2.02292,1.216946,7.260869565217392,9,0,0.5176000000000001,1,0.805974,0.805974,-1.216946,14.44,5,0.33,03/05/2002,4-2-3-1,0.67,4-2-3-1,03/05/2002
3,2022,19612,2023-05-07 15:30:00,129,131,Borussia Dortmund,Wolfsburg,WOL,DOR,0,0.0252,0,0.946113,0.946113,-3.433117,10.444444444444445,4,3,2.9619,6,5.13701,4.37923,3.433117,8.73076923076923,22,0.57,04/05/2001,3-1-4-2,0.43,3-1-4-2,04/05/2001
3,2022,19625,2023-05-12 18:30:00,134,122,Koln,Hertha Berlin,HER,COL,0,0.0686,2,1.11757,1.11757,-3.60895,11.37037037037037,5,3,2.8996999999999997,5,4.72652,4.72652,3.60895,6.615384615384615,11,0.63,4-2-3-1,04/04/2002,0.37,04/04/2002,4-2-3-1
3,2022,19621,2023-05-13 13:30:00,117,124,Bayern Munich,Schalke,SCH,BAY,0,0.0048,0,0.33961,0.33961,-3.95861,18.666666666666668,3,3,2.9925,6,5.05599,4.29822,3.95861,8.8,16,0.62,4-1-4-1,4-2-3-1,0.38,4-2-3-1,4-1-4-1
3,2022,19624,2023-05-13 13:30:00,240,135,Union Berlin,Freiburg,FRE,UNI,0,1.9103,2,2.08886,1.33108,-0.1162499999999999,7.526315789473684,9,3,0.8408,4,1.44733,1.44733,0.1162499999999999,17.263157894736842,9,0.36,03/05/2002,03/04/2003,0.64,03/04/2003,03/05/2002
3,2022,19626,2023-05-13 13:30:00,132,125,Eintracht Frankfurt,Mainz,MAI,EIN,0,0.5751999999999999,0,0.944589,0.944589,-0.335921,20.928571428571427,3,3,2.2036,3,2.03828,1.28051,0.335921,23.0,13,0.55,03/04/2003,03/04/2003,0.45,03/04/2003,03/04/2003
3,2022,19627,2023-05-13 13:30:00,131,120,Wolfsburg,Hoffenheim,HOF,WOL,0,1.1065,1,0.758147,0.758147,-0.2130689999999999,9.75,2,3,1.5517,2,0.971216,0.971216,0.2130689999999999,10.826086956521738,3,0.46,3-1-4-2,03/05/2002,0.54,03/05/2002,3-1-4-2
3,2022,19628,2023-05-13 13:30:00,268,121,Bochum,Augsburg,AUG,BOC,0,1.3306999999999998,2,1.32904,1.32904,0.00557,7.0,7,3,1.3598,3,1.32347,1.32347,-0.00557,5.0,7,0.55,04/03/2003,03/04/2003,0.45,03/04/2003,04/03/2003
3,2022,19622,2023-05-13 16:30:00,129,130,Borussia Dortmund,Borussia Monchengladbach,BMG,DOR,0,0.0161,2,1.63094,0.873163,-4.614197,14.25,1,3,2.9747,5,6.24513,5.48736,4.614197,13.956521739130435,12,0.55,4-2-3-1,4-2-3-1,0.45,4-2-3-1,4-2-3-1
3,2022,19629,2023-05-14 13:30:00,133,119,Stuttgart,Bayer Leverkusen,LEV,STU,1,1.4707,1,1.57634,0.818565,0.149228,15.826086956521738,5,1,1.1938,1,1.42711,0.669337,-0.149228,32.0,7,0.52,03/04/2003,03/04/2003,0.48,03/04/2003,03/04/2003
3,2022,19623,2023-05-14 15:30:00,136,123,RB Leipzig,Werder Bremen,WER,RBL,0,0.907,1,1.17378,1.17378,-0.6234199999999999,22.733333333333334,7,3,1.8301,2,1.7972,1.7972,0.6234199999999999,8.24,15,0.62,4-2-2-2,3-1-4-2,0.38,3-1-4-2,4-2-2-2
3,2022,19632,2023-05-19 18:30:00,135,131,Freiburg,Wolfsburg,WOL,FRE,0,0.6998,0,0.658973,0.658973,-0.7874969999999999,9.08,7,3,2.0222,2,1.44647,1.44647,0.7874969999999999,11.833333333333334,6,0.43,03/04/2003,3-1-4-2,0.57,3-1-4-2,03/04/2003
3,2022,19634,2023-05-20 13:30:00,120,240,Hoffenheim,Union Berlin,UNI,HOF,0,0.7871,2,1.67535,1.67535,-0.0570300000000001,9.478260869565217,11,3,1.997,4,2.49016,1.73238,0.0570300000000001,13.142857142857142,4,0.43,03/04/2003,03/05/2002,0.57,03/05/2002,03/04/2003
3,2022,19636,2023-05-20 13:30:00,122,268,Hertha Berlin,Bochum,BOC,HER,1,1.6014,1,1.65012,1.65012,0.2885299999999999,6.2,11,1,1.1325,1,1.36159,1.36159,-0.2885299999999999,10.384615384615383,11,0.51,04/03/2003,04/03/2003,0.49,04/03/2003,04/03/2003
3,2022,19637,2023-05-20 13:30:00,124,132,Schalke,Eintracht Frankfurt,EIN,SCH,1,1.5975,2,1.36879,1.36879,0.2349099999999999,7.090909090909091,3,1,1.0791,2,1.13388,1.13388,-0.2349099999999999,7.2592592592592595,4,0.49,4-2-3-1,03/04/2003,0.51,03/04/2003,4-2-3-1
3,2022,19638,2023-05-20 13:30:00,123,134,Werder Bremen,Koln,COL,WER,1,1.3024,1,1.85587,1.85587,-0.1093000000000001,15.466666666666669,3,1,1.432,1,1.96517,1.96517,0.1093000000000001,17.941176470588236,8,0.44,3-1-4-2,4-2-3-1,0.56,4-2-3-1,3-1-4-2
3,2022,19630,2023-05-20 16:30:00,117,136,Bayern Munich,RB Leipzig,RBL,BAY,3,2.0866,3,2.63992,1.12437,-0.51518,11.181818181818182,7,0,0.7126,1,1.63955,1.63955,0.51518,11.75,9,0.6,4-2-3-1,4-2-2-2,0.4,4-2-2-2,4-2-3-1
3,2022,19633,2023-05-21 13:30:00,125,133,Mainz,Stuttgart,STU,MAI,3,1.3483,4,1.40314,1.40314,-0.0129699999999999,15.647058823529411,6,0,1.3057,1,1.41611,1.41611,0.0129699999999999,12.76,9,0.47,03/04/2003,03/04/2003,0.53,03/04/2003,03/04/2003
3,2022,19635,2023-05-21 15:30:00,121,129,Augsburg,Borussia Dortmund,DOR,AUG,3,2.9357,3,3.88007,3.88007,3.472711,11.27777777777778,8,0,0.0389,0,0.407359,0.407359,-3.472711,13.333333333333334,1,0.36,04/03/2003,04/05/2001,0.65,04/05/2001,04/03/2003
3,2022,19631,2023-05-21 17:30:00,119,130,Bayer Leverkusen,Borussia Monchengladbach,BMG,LEV,1,1.5095999999999998,2,2.06056,2.06056,0.1615000000000002,11.416666666666666,6,1,1.2258,2,1.89906,1.89906,-0.1615000000000002,28.25,4,0.47,03/04/2003,03/04/2003,0.53,03/04/2003,03/04/2003
3,2022,19639,2023-05-27 13:30:00,129,125,Borussia Dortmund,Mainz,MAI,DOR,1,0.274,2,1.68097,1.68097,-1.6604599999999998,16.294117647058822,5,1,2.6302,2,4.09921,3.34143,1.6604599999999998,3.8666666666666663,10,0.73,04/05/2001,03/04/2003,0.27,03/04/2003,04/05/2001
3,2022,19640,2023-05-27 13:30:00,136,124,RB Leipzig,Schalke,SCH,RBL,0,0.4113,2,1.21648,1.21648,-1.7554299999999998,9.083333333333334,11,3,2.4462,4,2.97191,2.97191,1.7554299999999998,11.352941176470589,16,0.51,4-2-2-2,4-2-3-1,0.49,4-2-3-1,4-2-2-2
3,2022,19641,2023-05-27 13:30:00,240,123,Union Berlin,Werder Bremen,WER,UNI,0,0.9231,0,0.399601,0.399601,-0.383595,10.857142857142858,3,3,1.6674,1,0.783196,0.783196,0.383595,14.1,7,0.47,03/05/2002,3-4-1-2,0.53,3-4-1-2,03/05/2002
3,2022,19642,2023-05-27 13:30:00,134,117,Koln,Bayern Munich,BAY,COL,3,1.7913,2,1.68032,1.68032,1.281409,9.5,2,0,0.9207,1,1.15669,0.398911,-1.281409,9.764705882352942,6,0.47,4-2-3-1,4-2-3-1,0.53,4-2-3-1,4-2-3-1
3,2022,19643,2023-05-27 13:30:00,130,121,Borussia Monchengladbach,Augsburg,AUG,BMG,0,0.1099999999999999,0,0.434493,0.434493,-2.555467,26.88235294117647,6,3,2.8270999999999997,2,2.98996,2.98996,2.555467,8.166666666666666,15,0.75,03/04/2003,4-2-2-2,0.25,4-2-2-2,03/04/2003
3,2022,19644,2023-05-27 13:30:00,132,135,Eintracht Frankfurt,Freiburg,FRE,EIN,0,0.9086,1,1.46472,1.46472,-0.5772299999999999,18.764705882352946,6,3,1.8512,2,2.04195,2.04195,0.5772299999999999,8.48,2,0.61,03/04/2003,03/04/2003,0.4,03/04/2003,03/04/2003
3,2022,19645,2023-05-27 13:30:00,131,122,Wolfsburg,Hertha Berlin,HER,WOL,3,0.3394,2,1.44156,1.44156,-1.7683,16.526315789473685,5,0,2.5254999999999996,1,3.20986,3.20986,1.7683,7.37037037037037,11,0.63,03/05/2002,4-2-3-1,0.37,4-2-3-1,03/05/2002
3,2022,19646,2023-05-27 13:30:00,268,119,Bochum,Bayer Leverkusen,LEV,BOC,0,0.8242,0,0.863964,0.863964,-0.6978660000000001,11.538461538461538,5,3,1.9144,3,1.56183,1.56183,0.6978660000000001,3.65,13,0.51,04/03/2003,04/03/2003,0.49,04/03/2003,04/03/2003
3,2022,19647,2023-05-27 13:30:00,133,120,Stuttgart,Hoffenheim,HOF,STU,1,0.6819000000000001,1,1.16078,1.16078,-1.0312,17.35,2,1,2.0964,1,2.19198,2.19198,1.0312,16.666666666666668,17,0.57,03/04/2003,03/05/2002,0.43,03/05/2002,03/04/2003
3,2023,23065,2023-08-18 18:30:00,123,117,Werder Bremen,Bayern Munich,BAY,WER,3,2.7229,4,2.89704,2.89704,2.2573,19.714285714285715,16,0,0.1813,0,0.63974,0.63974,-2.2573,12.433333333333334,2,0.28,3-1-4-2,4-2-3-1,0.73,4-2-3-1,3-1-4-2
3,2023,23066,2023-08-19 13:30:00,119,136,Bayer Leverkusen,RB Leipzig,RBL,LEV,0,1.2526,2,1.60393,1.60393,-0.1288599999999999,12.105263157894736,4,3,1.4839,3,1.73279,1.73279,0.1288599999999999,14.333333333333334,5,0.45,03/04/2003,4-2-2-2,0.56,4-2-2-2,03/04/2003
3,2023,23067,2023-08-19 13:30:00,131,280,Wolfsburg,Heidenheim,HEI,WOL,0,0.3192,0,1.17776,1.17776,-2.0367300000000004,16.57894736842105,7,3,2.556,2,3.21449,3.21449,2.0367300000000004,16.58823529411765,8,0.49,04/03/2003,4-1-3-2,0.52,4-1-3-2,04/03/2003
3,2023,23068,2023-08-19 13:30:00,120,135,Hoffenheim,Freiburg,FRE,HOF,3,2.3344,2,3.24821,3.24821,1.57635,21.727272727272727,7,0,0.5233,1,1.67186,1.67186,-1.57635,11.045454545454543,8,0.5,03/05/2002,4-2-2-2,0.5,4-2-2-2,03/05/2002
3,2023,23069,2023-08-19 13:30:00,121,130,Augsburg,Borussia Monchengladbach,BMG,AUG,1,0.9212,4,1.91849,1.16071,-0.61633,19.5,7,1,1.8311,4,2.53482,1.77704,0.61633,11.176470588235292,12,0.56,4-2-2-2,4-2-3-1,0.44,4-2-3-1,4-2-2-2
3,2023,23070,2023-08-19 13:30:00,133,268,Stuttgart,Bochum,BOC,STU,0,0.0536,0,0.669108,0.669108,-3.317532,18.235294117647054,1,3,2.9129,5,3.98664,3.98664,3.317532,24.2,12,0.61,4-2-3-1,03/04/2003,0.4,03/04/2003,4-2-3-1
3,2023,23071,2023-08-19 16:30:00,129,134,Borussia Dortmund,Koln,COL,DOR,0,1.1679,0,1.51393,1.51393,-0.2092400000000001,19.60869565217391,8,3,1.5453,1,1.72317,1.72317,0.2092400000000001,8.272727272727273,5,0.67,4-2-3-1,4-2-3-1,0.33,4-2-3-1,4-2-3-1
3,2023,23072,2023-08-20 13:30:00,240,125,Union Berlin,Mainz,MAI,UNI,0,1.7135000000000002,1,2.51995,1.0044,-1.10841,9.52,4,3,1.0337,4,2.11281,2.11281,1.10841,16.25,3,0.46,05/03/2002,03/04/2003,0.54,03/04/2003,05/03/2002
3,2023,23073,2023-08-20 15:30:00,132,127,Eintracht Frankfurt,Darmstadt,DAR,EIN,0,0.8804,0,0.813333,0.813333,-0.426567,22.88235294117647,4,3,1.7585,1,1.2399,1.2399,0.426567,10.55,7,0.61,03/04/2003,03/04/2003,0.39,03/04/2003,03/04/2003
3,2023,23074,2023-08-25 18:30:00,136,133,RB Leipzig,Stuttgart,STU,RBL,0,0.7339,1,1.18326,1.18326,-0.91014,19.066666666666663,3,3,2.0311,5,2.0934,2.0934,0.91014,12.772727272727272,9,0.54,4-2-2-2,4-2-3-1,0.46,4-2-3-1,4-2-2-2
3,2023,23075,2023-08-26 13:30:00,135,123,Freiburg,Werder Bremen,WER,FRE,0,0.5646,0,0.696983,0.696983,-1.0217869999999998,13.875,12,3,2.2155,1,1.71877,1.71877,1.0217869999999998,15.5625,4,0.49,4-2-2-2,3-1-4-2,0.51,3-1-4-2,4-2-2-2
3,2023,23076,2023-08-26 13:30:00,134,131,Koln,Wolfsburg,WOL,COL,3,2.6195000000000004,2,2.26952,2.26952,1.62651,10.153846153846152,7,0,0.2495,1,0.64301,0.64301,-1.62651,13.333333333333334,7,0.49,4-2-3-1,04/03/2003,0.51,04/03/2003,4-2-3-1
3,2023,23077,2023-08-26 13:30:00,268,129,Bochum,Borussia Dortmund,DOR,BOC,1,1.4873999999999998,1,1.17241,1.17241,0.1607699999999998,10.090909090909092,9,1,1.2096,1,1.01164,1.01164,-0.1607699999999998,8.9,6,0.34,03/04/2003,4-2-3-1,0.66,4-2-3-1,03/04/2003
3,2023,23078,2023-08-26 13:30:00,280,120,Heidenheim,Hoffenheim,HOF,HEI,3,1.4165,3,2.75768,1.99991,0.0277,6.444444444444445,4,0,1.343,2,2.72999,1.97221,-0.0277,17.5,8,0.37,04/04/2002,03/04/2003,0.63,03/04/2003,04/04/2002
3,2023,23079,2023-08-26 13:30:00,127,240,Darmstadt,Union Berlin,UNI,DAR,3,0.7795000000000001,4,1.6379,1.6379,-0.9620400000000002,14.090909090909092,4,0,2.0173,1,2.59994,2.59994,0.9620400000000002,5.705882352941177,5,0.74,03/04/2003,03/05/2002,0.26,03/05/2002,03/04/2003
3,2023,23080,2023-08-26 16:30:00,130,119,Borussia Monchengladbach,Bayer Leverkusen,LEV,BMG,3,2.4562,3,3.65301,3.65301,1.88878,14.823529411764708,26,0,0.4108,0,1.76423,1.76423,-1.88878,15.916666666666666,11,0.4,05/04/2001,03/04/2003,0.6,03/04/2003,05/04/2001
3,2023,23081,2023-08-27 13:30:00,125,132,Mainz,Eintracht Frankfurt,EIN,MAI,1,1.1586,1,1.15731,1.15731,-0.2850299999999999,8.055555555555555,3,1,1.5438,1,1.44234,1.44234,0.2850299999999999,8.848484848484848,10,0.4,03/04/2003,03/04/2003,0.61,03/04/2003,03/04/2003
3,2023,23082,2023-08-27 15:30:00,117,121,Bayern Munich,Augsburg,AUG,BAY,0,0.201,1,0.726241,0.726241,-1.338939,16.545454545454547,6,3,2.6955,3,2.82296,2.06518,1.338939,10.08,14,0.61,4-2-3-1,4-2-2-2,0.39,4-2-2-2,4-2-3-1
3,2023,23083,2023-09-01 18:30:00,129,280,Borussia Dortmund,Heidenheim,HEI,DOR,1,0.9521,2,2.09517,1.33739,-0.6527799999999999,12.708333333333334,5,1,1.8089,2,2.74794,1.99017,0.6527799999999999,11.23076923076923,14,0.63,04/03/2003,4-2-3-1,0.37,4-2-3-1,04/03/2003
3,2023,23084,2023-09-02 13:30:00,119,127,Bayer Leverkusen,Darmstadt,DAR,LEV,0,0.1152,1,0.681851,0.681851,-2.744139,22.058823529411764,3,3,2.8233,5,3.42599,3.42599,2.744139,13.23076923076923,20,0.72,03/04/2003,3-4-1-2,0.28,3-4-1-2,03/04/2003
3,2023,23085,2023-09-02 13:30:00,120,131,Hoffenheim,Wolfsburg,WOL,HOF,0,1.0699999999999998,1,1.4154,1.4154,-0.3714900000000001,13.2,11,3,1.6682,3,1.78689,1.78689,0.3714900000000001,27.166666666666668,4,0.39,03/05/2002,04/03/2003,0.61,04/03/2003,03/05/2002
3,2023,23086,2023-09-02 13:30:00,123,125,Werder Bremen,Mainz,MAI,WER,0,0.1496,0,0.65805,0.65805,-1.5973499999999998,6.275862068965517,12,3,2.78,4,3.01318,2.2554,1.5973499999999998,12.27777777777778,11,0.46,03/05/2002,03/04/2003,0.55,03/04/2003,03/05/2002
3,2023,23087,2023-09-02 13:30:00,121,268,Augsburg,Bochum,BOC,AUG,1,1.3237,2,1.86494,1.86494,-0.0161199999999999,5.666666666666667,9,1,1.3996,2,1.88106,1.88106,0.0161199999999999,18.0,3,0.37,4-2-2-2,03/05/2002,0.63,03/05/2002,4-2-2-2
3,2023,23088,2023-09-02 13:30:00,133,135,Stuttgart,Freiburg,FRE,STU,0,0.9128,0,1.50372,1.50372,-0.59226,13.75,3,3,1.8284,5,2.09598,2.09598,0.59226,24.866666666666667,5,0.49,4-2-3-1,4-2-3-1,0.52,4-2-3-1,4-2-3-1
3,2023,23089,2023-09-02 16:30:00,130,117,Borussia Monchengladbach,Bayern Munich,BAY,BMG,3,2.7231,2,2.14949,2.14949,1.948253,6.516129032258065,13,0,0.1638,1,0.201237,0.201237,-1.948253,38.25,2,0.35,04/05/2001,4-2-3-1,0.65,4-2-3-1,04/05/2001
3,2023,23090,2023-09-03 13:30:00,132,134,Eintracht Frankfurt,Koln,COL,EIN,1,1.0539,1,0.931141,0.173364,-1.109036,16.366666666666667,3,1,1.5966,1,1.2824,1.2824,1.109036,11.15,16,0.65,03/04/2003,4-1-4-1,0.35,4-1-4-1,03/04/2003
3,2023,23091,2023-09-03 15:30:00,240,136,Union Berlin,RB Leipzig,RBL,UNI,3,2.2996000000000003,3,1.21402,1.21402,1.03587,7.0,3,0,0.4213,0,0.17815,0.17815,-1.03587,15.10344827586207,1,0.35,03/04/2003,4-2-2-2,0.65,4-2-2-2,03/04/2003
3,2023,23092,2023-09-15 18:30:00,117,119,Bayern Munich,Bayer Leverkusen,LEV,BAY,1,1.2027,2,2.4584,1.70062,-1.0431199999999998,16.47826086956522,16,1,1.5792,2,2.74374,2.74374,1.0431199999999998,15.73913043478261,10,0.52,4-2-3-1,03/04/2003,0.48,03/04/2003,4-2-3-1
3,2023,23093,2023-09-16 13:30:00,136,121,RB Leipzig,Augsburg,AUG,RBL,0,1.2679,0,1.34046,1.34046,-0.12233,17.9,7,3,1.4503,3,1.46279,1.46279,0.12233,13.736842105263158,5,0.54,4-2-2-2,03/04/2003,0.46,03/04/2003,4-2-2-2
3,2023,23094,2023-09-16 13:30:00,135,129,Freiburg,Borussia Dortmund,DOR,FRE,3,2.6971000000000003,4,3.37255,3.37255,2.22588,19.076923076923077,5,0,0.2092,2,1.14667,1.14667,-2.22588,12.894736842105264,1,0.5,4-2-3-1,04/03/2003,0.51,04/03/2003,4-2-3-1
3,2023,23095,2023-09-16 13:30:00,131,240,Wolfsburg,Union Berlin,UNI,WOL,0,2.1719999999999997,1,1.56941,1.56941,1.002478,9.958333333333334,3,3,0.5829,2,0.566932,0.566932,-1.002478,18.88235294117647,4,0.43,4-2-3-1,03/05/2002,0.57,03/05/2002,4-2-3-1
3,2023,23096,2023-09-16 13:30:00,125,133,Mainz,Stuttgart,STU,MAI,3,2.0365,3,2.06366,2.06366,0.89821,12.588235294117649,9,0,0.7387,1,1.16545,1.16545,-0.89821,17.58823529411765,8,0.39,03/04/2003,4-2-3-1,0.61,4-2-3-1,03/04/2003
3,2023,23097,2023-09-16 13:30:00,134,120,Koln,Hoffenheim,HOF,COL,3,1.2799,3,1.06988,1.06988,-0.1244400000000001,12.5625,4,0,1.4347,1,1.19432,1.19432,0.1244400000000001,5.666666666666667,9,0.57,4-2-3-1,03/05/2002,0.44,03/05/2002,4-2-3-1
3,2023,23098,2023-09-16 16:30:00,268,132,Bochum,Eintracht Frankfurt,EIN,BOC,1,0.3835,1,0.737999,0.737999,-0.677471,9.61904761904762,4,1,2.4523,1,2.17324,1.41547,0.677471,7.382352941176471,11,0.5,03/05/2002,03/04/2003,0.51,03/04/2003,03/05/2002
3,2023,23099,2023-09-17 13:30:00,280,123,Heidenheim,Werder Bremen,WER,HEI,0,1.8528,2,2.55978,1.67496,0.4703900000000001,9.05,11,3,0.9114,4,1.96235,1.20457,-0.4703900000000001,8.25,1,0.41,4-2-3-1,03/05/2002,0.59,03/05/2002,4-2-3-1
3,2023,23100,2023-09-17 15:30:00,127,130,Darmstadt,Borussia Monchengladbach,BMG,DAR,1,2.5803,3,3.49324,2.73546,1.4074599999999995,12.307692307692308,6,1,0.315,3,1.328,1.328,-1.4074599999999995,18.375,4,0.36,03/05/2002,4-2-3-1,0.64,4-2-3-1,03/05/2002
3,2023,23101,2023-09-22 18:30:00,133,127,Stuttgart,Darmstadt,DAR,STU,0,0.07,1,0.272376,0.272376,-2.777084,16.26086956521739,5,3,2.8816,3,3.04946,3.04946,2.777084,11.576923076923077,14,0.58,4-2-3-1,05/04/2001,0.42,05/04/2001,4-2-3-1
3,2023,23102,2023-09-23 13:30:00,121,125,Augsburg,Mainz,MAI,AUG,0,0.7441,1,0.487325,0.487325,-0.5595049999999999,7.892857142857143,7,3,1.9351,2,1.04683,1.04683,0.5595049999999999,13.363636363636363,2,0.41,03/04/2003,03/04/2003,0.59,03/04/2003,03/04/2003
3,2023,23103,2023-09-23 13:30:00,130,136,Borussia Monchengladbach,RB Leipzig,RBL,BMG,3,1.616,1,1.03744,1.03744,0.2654739999999999,12.285714285714286,3,0,1.0508,0,0.771966,0.771966,-0.2654739999999999,17.526315789473685,2,0.45,03/05/2002,04/04/2002,0.55,04/04/2002,03/05/2002
3,2023,23104,2023-09-23 13:30:00,117,268,Bayern Munich,Bochum,BOC,BAY,0,0.0004,0,0.0892044,0.0892044,-5.1790956,12.074074074074074,2,3,2.9992,7,6.02607,5.2683,5.1790956,8.92,22,0.61,4-2-3-1,03/05/2002,0.39,03/05/2002,4-2-3-1
3,2023,23105,2023-09-23 13:30:00,129,131,Borussia Dortmund,Wolfsburg,WOL,DOR,0,0.2321,0,0.343309,0.343309,-1.821511,22.0,2,3,2.6393,1,2.16482,2.16482,1.821511,6.888888888888889,10,0.64,03/04/2003,4-2-3-1,0.36,4-2-3-1,03/04/2003
3,2023,23106,2023-09-23 13:30:00,240,120,Union Berlin,Hoffenheim,HOF,UNI,3,1.8019,2,2.15364,1.39586,-0.2285599999999998,10.0,3,0,0.9631,0,1.62442,1.62442,0.2285599999999998,13.941176470588236,5,0.56,03/05/2002,03/05/2002,0.44,03/05/2002,03/05/2002
3,2023,23107,2023-09-23 16:30:00,123,134,Werder Bremen,Koln,COL,WER,0,1.6648999999999998,1,1.98951,1.98951,0.3898599999999999,6.666666666666667,4,3,1.0781,2,1.59965,1.59965,-0.3898599999999999,8.517241379310345,13,0.48,3-1-4-2,4-2-3-1,0.52,4-2-3-1,3-1-4-2
3,2023,23108,2023-09-24 13:30:00,119,280,Bayer Leverkusen,Heidenheim,HEI,LEV,0,0.0409999999999999,1,0.659741,0.659741,-2.5569390000000003,24.94736842105263,2,3,2.9312,4,3.97445,3.21668,2.5569390000000003,9.75,11,0.72,03/04/2003,4-2-3-1,0.29,4-2-3-1,03/04/2003
3,2023,23109,2023-09-24 15:30:00,132,135,Eintracht Frankfurt,Freiburg,FRE,EIN,1,0.9718,0,0.407479,0.407479,-0.346584,15.608695652173912,6,1,1.6171,0,0.754063,0.754063,0.346584,8.892857142857142,10,0.57,03/04/2003,03/04/2003,0.43,03/04/2003,03/04/2003
3,2023,23110,2023-09-29 18:30:00,120,129,Hoffenheim,Borussia Dortmund,DOR,HOF,3,1.2501,3,1.69401,1.69401,0.60049,16.153846153846153,2,0,1.476,1,1.85129,1.09352,-0.60049,8.375,14,0.53,03/05/2002,4-2-3-1,0.47,4-2-3-1,03/05/2002
3,2023,23111,2023-09-30 13:30:00,268,130,Bochum,Borussia Monchengladbach,BMG,BOC,3,2.2957,3,2.86793,2.86793,1.40278,11.5625,7,0,0.5272,1,1.46515,1.46515,-1.40278,6.45,16,0.58,03/05/2002,03/05/2002,0.42,03/05/2002,03/05/2002
3,2023,23112,2023-09-30 13:30:00,280,240,Heidenheim,Union Berlin,UNI,HEI,0,2.5571,0,2.1613,2.1613,1.618367,11.045454545454543,9,3,0.2966,1,0.542933,0.542933,-1.618367,16.6,3,0.49,4-2-3-1,03/04/2003,0.51,03/04/2003,4-2-3-1
3,2023,23113,2023-09-30 13:30:00,131,132,Wolfsburg,Eintracht Frankfurt,EIN,WOL,0,0.3105,0,1.09205,1.09205,-0.78813,17.235294117647058,3,3,2.5407,2,2.77737,1.88018,0.78813,10.08,14,0.54,4-2-3-1,03/04/2003,0.46,03/04/2003,4-2-3-1
3,2023,23114,2023-09-30 13:30:00,125,119,Mainz,Bayer Leverkusen,LEV,MAI,3,1.7669,3,0.811962,0.811962,0.4229869999999999,15.0,7,0,0.8396,0,0.388975,0.388975,-0.4229869999999999,16.541666666666668,6,0.45,03/04/2003,03/04/2003,0.55,03/04/2003,03/04/2003
3,2023,23115,2023-09-30 13:30:00,134,133,Koln,Stuttgart,STU,COL,3,2.3215,2,2.06666,2.06666,1.2632340000000002,8.23076923076923,11,0,0.4885,0,0.803426,0.803426,-1.2632340000000002,15.25,7,0.4,4-1-3-2,4-2-3-1,0.6,4-2-3-1,4-1-3-2
3,2023,23116,2023-09-30 16:30:00,136,117,RB Leipzig,Bayern Munich,BAY,RBL,1,2.3247,2,1.95099,1.19322,0.399837,9.2,7,1,0.4635,2,0.793383,0.793383,-0.399837,15.538461538461538,1,0.35,4-2-2-2,4-2-3-1,0.65,4-2-3-1,4-2-2-2
3,2023,23117,2023-10-01 13:30:00,127,123,Darmstadt,Werder Bremen,WER,DAR,0,0.7725,2,1.54627,1.54627,-0.04518,6.857142857142857,9,3,1.9917,4,2.34923,1.59145,0.04518,13.136363636363637,4,0.43,03/05/2002,03/05/2002,0.57,03/05/2002,03/05/2002
3,2023,23118,2023-10-01 15:30:00,135,121,Freiburg,Augsburg,AUG,FRE,0,1.0663,0,1.00081,1.00081,0.48649,11.565217391304348,2,3,1.6111,2,1.2721,0.51432,-0.48649,15.6,3,0.53,03/04/2003,03/04/2003,0.47,03/04/2003,03/04/2003
3,2023,23119,2023-10-06 18:30:00,130,125,Borussia Monchengladbach,Mainz,MAI,BMG,1,0.3493,2,1.21309,1.21309,-1.80203,16.68421052631579,3,1,2.5113999999999996,2,3.01512,3.01512,1.80203,7.548387096774194,10,0.6,03/05/2002,03/04/2003,0.4,03/04/2003,03/05/2002
3,2023,23120,2023-10-07 13:30:00,129,240,Borussia Dortmund,Union Berlin,UNI,DOR,0,1.1323,2,1.5245,0.766724,-1.002626,15.16,8,3,1.5529,4,1.76935,1.76935,1.002626,13.727272727272728,4,0.67,4-2-3-1,05/03/2002,0.33,05/03/2002,4-2-3-1
3,2023,23121,2023-10-07 13:30:00,136,268,RB Leipzig,Bochum,BOC,RBL,1,0.319,0,0.741054,0.741054,0.030297,18.823529411764707,2,1,2.5285,0,2.22631,0.710757,-0.030297,5.647058823529412,5,0.77,04/04/2002,03/05/2002,0.23,03/05/2002,04/04/2002
3,2023,23122,2023-10-07 13:30:00,121,127,Augsburg,Darmstadt,DAR,AUG,3,1.9707,2,1.96153,1.20376,0.0190299999999998,11.375,4,0,0.8072999999999999,1,1.18473,1.18473,-0.0190299999999998,9.64,12,0.47,03/04/2003,3-4-1-2,0.53,3-4-1-2,03/04/2003
3,2023,23123,2023-10-07 13:30:00,133,131,Stuttgart,Wolfsburg,WOL,STU,0,0.2198,1,1.06355,1.06355,-1.20442,16.2,3,3,2.6759,3,3.02575,2.26797,1.20442,8.153846153846153,12,0.59,4-2-3-1,4-2-3-1,0.41,4-2-3-1,4-2-3-1
3,2023,23124,2023-10-07 16:30:00,123,120,Werder Bremen,Hoffenheim,HOF,WER,3,1.7818,3,1.52805,1.52805,0.4974099999999999,11.136363636363637,8,0,0.9367,2,1.03064,1.03064,-0.4974099999999999,11.038461538461538,6,0.48,3-1-4-2,03/05/2002,0.52,03/05/2002,3-1-4-2
3,2023,23125,2023-10-08 13:30:00,119,134,Bayer Leverkusen,Koln,COL,LEV,0,0.2355,0,1.41915,1.41915,-2.3058700000000005,47.27272727272727,1,3,2.6664,3,3.72502,3.72502,2.3058700000000005,12.61904761904762,19,0.64,03/04/2003,4-1-3-2,0.36,4-1-3-2,03/04/2003
3,2023,23126,2023-10-08 15:30:00,117,135,Bayern Munich,Freiburg,FRE,BAY,0,0.062,0,0.0704987,0.0704987,-2.3038813,45.36363636363637,2,3,2.8859,3,2.37438,2.37438,2.3038813,11.411764705882351,24,0.7,4-2-3-1,04/04/2002,0.3,04/04/2002,4-2-3-1
3,2023,23127,2023-10-08 17:30:00,132,280,Eintracht Frankfurt,Heidenheim,HEI,EIN,0,0.4043,0,0.625618,0.625618,-0.4526920000000001,15.05,9,3,2.3882,2,1.83609,1.07831,0.4526920000000001,10.827586206896552,10,0.49,03/04/2003,4-2-3-1,0.51,4-2-3-1,03/04/2003
3,2023,23128,2023-10-20 18:30:00,129,123,Borussia Dortmund,Werder Bremen,WER,DOR,0,0.2096,0,0.53973,0.53973,-2.18877,17.055555555555557,4,3,2.6867,1,2.7285,2.7285,2.18877,22.76923076923077,16,0.58,04/05/2001,03/05/2002,0.42,03/05/2002,04/05/2001
3,2023,23129,2023-10-21 13:30:00,240,133,Union Berlin,Stuttgart,STU,UNI,3,2.3898,3,1.87513,1.87513,1.302105,26.444444444444443,5,0,0.4145999999999999,0,0.573025,0.573025,-1.302105,11.451612903225806,2,0.43,03/05/2002,4-2-3-1,0.57,4-2-3-1,03/05/2002
3,2023,23130,2023-10-21 13:30:00,135,268,Freiburg,Bochum,BOC,FRE,0,0.611,1,1.37705,1.37705,-0.3925699999999998,12.761904761904765,10,3,2.1968,2,2.5274,1.76962,0.3925699999999998,9.0,6,0.58,03/04/2003,03/04/2003,0.42,03/04/2003,03/04/2003
3,2023,23131,2023-10-21 13:30:00,131,119,Wolfsburg,Bayer Leverkusen,LEV,WOL,3,2.0459,2,2.27695,2.27695,0.9451499999999996,13.36842105263158,10,0,0.7427,1,1.3318,1.3318,-0.9451499999999996,14.384615384615383,7,0.42,03/04/2003,03/04/2003,0.59,03/04/2003,03/04/2003
3,2023,23132,2023-10-21 13:30:00,120,132,Hoffenheim,Eintracht Frankfurt,EIN,HOF,3,2.1088,3,2.13235,2.13235,0.99954,25.583333333333332,12,0,0.6780999999999999,1,1.13281,1.13281,-0.99954,18.11764705882353,6,0.54,03/05/2002,03/04/2003,0.46,03/04/2003,03/05/2002
3,2023,23133,2023-10-21 13:30:00,127,136,Darmstadt,RB Leipzig,RBL,DAR,3,1.4770000000000003,3,1.83161,1.83161,0.906077,16.625,3,0,1.258,1,1.68331,0.925533,-0.906077,7.04,4,0.58,3-4-1-2,4-2-2-2,0.42,4-2-2-2,3-4-1-2
3,2023,23134,2023-10-21 16:30:00,125,117,Mainz,Bayern Munich,BAY,MAI,3,1.9512,3,1.68693,1.68693,0.711905,12.705882352941176,14,0,0.8082,1,0.975025,0.975025,-0.711905,12.4,5,0.38,03/04/2003,4-2-3-1,0.62,4-2-3-1,03/04/2003
3,2023,23135,2023-10-22 13:30:00,134,130,Koln,Borussia Monchengladbach,BMG,COL,0,0.0902,1,0.407008,0.407008,-0.8049919999999999,21.642857142857142,0,3,2.8475,3,2.72755,1.212,0.8049919999999999,10.7,7,0.6,4-2-3-1,03/05/2002,0.4,03/05/2002,4-2-3-1
3,2023,23136,2023-10-22 15:30:00,280,121,Heidenheim,Augsburg,AUG,HEI,3,1.9913,5,2.82353,2.06575,0.0724799999999998,22.8125,4,0,0.7886,2,1.99327,1.99327,-0.0724799999999998,16.142857142857142,6,0.6,4-1-4-1,4-2-2-2,0.4,4-2-2-2,4-1-4-1
3,2023,23143,2023-10-27 18:30:00,268,125,Bochum,Mainz,MAI,BOC,1,0.1662,2,0.443599,0.443599,-0.932681,6.423076923076923,4,1,2.7372,2,2.13405,1.37628,0.932681,7.678571428571429,5,0.5,03/04/2003,03/04/2003,0.5,03/04/2003,03/04/2003
3,2023,23137,2023-10-28 13:30:00,117,127,Bayern Munich,Darmstadt,DAR,BAY,0,0.0122999999999999,0,0.924873,0.924873,-4.9591270000000005,16.0625,9,3,2.979,8,5.884,5.884,4.9591270000000005,10.214285714285714,11,0.54,4-2-3-1,3-4-1-2,0.46,3-4-1-2,4-2-3-1
3,2023,23141,2023-10-28 13:30:00,130,280,Borussia Monchengladbach,Heidenheim,HEI,BMG,0,0.7671,1,0.395956,0.395956,-0.585053,15.884615384615383,3,3,1.8669,2,0.981009,0.981009,0.585053,15.7,7,0.54,4-2-3-1,4-2-3-1,0.46,4-2-3-1,4-2-3-1
3,2023,23142,2023-10-28 13:30:00,123,240,Werder Bremen,Union Berlin,UNI,WER,0,0.9331,0,0.368624,0.368624,-0.322175,18.272727272727273,6,3,1.6404999999999998,2,0.690799,0.690799,0.322175,12.894736842105264,7,0.57,03/05/2002,03/05/2002,0.44,03/05/2002,03/05/2002
3,2023,23144,2023-10-28 13:30:00,121,131,Augsburg,Wolfsburg,WOL,AUG,0,1.0528,2,1.25516,0.497379,-1.096361,12.6875,6,3,1.6435,3,1.59374,1.59374,1.096361,16.736842105263158,5,0.4,4-2-3-1,4-2-3-1,0.61,4-2-3-1,4-2-3-1
3,2023,23145,2023-10-28 13:30:00,133,120,Stuttgart,Hoffenheim,HOF,STU,3,0.4707,3,1.74412,0.986341,-1.4069790000000002,27.307692307692307,1,0,2.3469,2,3.15109,2.39332,1.4069790000000002,6.555555555555555,13,0.74,4-2-3-1,3-1-4-2,0.27,3-1-4-2,4-2-3-1
3,2023,23138,2023-10-28 16:30:00,136,134,RB Leipzig,Koln,COL,RBL,0,0.0606,0,1.32863,1.32863,-2.7724499999999996,26.133333333333333,2,3,2.9088000000000003,6,4.85886,4.10108,2.7724499999999996,20.545454545454547,12,0.62,3-4-1-2,4-2-3-1,0.38,4-2-3-1,3-4-1-2
3,2023,23140,2023-10-29 14:30:00,132,129,Eintracht Frankfurt,Borussia Dortmund,DOR,EIN,1,0.6199,3,2.41687,2.41687,-0.5002800000000001,8.24,4,1,2.2057,3,3.67492,2.91715,0.5002800000000001,25.692307692307693,9,0.4,03/04/2003,4-2-3-1,0.6,4-2-3-1,03/04/2003
3,2023,23139,2023-10-29 16:30:00,119,135,Bayer Leverkusen,Freiburg,FRE,LEV,0,0.924,1,1.02333,1.02333,-0.5844,20.11111111111111,3,3,1.8027,2,1.60773,1.60773,0.5844,8.35,12,0.71,03/04/2003,4-1-4-1,0.3,4-1-4-1,03/04/2003
3,2023,23154,2023-11-03 19:30:00,127,268,Darmstadt,Bochum,BOC,DAR,3,1.974,2,1.56273,1.56273,0.707807,7.25,3,0,0.7707000000000002,1,0.854923,0.854923,-0.707807,7.1875,5,0.59,3-4-1-2,03/04/2003,0.41,03/04/2003,3-4-1-2
3,2023,23147,2023-11-04 14:30:00,240,132,Union Berlin,Eintracht Frankfurt,EIN,UNI,3,1.8531,3,1.56887,1.56887,0.5028699999999999,12.941176470588236,3,0,0.8445,0,1.066,1.066,-0.5028699999999999,11.571428571428571,5,0.65,05/04/2001,03/04/2003,0.35,03/04/2003,05/04/2001
3,2023,23148,2023-11-04 14:30:00,135,130,Freiburg,Borussia Monchengladbach,BMG,FRE,1,0.4620999999999999,3,1.92375,1.16598,-1.46655,22.642857142857142,7,1,2.3773,3,3.3903,2.63253,1.46655,18.133333333333333,12,0.59,04/04/2002,4-4-1-1,0.41,4-4-1-1,04/04/2002
3,2023,23150,2023-11-04 14:30:00,125,136,Mainz,RB Leipzig,RBL,MAI,0,0.531,0,0.507864,0.507864,-0.988996,8.631578947368421,5,3,2.2365,2,1.49686,1.49686,0.988996,20.22222222222222,3,0.33,03/04/2003,03/04/2003,0.68,03/04/2003,03/04/2003
3,2023,23151,2023-11-04 14:30:00,134,121,Koln,Augsburg,AUG,COL,1,1.6294999999999995,1,2.54685,2.54685,0.3206700000000002,16.0,4,1,1.1477,1,2.22618,2.22618,-0.3206700000000002,8.875,11,0.59,4-2-3-1,4-2-3-1,0.41,4-2-3-1,4-2-3-1
3,2023,23152,2023-11-04 14:30:00,120,119,Hoffenheim,Bayer Leverkusen,LEV,HOF,3,1.1505,3,1.05046,1.05046,-0.2216800000000001,21.857142857142858,12,0,1.5462000000000002,2,1.27214,1.27214,0.2216800000000001,30.09090909090909,4,0.48,03/05/2002,03/04/2003,0.52,03/04/2003,03/05/2002
3,2023,23146,2023-11-04 17:30:00,129,117,Borussia Dortmund,Bayern Munich,BAY,DOR,3,2.3028,4,2.86067,2.86067,1.38444,16.705882352941178,13,0,0.5307,0,1.47623,1.47623,-1.38444,9.702702702702704,15,0.5,4-2-3-1,4-2-3-1,0.51,4-2-3-1,4-2-3-1
3,2023,23149,2023-11-05 14:30:00,131,123,Wolfsburg,Werder Bremen,WER,WOL,1,1.0301999999999998,2,1.40324,1.40324,-0.4104699999999999,17.647058823529413,4,1,1.713,2,1.81371,1.81371,0.4104699999999999,15.68421052631579,12,0.57,03/04/2003,03/05/2002,0.44,03/05/2002,03/04/2003
3,2023,23153,2023-11-05 16:30:00,280,133,Heidenheim,Stuttgart,STU,HEI,0,2.6258999999999997,0,2.57296,1.81518,1.03183,6.0,14,3,0.2559,2,0.78335,0.78335,-1.03183,25.428571428571427,3,0.31,4-2-3-1,4-2-3-1,0.69,4-2-3-1,4-2-3-1
3,2023,23158,2023-11-10 19:30:00,130,131,Borussia Monchengladbach,Wolfsburg,WOL,BMG,0,0.3245,0,0.500797,0.500797,-1.593203,8.256410256410257,3,3,2.522,4,2.094,2.094,1.593203,23.466666666666665,8,0.47,03/05/2002,04/04/2002,0.53,04/04/2002,03/05/2002
3,2023,23155,2023-11-11 14:30:00,117,280,Bayern Munich,Heidenheim,HEI,BAY,0,0.4238999999999999,2,1.04526,1.04526,-1.5626,21.91304347826087,2,3,2.412,4,2.60786,2.60786,1.5626,10.375,18,0.73,4-2-3-1,4-1-4-1,0.27,4-1-4-1,4-2-3-1
3,2023,23161,2023-11-11 14:30:00,121,120,Augsburg,Hoffenheim,HOF,AUG,1,1.3245999999999998,1,0.897413,0.897413,-0.0397199999999999,7.7894736842105265,5,1,1.3417,1,0.937133,0.937133,0.0397199999999999,15.083333333333334,7,0.34,4-2-3-1,3-1-4-2,0.66,3-1-4-2,4-2-3-1
3,2023,23162,2023-11-11 14:30:00,133,129,Stuttgart,Borussia Dortmund,DOR,STU,0,0.0294,1,0.7643,0.7643,-1.74652,18.2,1,3,2.9517,2,4.1718,2.51082,1.74652,11.5,9,0.59,4-2-2-2,04/03/2003,0.41,04/03/2003,4-2-2-2
3,2023,23163,2023-11-11 14:30:00,127,125,Darmstadt,Mainz,MAI,DAR,1,1.4556,0,0.624718,0.624718,0.1747659999999999,13.538461538461538,6,1,1.0977,0,0.449952,0.449952,-0.1747659999999999,7.52,5,0.56,03/05/2002,03/04/2003,0.44,03/04/2003,03/05/2002
3,2023,23160,2023-11-11 17:30:00,268,134,Bochum,Koln,COL,BOC,1,0.0374,1,1.07591,1.07591,-3.98038,9.473684210526317,4,1,2.9426,1,5.05629,5.05629,3.98038,7.538461538461538,9,0.52,04/03/2003,4-2-3-1,0.49,4-2-3-1,04/03/2003
3,2023,23157,2023-11-12 14:30:00,119,240,Bayer Leverkusen,Union Berlin,UNI,LEV,0,0.0271,0,0.0283806,0.0283806,-3.0138494,105.0,0,3,2.9482000000000004,4,3.04223,3.04223,3.0138494,14.533333333333331,10,0.69,03/04/2003,03/04/2003,0.31,03/04/2003,03/04/2003
3,2023,23159,2023-11-12 16:30:00,123,132,Werder Bremen,Eintracht Frankfurt,EIN,WER,1,1.4299,2,2.02339,2.02339,0.8420700000000001,23.4,11,1,1.2997,2,1.93909,1.18132,-0.8420700000000001,23.285714285714285,6,0.49,03/05/2002,03/04/2003,0.51,03/04/2003,03/05/2002
3,2023,23156,2023-11-12 19:30:00,136,135,RB Leipzig,Freiburg,FRE,RBL,0,0.2762,1,0.398988,0.398988,-0.7446719999999999,18.181818181818183,2,3,2.573,3,1.90144,1.14366,0.7446719999999999,14.533333333333331,10,0.63,04/04/2002,03/04/2003,0.37,03/04/2003,04/04/2002
3,2023,23169,2023-11-24 19:30:00,134,117,Koln,Bayern Munich,BAY,COL,3,2.9802000000000004,1,3.8999,3.8999,3.710775,13.133333333333333,7,0,0.0110999999999999,0,0.189125,0.189125,-3.710775,20.16,0,0.31,3-4-1-2,4-2-3-1,0.69,4-2-3-1,3-4-1-2
3,2023,23164,2023-11-25 14:30:00,129,130,Borussia Dortmund,Borussia Monchengladbach,BMG,DOR,0,0.1548999999999999,2,0.789918,0.789918,-2.577622,18.73684210526316,11,3,2.7691000000000003,4,3.36754,3.36754,2.577622,11.51851851851852,10,0.51,4-2-3-1,03/05/2002,0.49,03/05/2002,4-2-3-1
3,2023,23165,2023-11-25 14:30:00,240,121,Union Berlin,Augsburg,AUG,UNI,1,0.9818,1,1.84043,1.08265,-0.56755,17.09090909090909,2,1,1.7684,1,2.40798,1.6502,0.56755,7.730769230769231,9,0.62,03/04/2003,4-2-3-1,0.38,4-2-3-1,03/04/2003
3,2023,23166,2023-11-25 14:30:00,135,127,Freiburg,Darmstadt,DAR,FRE,1,0.4533,1,0.34181,0.34181,-1.00324,27.214285714285715,3,1,2.2968,1,1.34505,1.34505,1.00324,9.588235294117649,11,0.67,03/04/2003,03/04/2003,0.33,03/04/2003,03/04/2003
3,2023,23168,2023-11-25 14:30:00,131,136,Wolfsburg,RB Leipzig,RBL,WOL,0,2.7045999999999997,1,2.90646,2.90646,2.272456,8.476190476190476,15,3,0.205,2,0.634004,0.634004,-2.272456,12.538461538461538,9,0.36,03/04/2003,4-2-2-2,0.64,4-2-2-2,03/04/2003
3,2023,23171,2023-11-25 14:30:00,123,119,Werder Bremen,Bayer Leverkusen,LEV,WER,3,2.5132,3,1.7528,1.7528,1.446143,28.363636363636363,11,0,0.3052,0,0.306657,0.306657,-1.446143,16.0,10,0.41,03/05/2002,03/04/2003,0.6,03/04/2003,03/05/2002
3,2023,23167,2023-11-25 17:30:00,132,133,Eintracht Frankfurt,Stuttgart,STU,EIN,3,2.4571,2,2.29764,2.29764,1.510058,16.5,9,0,0.3865,1,0.787582,0.787582,-1.510058,9.846153846153848,11,0.58,4-4-1-1,04/04/2002,0.43,04/04/2002,4-4-1-1
3,2023,23172,2023-11-26 14:30:00,280,268,Heidenheim,Bochum,BOC,HEI,1,0.8738,0,0.359399,0.359399,-0.3894959999999999,12.157894736842104,4,1,1.7165,0,0.748895,0.748895,0.3894959999999999,10.304347826086955,4,0.49,4-1-4-1,04/03/2003,0.51,04/03/2003,4-1-4-1
3,2023,23170,2023-11-26 16:30:00,120,125,Hoffenheim,Mainz,MAI,HOF,1,2.3709999999999996,1,1.96701,1.20923,0.50903,10.692307692307692,15,1,0.4357,1,0.7002,0.7002,-0.50903,10.181818181818182,12,0.54,3-1-4-2,4-2-3-1,0.47,4-2-3-1,3-1-4-2
3,2023,23181,2023-12-01 18:30:00,127,134,Darmstadt,Koln,COL,DAR,3,2.0006,1,1.30112,1.30112,0.68357,16.53846153846154,3,0,0.7148000000000001,0,0.61755,0.61755,-0.68357,14.263157894736842,2,0.45,04/05/2001,4-2-3-1,0.55,4-2-3-1,04/05/2001
3,2023,23174,2023-12-02 14:30:00,136,280,RB Leipzig,Heidenheim,HEI,RBL,0,0.0728999999999999,1,1.17851,1.17851,-2.7744600000000004,19.857142857142858,4,3,2.8941,2,4.71075,3.95297,2.7744600000000004,6.3,19,0.71,4-2-2-2,05/04/2001,0.3,05/04/2001,4-2-2-2
3,2023,23177,2023-12-02 14:30:00,130,120,Borussia Monchengladbach,Hoffenheim,HOF,BMG,0,1.0988,1,1.33696,1.33696,0.4923949999999999,11.708333333333334,8,3,1.6196000000000002,2,1.60234,0.844565,-0.4923949999999999,18.4,8,0.49,03/05/2002,3-1-4-2,0.51,3-1-4-2,03/05/2002
3,2023,23178,2023-12-02 14:30:00,268,131,Bochum,Wolfsburg,WOL,BOC,0,0.6663,1,1.03452,1.03452,-1.0415099999999995,10.72222222222222,5,3,2.1258,3,2.07603,2.07603,1.0415099999999995,12.095238095238097,7,0.43,4-2-3-1,03/04/2003,0.57,03/04/2003,4-2-3-1
3,2023,23180,2023-12-02 17:30:00,133,123,Stuttgart,Werder Bremen,WER,STU,0,0.0404,0,0.65905,0.65905,-2.6012,29.583333333333332,9,3,2.9362999999999997,2,4.01803,3.26025,2.6012,11.041666666666666,13,0.58,4-2-2-2,03/05/2002,0.42,03/05/2002,4-2-2-2
3,2023,23176,2023-12-03 14:30:00,125,135,Mainz,Freiburg,FRE,MAI,3,0.4906,1,1.34097,1.34097,-1.52772,18.6875,5,0,2.3518000000000003,0,2.86869,2.86869,1.52772,8.619047619047619,11,0.61,4-2-3-1,04/04/2002,0.39,04/04/2002,4-2-3-1
3,2023,23175,2023-12-03 16:30:00,119,129,Bayer Leverkusen,Borussia Dortmund,DOR,LEV,1,0.7922,1,1.26088,1.26088,-0.7030099999999999,19.615384615384617,2,1,1.9241,1,1.96389,1.96389,0.7030099999999999,5.161290322580645,19,0.69,03/04/2003,4-2-3-1,0.32,4-2-3-1,03/04/2003
3,2023,23179,2023-12-03 18:30:00,121,132,Augsburg,Eintracht Frankfurt,EIN,AUG,0,0.5503,1,0.906933,0.906933,-0.2858370000000001,10.823529411764708,6,3,2.2363,2,1.95055,1.19277,0.2858370000000001,14.107142857142858,9,0.35,4-2-3-1,04/03/2003,0.65,04/03/2003,4-2-3-1
3,2023,23187,2023-12-08 19:30:00,120,268,Hoffenheim,Bochum,BOC,HOF,0,1.1058,1,1.82523,1.82523,-0.4500999999999999,7.72,6,3,1.6655999999999995,3,2.27533,2.27533,0.4500999999999999,11.32,7,0.42,4-3-2-1,04/03/2003,0.58,04/03/2003,4-3-2-1
3,2023,23183,2023-12-09 14:30:00,240,130,Union Berlin,Borussia Monchengladbach,BMG,UNI,0,0.3969,1,1.03267,1.03267,-0.77705,9.1,2,3,2.4444000000000004,3,2.5675,1.80972,0.77705,13.92,10,0.37,4-2-3-1,03/05/2002,0.63,03/05/2002,4-2-3-1
3,2023,23184,2023-12-09 14:30:00,132,117,Eintracht Frankfurt,Bayern Munich,BAY,EIN,0,1.9158,1,2.59277,2.59277,0.7462599999999997,10.65,13,3,0.8748,5,1.84651,1.84651,-0.7462599999999997,24.22222222222222,6,0.35,04/04/2002,4-2-3-1,0.65,4-2-3-1,04/04/2002
3,2023,23185,2023-12-09 14:30:00,131,135,Wolfsburg,Freiburg,FRE,WOL,3,0.6118,1,0.511263,0.511263,-0.8180769999999999,27.615384615384617,6,0,2.1049,0,1.32934,1.32934,0.8180769999999999,9.24,10,0.58,03/04/2003,4-4-1-1,0.42,4-4-1-1,03/04/2003
3,2023,23188,2023-12-09 14:30:00,123,121,Werder Bremen,Augsburg,AUG,WER,0,0.5016,0,0.627715,0.627715,-1.218055,13.1,5,3,2.283,2,1.84577,1.84577,1.218055,13.647058823529411,4,0.49,03/05/2002,4-2-3-1,0.51,4-2-3-1,03/05/2002
3,2023,23190,2023-12-09 14:30:00,280,127,Heidenheim,Darmstadt,DAR,HEI,0,0.766,2,1.00759,1.00759,-0.8613500000000001,8.058823529411764,5,3,2.0041,3,1.86894,1.86894,0.8613500000000001,11.85,8,0.44,4-2-2-2,3-4-1-2,0.56,3-4-1-2,4-2-2-2
3,2023,23182,2023-12-09 17:30:00,129,136,Borussia Dortmund,RB Leipzig,RBL,DOR,3,2.4715,3,3.63569,3.63569,1.92222,13.708333333333334,19,0,0.4039,2,1.71347,1.71347,-1.92222,16.923076923076923,9,0.53,4-2-3-1,03/04/2003,0.47,03/04/2003,4-2-3-1
3,2023,23189,2023-12-10 14:30:00,133,119,Stuttgart,Bayer Leverkusen,LEV,STU,1,0.6275000000000001,1,1.47429,1.47429,-1.1370699999999998,16.9,12,1,2.1818,1,2.61136,2.61136,1.1370699999999998,9.46875,12,0.52,4-2-3-1,03/04/2003,0.48,03/04/2003,4-2-3-1
3,2023,23186,2023-12-10 16:30:00,134,125,Koln,Mainz,MAI,COL,1,2.6102,0,1.87569,1.87569,1.627069,12.10344827586207,5,1,0.2396,0,0.248621,0.248621,-1.627069,11.192307692307692,3,0.54,4-2-3-1,03/04/2003,0.47,03/04/2003,4-2-3-1
3,2023,23196,2023-12-15 19:30:00,130,123,Borussia Monchengladbach,Werder Bremen,WER,BMG,1,1.7259,2,1.64723,1.64723,0.4391,16.285714285714285,3,1,1.0077,2,1.20813,1.20813,-0.4391,14.391304347826088,8,0.51,03/05/2002,03/04/2003,0.49,03/04/2003,03/05/2002
3,2023,23195,2023-12-16 14:30:00,125,280,Mainz,Heidenheim,HEI,MAI,3,0.9862,1,0.756363,0.756363,-0.455417,10.272727272727272,3,0,1.6987,0,1.21178,1.21178,0.455417,8.307692307692308,10,0.65,4-2-3-1,04/05/2001,0.35,04/05/2001,4-2-3-1
3,2023,23197,2023-12-16 14:30:00,268,240,Bochum,Union Berlin,UNI,BOC,0,0.0931,0,0.670719,0.670719,-2.149481,15.285714285714286,6,3,2.8572999999999995,3,3.57797,2.8202,2.149481,13.764705882352942,9,0.49,04/03/2003,4-2-3-1,0.51,4-2-3-1,04/03/2003
3,2023,23198,2023-12-16 14:30:00,121,129,Augsburg,Borussia Dortmund,DOR,AUG,1,1.7656,1,2.02537,2.02537,0.5163700000000002,12.642857142857142,20,1,1.009,1,1.509,1.509,-0.5163700000000002,13.0,5,0.36,4-2-3-1,04/03/2003,0.64,04/03/2003,4-2-3-1
3,2023,23199,2023-12-16 14:30:00,127,131,Darmstadt,Wolfsburg,WOL,DAR,3,0.9499,1,0.587028,0.587028,-0.3550649999999999,24.53846153846154,4,0,1.69,0,0.942093,0.942093,0.3550649999999999,6.72,9,0.65,3-4-1-2,03/05/2002,0.35,03/05/2002,3-4-1-2
3,2023,23192,2023-12-16 17:30:00,136,120,RB Leipzig,Hoffenheim,HOF,RBL,0,0.2779,1,1.04243,1.04243,-1.87426,18.1875,5,3,2.6008,3,2.91669,2.91669,1.87426,14.235294117647058,18,0.57,4-2-2-2,3-4-1-2,0.43,3-4-1-2,4-2-2-2
3,2023,23193,2023-12-17 14:30:00,135,134,Freiburg,Koln,COL,FRE,0,0.2142,0,1.24601,1.24601,-2.22356,13.88888888888889,1,3,2.6901,2,3.46957,3.46957,2.22356,12.565217391304348,10,0.53,4-2-3-1,4-2-3-1,0.48,4-2-3-1,4-2-3-1
3,2023,23194,2023-12-17 16:30:00,119,132,Bayer Leverkusen,Eintracht Frankfurt,EIN,LEV,0,0.0869,0,0.205245,0.205245,-2.2866549999999997,14.323529411764708,5,3,2.8510999999999997,3,2.4919,2.4919,2.2866549999999997,26.727272727272727,5,0.61,03/04/2003,03/04/2003,0.39,03/04/2003,03/04/2003
3,2023,23191,2023-12-17 18:30:00,117,133,Bayern Munich,Stuttgart,STU,BAY,0,0.0491,0,0.309157,0.309157,-3.106063,8.555555555555555,6,3,2.9189000000000003,3,3.41522,3.41522,3.106063,15.413793103448276,7,0.37,4-2-3-1,4-2-2-2,0.63,4-2-2-2,4-2-3-1
3,2023,23206,2023-12-19 17:30:00,123,136,Werder Bremen,RB Leipzig,RBL,WER,1,1.7574,1,1.99449,1.99449,0.5126400000000002,12.545454545454543,11,1,0.9867,1,1.48185,1.48185,-0.5126400000000002,13.333333333333334,2,0.44,03/04/2003,04/04/2002,0.56,04/04/2002,03/04/2003
3,2023,23200,2023-12-19 19:30:00,129,125,Borussia Dortmund,Mainz,MAI,DOR,1,1.1771,1,1.06262,1.06262,-0.27075,11.875,3,1,1.5311,1,1.33337,1.33337,0.27075,10.166666666666666,11,0.66,04/03/2003,03/04/2003,0.34,03/04/2003,04/03/2003
3,2023,23205,2023-12-19 19:30:00,120,127,Hoffenheim,Darmstadt,DAR,HOF,1,0.2693,3,0.952662,0.952662,-1.107618,10.952380952380953,7,1,2.6078,3,2.81806,2.06028,1.107618,29.363636363636363,7,0.45,3-1-4-2,3-4-1-2,0.55,3-4-1-2,3-1-4-2
3,2023,23201,2023-12-20 17:30:00,240,134,Union Berlin,Koln,COL,UNI,0,0.5939,0,0.897866,0.897866,-0.967524,8.25,2,3,2.1749,2,1.86539,1.86539,0.967524,13.5,2,0.39,04/03/2003,4-1-3-2,0.61,4-1-3-2,04/03/2003
3,2023,23202,2023-12-20 19:30:00,119,268,Bayer Leverkusen,Bochum,BOC,LEV,0,0.0491,0,0.325421,0.325421,-2.240549,13.324324324324325,5,3,2.9186,4,3.32375,2.56597,2.240549,12.571428571428571,15,0.69,3-4-1-2,04/03/2003,0.31,04/03/2003,3-4-1-2
3,2023,23203,2023-12-20 19:30:00,132,130,Eintracht Frankfurt,Borussia Monchengladbach,BMG,EIN,0,0.4911,1,0.552196,0.552196,-0.986924,13.875,2,3,2.2664999999999997,2,1.53912,1.53912,0.986924,9.75,7,0.63,04/04/2002,03/04/2003,0.37,03/04/2003,04/04/2002
3,2023,23204,2023-12-20 19:30:00,131,117,Wolfsburg,Bayern Munich,BAY,WOL,3,2.9135999999999997,2,3.15053,3.15053,2.837337,14.0,7,0,0.0513,1,0.313193,0.313193,-2.837337,13.448275862068966,6,0.39,3-1-4-2,4-2-3-1,0.61,4-2-3-1,3-1-4-2
3,2023,23207,2023-12-20 19:30:00,133,121,Stuttgart,Augsburg,AUG,STU,0,0.0968,0,0.224572,0.224572,-2.425498,11.942857142857145,2,3,2.8391,3,2.65007,2.65007,2.425498,12.266666666666667,14,0.66,04/04/2002,04/04/2002,0.34,04/04/2002,04/04/2002
3,2023,23208,2023-12-20 19:30:00,280,135,Heidenheim,Freiburg,FRE,HEI,0,1.2252,2,1.59052,0.832743,-0.923537,12.454545454545457,4,3,1.4712,3,1.75628,1.75628,0.923537,7.821428571428571,9,0.53,04/04/2002,4-2-3-1,0.47,4-2-3-1,04/04/2002
3,2023,23209,2024-01-12 19:30:00,117,120,Bayern Munich,Hoffenheim,HOF,BAY,0,0.4442,0,1.61888,1.61888,-1.7975199999999998,23.363636363636363,6,3,2.4137,3,3.4164,3.4164,1.7975199999999998,8.06060606060606,25,0.61,4-2-3-1,3-1-4-2,0.39,3-1-4-2,4-2-3-1
3,2023,23210,2024-01-13 14:30:00,136,132,RB Leipzig,Eintracht Frankfurt,EIN,RBL,3,0.4547,1,1.07791,1.07791,-1.59521,21.533333333333335,3,0,2.3798,0,2.67312,2.67312,1.59521,7.4411764705882355,16,0.63,04/04/2002,03/04/2003,0.37,03/04/2003,04/04/2002
3,2023,23211,2024-01-13 14:30:00,135,240,Freiburg,Union Berlin,UNI,FRE,1,0.2536,0,0.424997,0.424997,-1.742503,24.11764705882353,1,1,2.6092,0,2.1675,2.1675,1.742503,18.470588235294116,10,0.57,4-2-3-1,05/03/2002,0.43,05/03/2002,4-2-3-1
3,2023,23212,2024-01-13 14:30:00,125,131,Mainz,Wolfsburg,WOL,MAI,1,1.2818,1,0.419404,0.419404,0.0533199999999999,14.38888888888889,1,1,1.1828,1,0.366084,0.366084,-0.0533199999999999,8.166666666666666,3,0.51,3-1-4-2,4-2-3-1,0.49,4-2-3-1,3-1-4-2
3,2023,23214,2024-01-13 14:30:00,134,280,Koln,Heidenheim,HEI,COL,1,1.9614,1,1.27869,1.27869,0.6371120000000001,9.68,2,1,0.7521,1,0.641578,0.641578,-0.6371120000000001,10.958333333333334,4,0.52,4-2-3-1,04/04/2002,0.49,04/04/2002,4-2-3-1
3,2023,23216,2024-01-13 14:30:00,121,119,Augsburg,Bayer Leverkusen,LEV,AUG,3,2.6328,1,2.31757,2.31757,1.872359,7.3,12,0,0.2375999999999999,0,0.445211,0.445211,-1.872359,15.791666666666666,4,0.24,04/04/2002,3-4-1-2,0.76,3-4-1-2,04/04/2002
3,2023,23217,2024-01-13 17:30:00,127,129,Darmstadt,Borussia Dortmund,DOR,DAR,3,2.7585,3,3.14682,3.14682,2.321032,24.272727272727273,12,0,0.1623,0,0.825788,0.825788,-2.321032,9.40625,6,0.48,05/03/2002,04/03/2003,0.52,04/03/2003,05/03/2002
3,2023,23215,2024-01-14 14:30:00,268,123,Bochum,Werder Bremen,WER,BOC,1,1.0455,1,0.934194,0.934194,-0.305976,10.941176470588236,6,1,1.6503,1,1.24017,1.24017,0.305976,6.9375,5,0.48,04/03/2003,03/04/2003,0.52,03/04/2003,04/03/2003
3,2023,23213,2024-01-14 16:30:00,130,133,Borussia Monchengladbach,Stuttgart,STU,BMG,0,0.7814,1,1.24703,1.24703,-0.7758499999999997,7.032258064516129,9,3,1.9886,3,2.02288,2.02288,0.7758499999999997,27.8125,2,0.29,04/03/2003,4-2-3-1,0.72,4-2-3-1,04/03/2003
3,2023,23220,2024-01-20 14:30:00,135,120,Freiburg,Hoffenheim,HOF,FRE,0,0.8965000000000001,2,1.76349,1.76349,-0.7162199999999999,12.0,9,3,1.8859,3,2.47971,2.47971,0.7162199999999999,9.22222222222222,10,0.43,4-1-3-2,3-1-4-2,0.57,3-1-4-2,4-1-3-2
3,2023,23223,2024-01-20 14:30:00,134,129,Koln,Borussia Dortmund,DOR,COL,3,2.6698,4,3.48032,2.72254,1.32964,13.666666666666666,13,0,0.2317,0,1.3929,1.3929,-1.32964,20.863636363636363,5,0.39,04/04/2002,04/03/2003,0.61,04/03/2003,04/04/2002
3,2023,23224,2024-01-20 14:30:00,268,133,Bochum,Stuttgart,STU,BOC,0,2.2985,0,1.99316,1.99316,1.2786300000000002,6.181818181818182,15,3,0.4961,1,0.71453,0.71453,-1.2786300000000002,13.157894736842104,2,0.37,4-2-3-1,4-2-3-1,0.63,4-2-3-1,4-2-3-1
3,2023,23225,2024-01-20 14:30:00,280,131,Heidenheim,Wolfsburg,WOL,HEI,1,1.3239999999999998,1,1.22104,1.22104,0.0289299999999999,14.578947368421051,10,1,1.3687,1,1.19211,1.19211,-0.0289299999999999,13.3,2,0.52,4-1-4-1,4-2-3-1,0.48,4-2-3-1,4-1-4-1
3,2023,23226,2024-01-20 14:30:00,127,132,Darmstadt,Eintracht Frankfurt,EIN,DAR,1,1.3175,2,1.28892,1.28892,-0.0987799999999998,20.6875,2,1,1.3828999999999998,2,1.3877,1.3877,0.0987799999999998,22.2,7,0.49,03/04/2003,03/04/2003,0.51,03/04/2003,03/04/2003
3,2023,23219,2024-01-20 17:30:00,136,119,RB Leipzig,Bayer Leverkusen,LEV,RBL,3,1.8077,3,2.17224,2.17224,0.57771,11.5,16,0,0.9413,2,1.59453,1.59453,-0.57771,18.047619047619047,9,0.4,4-2-2-2,03/04/2003,0.6,03/04/2003,4-2-2-2
3,2023,23218,2024-01-21 14:30:00,117,123,Bayern Munich,Werder Bremen,WER,BAY,3,0.5007,1,0.429252,0.429252,-1.116368,22.692307692307693,7,0,2.2596,0,1.54562,1.54562,1.116368,6.888888888888889,17,0.68,4-2-3-1,03/05/2002,0.32,03/05/2002,4-2-3-1
3,2023,23222,2024-01-21 16:30:00,130,121,Borussia Monchengladbach,Augsburg,AUG,BMG,3,1.1723,2,1.61193,1.61193,-0.2672599999999998,8.93939393939394,9,0,1.553,1,1.87919,1.87919,0.2672599999999998,11.529411764705882,11,0.55,04/04/2002,4-3-1-2,0.45,4-3-1-2,04/04/2002
3,2023,23173,2024-01-24 18:30:00,117,240,Bayern Munich,Union Berlin,UNI,BAY,0,0.258,0,0.477644,0.477644,-1.6943560000000002,40.44444444444444,2,3,2.6022,1,2.172,2.172,1.6943560000000002,14.583333333333334,15,0.72,4-2-3-1,05/03/2002,0.28,05/03/2002,4-2-3-1
3,2023,23230,2024-01-26 19:30:00,132,125,Eintracht Frankfurt,Mainz,MAI,EIN,0,0.9577,0,0.815239,0.815239,-0.323021,21.166666666666668,3,3,1.6651,1,1.13826,1.13826,0.323021,10.25925925925926,4,0.56,03/04/2003,03/05/2002,0.44,03/05/2002,03/04/2003
3,2023,23231,2024-01-27 14:30:00,131,134,Wolfsburg,Koln,COL,WOL,1,0.2198999999999999,1,0.365929,0.365929,-1.774061,15.0625,2,1,2.6583,1,2.13999,2.13999,1.774061,7.777777777777778,8,0.52,4-2-3-1,4-2-3-1,0.48,4-2-3-1,4-2-3-1
3,2023,23232,2024-01-27 14:30:00,120,280,Hoffenheim,Heidenheim,HEI,HOF,1,0.2269999999999999,1,1.10065,1.10065,-1.37861,22.6875,3,1,2.6711000000000005,1,3.23703,2.47926,1.37861,5.074074074074074,20,0.67,4-3-1-2,4-2-3-1,0.33,4-2-3-1,4-3-1-2
3,2023,23233,2024-01-27 14:30:00,123,135,Werder Bremen,Freiburg,FRE,WER,0,0.5623,1,1.33739,0.579614,-0.992936,10.24,4,3,2.2015,3,2.33032,1.57255,0.992936,22.529411764705884,9,0.42,03/05/2002,4-2-3-1,0.58,4-2-3-1,03/05/2002
3,2023,23234,2024-01-27 14:30:00,121,117,Augsburg,Bayern Munich,BAY,AUG,3,1.0656,3,2.27504,2.27504,1.10542,13.5,9,0,1.6848,2,2.68517,1.16962,-1.10542,10.90625,5,0.41,4-3-1-2,4-2-3-1,0.59,4-2-3-1,4-3-1-2
3,2023,23235,2024-01-27 14:30:00,133,136,Stuttgart,RB Leipzig,RBL,STU,0,0.0728,2,0.495967,0.495967,-1.876823,18.26315789473684,3,3,2.8742,5,3.13056,2.37279,1.876823,15.0,3,0.54,03/05/2002,4-2-2-2,0.46,4-2-2-2,03/05/2002
3,2023,23229,2024-01-27 17:30:00,119,130,Bayer Leverkusen,Borussia Monchengladbach,BMG,LEV,1,0.0509,0,0.278864,0.278864,-3.049416,38.888888888888886,4,1,2.9168000000000003,0,3.32828,3.32828,3.049416,6.151515151515151,25,0.75,03/04/2003,05/03/2002,0.25,05/03/2002,03/04/2003
3,2023,23228,2024-01-28 14:30:00,240,127,Union Berlin,Darmstadt,DAR,UNI,0,0.1896,0,1.00135,1.00135,-2.54598,18.8,7,3,2.7348,1,3.54733,3.54733,2.54598,10.23076923076923,8,0.5,03/05/2002,3-3-3-1,0.5,3-3-3-1,03/05/2002
3,2023,23227,2024-01-28 16:30:00,129,268,Borussia Dortmund,Bochum,BOC,DOR,0,0.0643,1,0.388377,0.388377,-1.195423,10.035714285714286,10,3,2.8948000000000005,3,3.09919,1.5838,1.195423,8.4375,13,0.64,4-2-2-2,04/03/2003,0.36,04/03/2003,4-2-2-2
3,2023,23243,2024-02-02 19:30:00,280,129,Heidenheim,Borussia Dortmund,DOR,HEI,1,1.1434,0,0.8117,0.8117,-0.1977499999999999,7.095238095238095,7,1,1.5286000000000002,0,1.00945,1.00945,0.1977499999999999,16.72,2,0.3,4-2-3-1,4-2-2-2,0.7,4-2-2-2,4-2-3-1
3,2023,23236,2024-02-03 14:30:00,117,130,Bayern Munich,Borussia Monchengladbach,BMG,BAY,0,0.3232,1,0.780069,0.780069,-1.803941,19.5,5,3,2.5405,3,2.58401,2.58401,1.803941,14.227272727272728,8,0.56,4-2-3-1,4-1-4-1,0.45,4-1-4-1,4-2-3-1
3,2023,23238,2024-02-03 14:30:00,135,133,Freiburg,Stuttgart,STU,FRE,3,2.3925,3,2.73728,2.73728,1.5776400000000002,20.2,11,0,0.4431,1,1.15964,1.15964,-1.5776400000000002,27.352941176470587,3,0.34,4-2-3-1,03/04/2003,0.66,03/04/2003,4-2-3-1
3,2023,23240,2024-02-03 14:30:00,125,123,Mainz,Werder Bremen,WER,MAI,3,0.7315,1,0.395044,0.395044,-0.6453960000000001,17.153846153846153,3,0,1.9384,0,1.04044,1.04044,0.6453960000000001,3.692307692307693,6,0.59,4-2-3-1,03/05/2002,0.41,03/05/2002,4-2-3-1
3,2023,23242,2024-02-03 14:30:00,268,121,Bochum,Augsburg,AUG,BOC,1,1.5553,1,1.39431,0.63653,-0.53078,4.7407407407407405,11,1,1.1329,1,1.16731,1.16731,0.53078,6.7,4,0.49,4-2-3-1,04/04/2002,0.51,04/04/2002,4-2-3-1
3,2023,23244,2024-02-03 14:30:00,127,119,Darmstadt,Bayer Leverkusen,LEV,DAR,3,2.5972,2,2.18207,2.18207,1.749292,7.538461538461538,15,0,0.2701,0,0.432778,0.432778,-1.749292,22.043478260869566,3,0.33,04/04/2002,03/04/2003,0.67,03/04/2003,04/04/2002
3,2023,23241,2024-02-03 17:30:00,134,132,Koln,Eintracht Frankfurt,EIN,COL,0,0.6246,0,1.16049,1.16049,-0.93604,9.956521739130435,5,3,2.1378,2,2.09653,2.09653,0.93604,18.7,2,0.41,4-2-3-1,03/04/2003,0.59,03/04/2003,4-2-3-1
3,2023,23239,2024-02-04 14:30:00,131,120,Wolfsburg,Hoffenheim,HOF,WOL,1,1.5720999999999998,2,1.93269,1.93269,1.086286,7.115384615384615,12,1,1.1809,2,1.60418,0.846404,-1.086286,17.5,11,0.45,04/04/2002,04/04/2002,0.55,04/04/2002,04/04/2002
3,2023,23237,2024-02-04 16:30:00,136,240,RB Leipzig,Union Berlin,UNI,RBL,0,0.5386,0,0.65912,0.65912,-1.10068,32.15384615384615,5,3,2.2477,2,1.7598,1.7598,1.10068,9.695652173913045,7,0.66,4-2-2-2,03/05/2002,0.34,03/05/2002,4-2-2-2
3,2023,23221,2024-02-07 17:30:00,125,240,Mainz,Union Berlin,UNI,MAI,1,1.472,1,1.53583,1.53583,0.1576900000000001,8.285714285714286,6,1,1.2548,1,1.37814,1.37814,-0.1576900000000001,6.84,2,0.45,04/03/2003,03/05/2002,0.55,03/05/2002,04/03/2003
3,2023,23246,2024-02-09 19:30:00,129,135,Borussia Dortmund,Freiburg,FRE,DOR,0,0.0547,0,0.230074,0.230074,-2.989886,37.38461538461539,3,3,2.9076999999999997,3,3.21996,3.21996,2.989886,7.952380952380952,11,0.66,4-2-2-2,4-2-3-1,0.34,4-2-3-1,4-2-2-2
3,2023,23245,2024-02-10 14:30:00,130,127,Borussia Monchengladbach,Darmstadt,DAR,BMG,1,0.764,0,0.817722,0.817722,-0.6558080000000001,13.695652173913045,10,1,1.9241,0,1.47353,1.47353,0.6558080000000001,9.285714285714286,7,0.59,03/05/2002,3-4-1-2,0.41,3-4-1-2,03/05/2002
3,2023,23248,2024-02-10 14:30:00,240,131,Union Berlin,Wolfsburg,WOL,UNI,0,1.7767000000000002,0,1.08099,1.08099,0.5055359999999999,10.052631578947368,9,3,0.8953,1,0.575454,0.575454,-0.5055359999999999,13.117647058823527,4,0.41,03/05/2002,04/04/2002,0.59,04/04/2002,03/05/2002
3,2023,23249,2024-02-10 14:30:00,123,280,Werder Bremen,Heidenheim,HEI,WER,3,1.8515,2,2.1722,2.1722,0.5463100000000001,17.38095238095238,8,0,0.8822,1,1.62589,1.62589,-0.5463100000000001,9.4375,6,0.66,03/05/2002,4-2-3-1,0.35,4-2-3-1,03/05/2002
3,2023,23251,2024-02-10 14:30:00,121,136,Augsburg,RB Leipzig,RBL,AUG,1,2.0456,2,1.78901,1.03123,0.0653140000000001,9.5,7,1,0.7088000000000001,2,0.965916,0.965916,-0.0653140000000001,12.863636363636363,8,0.42,4-3-1-2,4-2-2-2,0.58,4-2-2-2,4-3-1-2
3,2023,23252,2024-02-10 14:30:00,132,268,Eintracht Frankfurt,Bochum,BOC,EIN,1,0.5426,1,1.27691,1.27691,-1.1646299999999998,8.62962962962963,3,1,2.2682,1,2.44154,2.44154,1.1646299999999998,9.95,13,0.53,4-2-3-1,04/04/2002,0.47,04/04/2002,4-2-3-1
3,2023,23250,2024-02-10 17:30:00,119,117,Bayer Leverkusen,Bayern Munich,BAY,LEV,0,0.8898999999999999,0,0.710198,0.710198,-0.519732,7.294117647058823,7,3,1.7971,3,1.22993,1.22993,0.519732,18.952380952380953,4,0.39,03/04/2003,03/04/2003,0.61,03/04/2003,03/04/2003
3,2023,23253,2024-02-11 14:30:00,133,125,Stuttgart,Mainz,MAI,STU,0,0.9801,1,1.61535,1.61535,-0.5547199999999999,16.869565217391305,6,3,1.7853,3,2.17007,2.17007,0.5547199999999999,9.5,9,0.62,4-2-3-1,03/04/2003,0.39,03/04/2003,4-2-3-1
3,2023,23247,2024-02-11 16:30:00,120,134,Hoffenheim,Koln,COL,HOF,1,0.6923,1,0.172441,0.172441,-0.5544659999999999,18.555555555555557,3,1,1.8536,1,0.726907,0.726907,0.5544659999999999,8.32,8,0.57,03/04/2003,4-2-3-1,0.43,4-2-3-1,03/04/2003
3,2023,23258,2024-02-16 19:30:00,134,123,Koln,Werder Bremen,WER,COL,3,2.0305999999999997,1,1.35198,1.35198,0.724532,9.64516129032258,8,0,0.6940999999999999,0,0.627448,0.627448,-0.724532,9.125,2,0.57,4-2-3-1,03/05/2002,0.43,03/05/2002,4-2-3-1
3,2023,23256,2024-02-17 14:30:00,131,129,Wolfsburg,Borussia Dortmund,DOR,WOL,1,0.6396,1,1.21109,1.21109,-0.9085800000000002,13.545454545454543,4,1,2.1189,1,2.11967,2.11967,0.9085800000000002,10.421052631578949,4,0.36,4-2-3-1,4-2-3-1,0.64,4-2-3-1,4-2-3-1
3,2023,23257,2024-02-17 14:30:00,125,121,Mainz,Augsburg,AUG,MAI,0,0.205,0,0.612185,0.612185,-1.252925,5.65,9,3,2.6947,1,2.62289,1.86511,1.252925,7.44,7,0.46,03/04/2003,04/04/2002,0.54,04/04/2002,03/04/2003
3,2023,23259,2024-02-17 14:30:00,120,240,Hoffenheim,Union Berlin,UNI,HOF,3,2.0913,1,2.1649,2.1649,0.91982,24.75,5,0,0.6834,0,1.24508,1.24508,-0.91982,9.05,13,0.67,04/04/2002,03/05/2002,0.33,03/05/2002,04/04/2002
3,2023,23261,2024-02-17 14:30:00,280,119,Heidenheim,Bayer Leverkusen,LEV,HEI,3,2.2683,2,1.87986,1.87986,1.180879,10.0,12,0,0.5031,1,0.698981,0.698981,-1.180879,11.096774193548388,7,0.38,4-2-3-1,3-4-1-2,0.62,3-4-1-2,4-2-3-1
3,2023,23262,2024-02-17 14:30:00,127,133,Darmstadt,Stuttgart,STU,DAR,3,0.7771,2,1.74454,1.74454,-0.92294,15.666666666666666,7,0,2.0182,1,2.66748,2.66748,0.92294,10.526315789473683,14,0.56,3-4-1-2,4-2-3-1,0.44,4-2-3-1,3-4-1-2
3,2023,23254,2024-02-17 17:30:00,136,130,RB Leipzig,Borussia Monchengladbach,BMG,RBL,0,0.9482,0,0.944074,0.944074,-0.5461460000000001,10.92,6,3,1.7803999999999998,2,1.49022,1.49022,0.5461460000000001,10.25925925925926,12,0.49,4-2-2-2,03/05/2002,0.51,03/05/2002,4-2-2-2
3,2023,23255,2024-02-18 14:30:00,135,132,Freiburg,Eintracht Frankfurt,EIN,FRE,1,0.48,3,1.35483,1.35483,-0.6597600000000001,17.095238095238095,4,1,2.3474999999999997,3,2.77236,2.01459,0.6597600000000001,25.615384615384617,12,0.54,03/04/2003,03/04/2003,0.46,03/04/2003,03/04/2003
3,2023,23260,2024-02-18 16:30:00,268,117,Bochum,Bayern Munich,BAY,BOC,0,1.8474,2,2.86883,2.86883,1.54165,6.315789473684211,19,3,0.945,3,2.08495,1.32718,-1.54165,11.93103448275862,4,0.31,04/03/2003,4-2-3-1,0.69,4-2-3-1,04/03/2003
3,2023,23268,2024-02-23 19:30:00,119,125,Bayer Leverkusen,Mainz,MAI,LEV,0,0.5503,1,0.471019,0.471019,-1.001201,17.894736842105264,5,3,2.2119999999999997,2,1.47222,1.47222,1.001201,8.708333333333334,6,0.67,03/04/2003,03/04/2003,0.33,03/04/2003,03/04/2003
3,2023,23263,2024-02-24 14:30:00,133,134,Stuttgart,Koln,COL,STU,1,1.0323,1,1.43669,1.43669,-0.44116,18.85185185185185,3,1,1.7111999999999998,1,1.87785,1.87785,0.44116,4.566666666666666,16,0.75,4-2-3-1,4-2-3-1,0.25,4-2-3-1,4-2-3-1
3,2023,23265,2024-02-24 14:30:00,123,127,Werder Bremen,Darmstadt,DAR,WER,1,0.8035999999999999,1,0.890186,0.890186,-0.6989139999999999,17.15,4,1,1.9397,1,1.5891,1.5891,0.6989139999999999,9.88,14,0.55,03/05/2002,03/05/2002,0.45,03/05/2002,03/05/2002
3,2023,23266,2024-02-24 14:30:00,130,268,Borussia Monchengladbach,Bochum,BOC,BMG,0,0.5625,2,2.13723,2.13723,-0.7544,7.888888888888889,9,3,2.2887,5,3.64941,2.89163,0.7544,10.63157894736842,13,0.49,04/03/2003,04/05/2001,0.51,04/05/2001,04/03/2003
3,2023,23269,2024-02-24 14:30:00,240,280,Union Berlin,Heidenheim,HEI,UNI,1,1.4482000000000002,2,1.33022,1.33022,0.1208899999999999,13.409090909090908,2,1,1.2541,2,1.20933,1.20933,-0.1208899999999999,10.052631578947368,3,0.58,03/05/2002,04/05/2001,0.42,04/05/2001,03/05/2002
3,2023,23271,2024-02-24 17:30:00,117,136,Bayern Munich,RB Leipzig,RBL,BAY,0,0.483,1,0.57703,0.57703,-1.25476,21.789473684210527,5,3,2.3163,2,1.83179,1.83179,1.25476,11.56,10,0.56,4-2-3-1,4-2-2-2,0.44,4-2-2-2,4-2-3-1
3,2023,23267,2024-02-25 14:30:00,132,131,Eintracht Frankfurt,Wolfsburg,WOL,EIN,1,1.093,2,1.18165,1.18165,-0.3545799999999999,14.904761904761903,7,1,1.6363,2,1.53623,1.53623,0.3545799999999999,10.157894736842104,8,0.56,04/04/2002,4-2-3-1,0.44,4-2-3-1,04/04/2002
3,2023,23270,2024-02-25 16:30:00,129,120,Borussia Dortmund,Hoffenheim,HOF,DOR,3,0.3891,3,1.31588,1.31588,-1.7477300000000002,22.529411764705884,1,0,2.4663,2,3.06361,3.06361,1.7477300000000002,8.75,12,0.7,4-2-3-1,3-4-1-2,0.3,3-4-1-2,4-2-3-1
3,2023,23264,2024-02-25 18:30:00,121,135,Augsburg,Freiburg,FRE,AUG,0,0.6539,1,1.42649,0.668717,-1.7394630000000002,17.176470588235293,2,3,2.1047,2,2.40818,2.40818,1.7394630000000002,5.56,11,0.63,04/04/2002,4-2-2-2,0.37,4-2-2-2,04/04/2002
3,2023,23273,2024-03-01 19:30:00,135,117,Freiburg,Bayern Munich,BAY,FRE,1,1.993,2,2.4424,2.4424,0.90263,9.80952380952381,10,1,0.8017000000000001,2,1.53977,1.53977,-0.90263,17.22222222222222,4,0.38,04/04/2002,4-2-3-1,0.62,4-2-3-1,04/04/2002
3,2023,23272,2024-03-02 14:30:00,240,129,Union Berlin,Borussia Dortmund,DOR,UNI,3,1.8931,2,1.63921,1.63921,0.6401680000000001,9.80952380952381,8,0,0.8371,0,0.999042,0.999042,-0.6401680000000001,13.666666666666666,6,0.39,03/05/2002,4-2-3-1,0.62,4-2-3-1,03/05/2002
3,2023,23275,2024-03-02 14:30:00,125,130,Mainz,Borussia Monchengladbach,BMG,MAI,1,1.7492,1,1.55082,1.55082,0.46218,6.954545454545454,6,1,0.9896,1,1.08864,1.08864,-0.46218,9.692307692307692,8,0.44,03/04/2003,04/03/2003,0.57,04/03/2003,03/04/2003
3,2023,23278,2024-03-02 14:30:00,268,136,Bochum,RB Leipzig,RBL,BOC,3,2.568,4,2.11704,2.11704,1.554153,11.727272727272728,6,0,0.2915999999999999,1,0.562887,0.562887,-1.554153,7.810810810810811,8,0.43,4-2-3-1,4-2-2-2,0.57,4-2-2-2,4-2-3-1
3,2023,23279,2024-03-02 14:30:00,280,132,Heidenheim,Eintracht Frankfurt,EIN,HEI,3,1.9975,2,1.57778,1.57778,0.729949,15.5625,5,0,0.7471,1,0.847831,0.847831,-0.729949,14.142857142857142,4,0.58,4-2-3-1,04/04/2002,0.42,04/04/2002,4-2-3-1
3,2023,23280,2024-03-02 14:30:00,127,121,Darmstadt,Augsburg,AUG,DAR,3,2.6514,6,3.39611,3.39611,2.28311,13.266666666666667,7,0,0.2481,0,1.113,1.113,-2.28311,21.785714285714285,5,0.45,3-4-1-2,4-3-1-2,0.56,4-3-1-2,3-4-1-2
3,2023,23274,2024-03-02 17:30:00,131,133,Wolfsburg,Stuttgart,STU,WOL,3,1.4428999999999998,3,1.04058,0.282803,-0.681485,12.105263157894736,3,0,1.2077,2,0.964288,0.964288,0.681485,13.433333333333334,5,0.41,4-2-3-1,03/04/2003,0.59,03/04/2003,4-2-3-1
3,2023,23276,2024-03-03 14:30:00,134,119,Koln,Bayer Leverkusen,LEV,COL,3,1.6374,2,1.63841,1.63841,0.34436,6.2272727272727275,16,0,1.062,0,1.29405,1.29405,-0.34436,36.0,0,0.22,04/04/2002,03/04/2003,0.78,03/04/2003,04/04/2002
3,2023,23277,2024-03-03 16:30:00,120,123,Hoffenheim,Werder Bremen,WER,HOF,0,0.8682,1,1.34942,1.34942,-0.7163999999999999,12.85,6,3,1.9092,2,2.06582,2.06582,0.7163999999999999,14.473684210526317,12,0.47,03/04/2003,03/05/2002,0.53,03/05/2002,03/04/2003
3,2023,23289,2024-03-08 19:30:00,133,240,Stuttgart,Union Berlin,UNI,STU,0,0.9526,0,0.839212,0.839212,-0.4701180000000001,20.92,3,3,1.7491,2,1.30933,1.30933,0.4701180000000001,11.047619047619047,11,0.7,03/04/2003,05/04/2001,0.3,05/04/2001,03/04/2003
3,2023,23281,2024-03-09 14:30:00,117,125,Bayern Munich,Mainz,MAI,BAY,0,0.0060999999999999,1,1.07439,1.07439,-5.70698,15.238095238095235,7,3,2.9908,8,6.78137,6.78137,5.70698,12.705882352941176,20,0.59,4-2-3-1,03/04/2003,0.41,03/04/2003,4-2-3-1
3,2023,23282,2024-03-09 14:30:00,136,127,RB Leipzig,Darmstadt,DAR,RBL,0,0.0253,0,0.394275,0.394275,-3.859495,19.61111111111111,6,3,2.9587,2,4.25377,4.25377,3.859495,16.214285714285715,19,0.64,4-2-2-2,4-2-2-2,0.37,4-2-2-2,4-2-2-2
3,2023,23285,2024-03-09 14:30:00,130,134,Borussia Monchengladbach,Koln,COL,BMG,1,0.3923,3,0.924707,0.924707,-1.622253,16.842105263157894,3,1,2.4512,3,2.54696,2.54696,1.622253,7.625,12,0.59,4-2-3-1,4-2-3-1,0.41,4-2-3-1,4-2-3-1
3,2023,23288,2024-03-09 14:30:00,121,280,Augsburg,Heidenheim,HEI,AUG,0,0.746,0,0.267511,0.267511,-0.473416,9.25,1,3,1.8284,1,0.740927,0.740927,0.473416,6.1923076923076925,8,0.58,04/04/2002,4-1-3-2,0.42,4-1-3-2,04/04/2002
3,2023,23286,2024-03-09 17:30:00,123,129,Werder Bremen,Borussia Dortmund,DOR,WER,3,1.2778,2,1.23563,1.23563,-0.11226,17.6,8,0,1.4419,1,1.34789,1.34789,0.11226,15.846153846153848,4,0.46,03/05/2002,4-2-3-1,0.55,4-2-3-1,03/05/2002
3,2023,23287,2024-03-10 14:30:00,268,135,Bochum,Freiburg,FRE,BOC,3,1.5312,2,1.43573,1.43573,0.1533599999999999,11.444444444444445,3,0,1.1807999999999998,1,1.28237,1.28237,-0.1533599999999999,7.190476190476191,11,0.59,4-1-3-2,4-2-2-2,0.41,4-2-2-2,4-1-3-2
3,2023,23284,2024-03-10 16:30:00,132,120,Eintracht Frankfurt,Hoffenheim,HOF,EIN,0,0.1026,1,0.695868,0.695868,-2.835812,17.72222222222222,2,3,2.8386,3,3.53168,3.53168,2.835812,7.37037037037037,15,0.65,03/04/2003,3-4-1-2,0.35,3-4-1-2,03/04/2003
3,2023,23283,2024-03-10 18:30:00,119,131,Bayer Leverkusen,Wolfsburg,WOL,LEV,0,0.2133,0,0.354851,0.354851,-1.7449689999999998,50.666666666666664,5,3,2.6571,2,2.09982,2.09982,1.7449689999999998,9.375,16,0.76,03/04/2003,03/04/2003,0.24,03/04/2003,03/04/2003
3,2023,23295,2024-03-15 19:30:00,134,136,Koln,RB Leipzig,RBL,COL,3,2.8147,5,3.92775,3.92775,2.74524,7.318181818181818,15,0,0.1230999999999999,1,1.18251,1.18251,-2.74524,20.705882352941178,2,0.33,4-2-3-1,4-2-2-2,0.67,4-2-2-2,4-2-3-1
3,2023,23291,2024-03-16 14:30:00,240,123,Union Berlin,Werder Bremen,WER,UNI,0,0.8243,1,0.833042,0.833042,-0.5953180000000001,10.434782608695652,2,3,1.8869,2,1.42836,1.42836,0.5953180000000001,6.675675675675675,5,0.49,3-4-1-2,03/04/2003,0.51,03/04/2003,3-4-1-2
3,2023,23293,2024-03-16 14:30:00,131,121,Wolfsburg,Augsburg,AUG,WOL,3,0.8399000000000001,3,0.971481,0.971481,-0.7078389999999999,6.428571428571429,7,0,1.9196,1,1.67932,1.67932,0.7078389999999999,7.2,8,0.51,4-2-3-1,04/04/2002,0.49,04/04/2002,4-2-3-1
3,2023,23294,2024-03-16 14:30:00,125,268,Mainz,Bochum,BOC,MAI,0,0.2419,0,0.590727,0.590727,-0.989513,7.619047619047619,3,3,2.6389,2,2.33802,1.58024,0.989513,6.826086956521739,7,0.51,03/04/2003,04/04/2002,0.49,04/04/2002,03/04/2003
3,2023,23297,2024-03-16 14:30:00,280,130,Heidenheim,Borussia Monchengladbach,BMG,HEI,1,0.7605999999999999,1,0.820339,0.820339,-0.7906209999999999,15.235294117647058,2,1,1.9687,1,1.61096,1.61096,0.7906209999999999,7.470588235294118,7,0.53,4-2-3-1,04/03/2003,0.47,04/03/2003,4-2-3-1
3,2023,23298,2024-03-16 14:30:00,127,117,Darmstadt,Bayern Munich,BAY,DAR,3,2.9092,5,5.11913,5.11913,3.87153,4.9523809523809526,23,0,0.0601,2,1.2476,1.2476,-3.87153,19.75,7,0.24,04/04/2002,4-2-3-1,0.76,4-2-3-1,04/04/2002
3,2023,23296,2024-03-16 17:30:00,120,133,Hoffenheim,Stuttgart,STU,HOF,3,2.9019999999999997,3,3.1752,3.1752,2.946014,10.761904761904765,14,0,0.0598,0,0.229186,0.229186,-2.946014,11.64,3,0.43,03/04/2003,03/04/2003,0.57,03/04/2003,03/04/2003
3,2023,23292,2024-03-17 14:30:00,135,119,Freiburg,Bayer Leverkusen,LEV,FRE,3,2.4276999999999997,3,2.50336,2.50336,1.5867419999999997,16.333333333333332,10,0,0.4093,2,0.916618,0.916618,-1.5867419999999997,18.727272727272727,3,0.32,4-2-2-2,03/04/2003,0.68,03/04/2003,4-2-2-2
3,2023,23290,2024-03-17 16:30:00,129,132,Borussia Dortmund,Eintracht Frankfurt,EIN,DOR,0,0.2067999999999999,1,0.86903,0.86903,-1.2073,37.27272727272727,4,3,2.6896,3,2.83411,2.07633,1.2073,10.666666666666666,8,0.66,04/03/2003,03/04/2003,0.34,03/04/2003,04/03/2003
3,2023,23300,2024-03-30 14:30:00,136,125,RB Leipzig,Mainz,MAI,RBL,1,0.2874,0,1.00565,1.00565,-1.91402,11.88,2,1,2.5845,0,2.91967,2.91967,1.91402,7.0,13,0.67,04/04/2002,03/04/2003,0.33,03/04/2003,04/04/2002
3,2023,23301,2024-03-30 14:30:00,119,120,Bayer Leverkusen,Hoffenheim,HOF,LEV,0,0.1651,1,0.657688,0.657688,-2.3790319999999996,34.833333333333336,8,3,2.7484,2,3.03672,3.03672,2.3790319999999996,8.681818181818182,29,0.68,03/04/2003,05/03/2002,0.32,05/03/2002,03/04/2003
3,2023,23302,2024-03-30 14:30:00,132,240,Eintracht Frankfurt,Union Berlin,UNI,EIN,1,1.1892,0,1.07679,1.07679,-0.23211,15.047619047619047,3,1,1.521,0,1.3089,1.3089,0.23211,6.785714285714286,19,0.65,03/04/2003,03/04/2003,0.36,03/04/2003,03/04/2003
3,2023,23303,2024-03-30 14:30:00,130,135,Borussia Monchengladbach,Freiburg,FRE,BMG,3,1.5778,3,2.08769,2.08769,0.2434999999999998,12.23076923076923,7,0,1.174,0,1.84419,1.84419,-0.2434999999999998,14.65,8,0.54,4-2-3-1,3-4-1-2,0.46,3-4-1-2,4-2-3-1
3,2023,23304,2024-03-30 14:30:00,123,131,Werder Bremen,Wolfsburg,WOL,WER,3,2.5516,2,2.44615,2.44615,1.7073679999999998,15.4,11,0,0.304,0,0.738782,0.738782,-1.7073679999999998,11.142857142857142,4,0.49,03/05/2002,03/04/2003,0.51,03/04/2003,03/05/2002
3,2023,23299,2024-03-30 17:30:00,117,129,Bayern Munich,Borussia Dortmund,DOR,BAY,3,0.8829,2,1.25844,1.25844,-0.65032,24.857142857142858,7,0,1.8759,0,1.90876,1.90876,0.65032,9.0,9,0.61,4-2-3-1,04/03/2003,0.39,04/03/2003,4-2-3-1
3,2023,23306,2024-03-31 14:30:00,121,134,Augsburg,Koln,COL,AUG,1,1.0484,1,1.6795,1.6795,-0.45181,8.8,4,1,1.6802,1,2.13131,2.13131,0.45181,7.625,22,0.56,04/04/2002,4-2-3-1,0.44,4-2-3-1,04/04/2002
3,2023,23307,2024-03-31 16:30:00,133,280,Stuttgart,Heidenheim,HEI,STU,1,0.5283,3,1.62523,1.62523,-1.4335700000000002,25.85,3,1,2.2953,3,3.0588,3.0588,1.4335700000000002,7.222222222222222,16,0.73,4-2-2-2,4-2-3-1,0.27,4-2-3-1,4-2-2-2
3,2023,23305,2024-03-31 18:30:00,268,127,Bochum,Darmstadt,DAR,BOC,1,0.4706,2,0.879015,0.879015,-1.4134950000000002,14.125,5,1,2.3522,2,2.29251,2.29251,1.4134950000000002,8.7,9,0.57,04/03/2003,4-1-3-2,0.43,4-1-3-2,04/03/2003
3,2023,23311,2024-04-05 18:30:00,132,123,Eintracht Frankfurt,Werder Bremen,WER,EIN,1,0.9873,1,1.60098,1.60098,-0.5879999999999999,12.692307692307692,3,1,1.7712,1,2.18898,2.18898,0.5879999999999999,7.9411764705882355,15,0.67,04/04/2002,03/05/2002,0.33,03/05/2002,04/04/2002
3,2023,23309,2024-04-06 13:30:00,240,119,Union Berlin,Bayer Leverkusen,LEV,UNI,3,2.8545999999999996,1,2.7617,2.00393,1.734065,9.7,11,0,0.0859,0,0.269865,0.269865,-1.734065,20.166666666666668,2,0.34,03/05/2002,03/04/2003,0.66,03/04/2003,03/05/2002
3,2023,23310,2024-04-06 13:30:00,135,136,Freiburg,RB Leipzig,RBL,FRE,3,2.2905,4,2.88698,2.88698,2.085774,11.714285714285714,7,0,0.5226,1,1.55898,0.801206,-2.085774,17.1,7,0.46,03/04/2003,4-2-2-2,0.54,4-2-2-2,03/04/2003
3,2023,23313,2024-04-06 13:30:00,125,127,Mainz,Darmstadt,DAR,MAI,0,0.0596999999999999,0,0.558152,0.558152,-3.2915780000000003,21.066666666666663,4,3,2.9055,4,3.84973,3.84973,3.2915780000000003,9.473684210526317,9,0.6,03/04/2003,4-1-3-2,0.4,4-1-3-2,03/04/2003
3,2023,23315,2024-04-06 13:30:00,280,117,Heidenheim,Bayern Munich,BAY,HEI,0,1.9206999999999996,2,2.12066,2.12066,0.7701800000000001,7.727272727272728,19,3,0.8442999999999999,3,1.35048,1.35048,-0.7701800000000001,23.466666666666665,8,0.33,4-2-3-1,4-2-3-1,0.67,4-2-3-1,4-2-3-1
3,2023,23316,2024-04-06 13:30:00,134,268,Koln,Bochum,BOC,COL,0,0.9709,1,0.777136,0.777136,-0.460194,7.6,2,3,1.7185,2,1.23733,1.23733,0.460194,6.157894736842105,6,0.56,4-2-3-1,4-3-1-2,0.44,4-3-1-2,4-2-3-1
3,2023,23308,2024-04-06 16:30:00,129,133,Borussia Dortmund,Stuttgart,STU,DOR,3,0.6917,1,1.82865,1.82865,-1.1246799999999997,15.55,2,0,2.1224,0,2.95333,2.95333,1.1246799999999997,16.15,10,0.52,04/03/2003,03/04/2003,0.49,03/04/2003,04/03/2003
3,2023,23314,2024-04-07 13:30:00,120,121,Hoffenheim,Augsburg,AUG,HOF,0,0.4375,1,0.806763,0.806763,-1.413007,8.84375,8,3,2.3938,3,2.21977,2.21977,1.413007,14.428571428571429,5,0.55,3-4-1-2,05/03/2002,0.45,05/03/2002,3-4-1-2
3,2023,23312,2024-04-07 15:30:00,131,130,Wolfsburg,Borussia Monchengladbach,BMG,WOL,3,1.4561000000000002,3,1.38704,1.38704,0.1201499999999999,19.60869565217391,4,0,1.2605,1,1.26689,1.26689,-0.1201499999999999,20.53846153846154,3,0.61,04/04/2002,03/04/2003,0.39,03/04/2003,04/04/2002
3,2023,23323,2024-04-12 18:30:00,121,240,Augsburg,Union Berlin,UNI,AUG,0,1.2298,0,1.55042,1.55042,-0.1568800000000001,10.80952380952381,12,3,1.5118,2,1.7073,1.7073,0.1568800000000001,13.333333333333334,8,0.47,04/04/2002,03/05/2002,0.53,03/05/2002,04/04/2002
3,2023,23317,2024-04-13 13:30:00,117,134,Bayern Munich,Koln,COL,BAY,0,0.3893,0,0.766768,0.766768,-1.580282,12.030303030303031,1,3,2.4455,2,2.34705,2.34705,1.580282,12.846153846153848,10,0.69,4-2-3-1,04/04/2002,0.31,04/04/2002,4-2-3-1
3,2023,23318,2024-04-13 13:30:00,136,131,RB Leipzig,Wolfsburg,WOL,RBL,0,0.3678,0,0.323042,0.323042,-1.358348,15.80952380952381,6,3,2.4303000000000003,3,1.68139,1.68139,1.358348,11.962962962962964,6,0.5,4-2-2-2,03/04/2003,0.5,03/04/2003,4-2-2-2
3,2023,23320,2024-04-13 13:30:00,125,120,Mainz,Hoffenheim,HOF,MAI,0,0.1689999999999999,1,0.529727,0.529727,-2.0541530000000003,7.761904761904762,0,3,2.7298,4,2.58388,2.58388,2.0541530000000003,11.470588235294118,8,0.47,03/04/2003,03/05/2002,0.53,03/05/2002,03/04/2003
3,2023,23321,2024-04-13 13:30:00,130,129,Borussia Monchengladbach,Borussia Dortmund,DOR,BMG,3,1.8974,2,1.80703,1.04926,-0.1230199999999999,16.625,7,0,0.8471,1,1.17228,1.17228,0.1230199999999999,17.94736842105263,9,0.46,03/04/2003,4-2-3-1,0.54,4-2-3-1,03/04/2003
3,2023,23322,2024-04-13 13:30:00,268,280,Bochum,Heidenheim,HEI,BOC,1,1.604,1,1.40689,1.40689,0.2897499999999999,13.944444444444445,1,1,1.1255,1,1.11714,1.11714,-0.2897499999999999,4.586206896551724,5,0.61,4-2-3-1,4-2-3-1,0.39,4-2-3-1,4-2-3-1
3,2023,23324,2024-04-13 16:30:00,133,132,Stuttgart,Eintracht Frankfurt,EIN,STU,0,0.7239,0,0.565621,0.565621,-0.6963689999999999,14.333333333333334,6,3,1.9851,3,1.26199,1.26199,0.6963689999999999,19.9375,9,0.55,4-2-3-1,4-2-2-2,0.45,4-2-2-2,4-2-3-1
3,2023,23325,2024-04-14 13:30:00,127,135,Darmstadt,Freiburg,FRE,DAR,3,1.6732999999999998,1,1.34437,1.34437,0.3820950000000001,21.846153846153847,7,0,1.0373,0,0.962275,0.962275,-0.3820950000000001,12.476190476190476,1,0.53,3-4-1-2,03/04/2003,0.47,03/04/2003,3-4-1-2
3,2023,23319,2024-04-14 15:30:00,119,123,Bayer Leverkusen,Werder Bremen,WER,LEV,0,0.1417999999999999,0,0.885426,0.885426,-1.692584,26.466666666666665,1,3,2.7857,5,3.33579,2.57801,1.692584,15.772727272727272,10,0.56,03/04/2003,03/05/2002,0.44,03/05/2002,03/04/2003
3,2023,23329,2024-04-19 18:30:00,132,121,Eintracht Frankfurt,Augsburg,AUG,EIN,0,0.4231,1,0.597958,0.597958,-1.289482,15.5,8,3,2.3818,3,1.88744,1.88744,1.289482,16.818181818181817,5,0.63,04/04/2002,04/04/2002,0.38,04/04/2002,04/04/2002
3,2023,23330,2024-04-20 13:30:00,131,268,Wolfsburg,Bochum,BOC,WOL,0,1.369,0,1.37904,1.37904,0.0309000000000001,5.961538461538462,7,3,1.3281999999999998,1,1.34814,1.34814,-0.0309000000000001,8.636363636363637,5,0.46,03/04/2003,4-2-3-1,0.54,4-2-3-1,03/04/2003
3,2023,23331,2024-04-20 13:30:00,134,127,Koln,Darmstadt,DAR,COL,3,2.0395000000000003,2,1.95124,1.95124,0.8395400000000002,11.80952380952381,10,0,0.7285,0,1.1117,1.1117,-0.8395400000000002,8.380952380952381,8,0.57,04/04/2002,03/04/2003,0.43,03/04/2003,04/04/2002
3,2023,23332,2024-04-20 13:30:00,120,130,Hoffenheim,Borussia Monchengladbach,BMG,HOF,0,0.5634,3,1.36369,1.36369,-1.40909,26.0,4,3,2.2674000000000003,4,2.77278,2.77278,1.40909,12.55,14,0.59,03/05/2002,3-4-1-2,0.41,3-4-1-2,03/05/2002
3,2023,23334,2024-04-20 13:30:00,280,136,Heidenheim,RB Leipzig,RBL,HEI,3,1.5468,2,1.58114,1.58114,0.22866,17.5,5,0,1.1562,1,1.35248,1.35248,-0.22866,15.875,3,0.39,4-1-4-1,4-2-2-2,0.61,4-2-2-2,4-1-4-1
3,2023,23327,2024-04-20 16:30:00,240,117,Union Berlin,Bayern Munich,BAY,UNI,3,1.9955,5,1.92795,1.92795,0.8593200000000001,11.521739130434783,16,0,0.776,1,1.06863,1.06863,-0.8593200000000001,17.958333333333332,6,0.36,03/05/2002,4-2-3-1,0.64,4-2-3-1,03/05/2002
3,2023,23333,2024-04-21 13:30:00,123,133,Werder Bremen,Stuttgart,STU,WER,0,2.603,1,3.32355,3.32355,2.67357,5.121212121212121,19,3,0.2783,2,1.40776,0.64998,-2.67357,22.88888888888889,1,0.31,03/04/2003,03/05/2002,0.69,03/05/2002,03/04/2003
3,2023,23326,2024-04-21 15:30:00,129,119,Borussia Dortmund,Bayer Leverkusen,LEV,DOR,1,1.9993,1,1.51278,1.51278,0.738783,14.590909090909092,10,1,0.7342,1,0.773997,0.773997,-0.738783,13.636363636363637,8,0.48,04/05/2001,03/04/2003,0.52,03/04/2003,04/05/2001
3,2023,23328,2024-04-21 17:30:00,135,125,Freiburg,Mainz,MAI,FRE,1,1.5081,1,1.47938,1.47938,0.2236599999999999,6.241379310344827,5,1,1.2156,1,1.25572,1.25572,-0.2236599999999999,10.241379310344827,4,0.4,03/04/2003,03/04/2003,0.6,03/04/2003,03/04/2003
3,2023,23341,2024-04-26 18:30:00,268,120,Bochum,Hoffenheim,HOF,BOC,0,0.1695999999999999,2,1.28293,1.28293,-2.62736,7.764705882352941,0,3,2.7525999999999997,3,3.91029,3.91029,2.62736,9.727272727272728,8,0.45,4-2-3-1,03/05/2002,0.55,03/05/2002,4-2-3-1
3,2023,23335,2024-04-27 13:30:00,117,132,Bayern Munich,Eintracht Frankfurt,EIN,BAY,0,0.0611,1,0.392852,0.392852,-2.145858,24.3125,5,3,2.9045,2,3.29649,2.53871,2.145858,8.161290322580646,9,0.62,4-2-3-1,03/05/2002,0.38,03/05/2002,4-2-3-1
3,2023,23336,2024-04-27 13:30:00,136,129,RB Leipzig,Borussia Dortmund,DOR,RBL,0,0.7482,1,1.7764,1.7764,-0.97272,9.272727272727272,13,3,2.0451,4,2.74912,2.74912,0.97272,15.227272727272728,12,0.39,4-2-2-2,04/05/2001,0.62,04/05/2001,4-2-2-2
3,2023,23337,2024-04-27 13:30:00,135,131,Freiburg,Wolfsburg,WOL,FRE,3,0.4165,2,0.583145,0.583145,-0.5216350000000001,11.944444444444445,3,0,2.3917,1,1.86256,1.10478,0.5216350000000001,11.0,7,0.51,03/04/2003,04/04/2002,0.49,04/04/2002,03/04/2003
3,2023,23342,2024-04-27 13:30:00,121,123,Augsburg,Werder Bremen,WER,AUG,3,2.6919,3,2.53138,1.7736,1.23103,11.052631578947368,9,0,0.2016,0,0.54257,0.54257,-1.23103,4.818181818181818,6,0.54,04/04/2002,03/04/2003,0.46,03/04/2003,04/04/2002
3,2023,23338,2024-04-27 16:30:00,119,133,Bayer Leverkusen,Stuttgart,STU,LEV,1,1.6558000000000002,2,2.02009,2.02009,0.3543,10.304347826086955,8,1,1.0873,2,1.66579,1.66579,-0.3543,16.2,6,0.49,03/04/2003,4-2-2-2,0.51,4-2-2-2,03/04/2003
3,2023,23340,2024-04-28 13:30:00,130,240,Borussia Monchengladbach,Union Berlin,UNI,BMG,1,1.2970000000000002,0,1.11351,1.11351,-0.0967,10.866666666666667,6,1,1.3912000000000002,0,1.21021,1.21021,0.0967,20.571428571428573,3,0.51,03/04/2003,3-4-1-2,0.49,3-4-1-2,03/04/2003
3,2023,23339,2024-04-28 15:30:00,125,134,Mainz,Koln,COL,MAI,1,2.0855,1,2.85686,1.34147,-0.54786,7.3076923076923075,8,1,0.7031,1,1.88933,1.88933,0.54786,10.095238095238097,9,0.39,03/04/2003,4-2-3-1,0.61,4-2-3-1,03/04/2003
3,2023,23343,2024-04-28 17:30:00,127,280,Darmstadt,Heidenheim,HEI,DAR,3,2.1991,1,1.49165,1.49165,0.959603,9.0,6,0,0.5563,0,0.532047,0.532047,-0.959603,12.4,6,0.46,3-4-1-2,4-1-3-2,0.54,4-1-3-2,3-4-1-2
3,2023,23349,2024-05-03 18:30:00,120,136,Hoffenheim,RB Leipzig,RBL,HOF,1,0.8125000000000001,1,1.03434,1.03434,-0.7693300000000001,37.375,5,1,1.9387,1,1.80367,1.80367,0.7693300000000001,19.5,10,0.56,03/05/2002,4-2-2-2,0.45,4-2-2-2,03/05/2002
3,2023,23344,2024-05-04 13:30:00,129,121,Borussia Dortmund,Augsburg,AUG,DOR,0,0.7955,1,2.56978,2.56978,-1.1012299999999997,17.17391304347826,13,3,2.0288,5,3.67101,3.67101,1.1012299999999997,16.333333333333332,8,0.61,4-2-3-1,3-4-1-2,0.4,3-4-1-2,4-2-3-1
3,2023,23347,2024-05-04 13:30:00,131,127,Wolfsburg,Darmstadt,DAR,WOL,0,0.0732,0,0.372357,0.372357,-2.787993,17.22222222222222,7,3,2.8809,3,3.16035,3.16035,2.787993,21.428571428571427,12,0.54,4-2-3-1,3-4-1-2,0.47,3-4-1-2,4-2-3-1
3,2023,23350,2024-05-04 13:30:00,123,130,Werder Bremen,Borussia Monchengladbach,BMG,WER,1,2.0915000000000004,2,2.28533,1.52756,0.2113800000000001,19.27777777777778,8,1,0.7001,2,1.31618,1.31618,-0.2113800000000001,12.869565217391305,13,0.56,03/04/2003,3-1-4-2,0.44,3-1-4-2,03/04/2003
3,2023,23351,2024-05-04 13:30:00,133,117,Stuttgart,Bayern Munich,BAY,STU,0,1.3521,1,1.92761,1.16984,-0.8407600000000002,36.6,3,3,1.3977,3,2.0106,2.0106,0.8407600000000002,11.785714285714286,9,0.6,4-2-2-2,4-2-3-1,0.4,4-2-3-1,4-2-2-2
3,2023,23348,2024-05-04 16:30:00,134,135,Koln,Freiburg,FRE,COL,1,1.4133,0,1.12733,1.12733,0.0379699999999998,15.6,4,1,1.2533999999999998,0,1.08936,1.08936,-0.0379699999999998,8.185185185185185,7,0.56,4-2-3-1,03/04/2003,0.44,03/04/2003,4-2-3-1
3,2023,23345,2024-05-05 13:30:00,240,268,Union Berlin,Bochum,BOC,UNI,3,1.6407999999999998,4,1.84679,1.84679,0.3511799999999998,8.777777777777779,8,0,1.1125,3,1.49561,1.49561,-0.3511799999999998,7.636363636363637,8,0.48,03/05/2002,4-2-3-1,0.52,4-2-3-1,03/05/2002
3,2023,23346,2024-05-05 15:30:00,132,119,Eintracht Frankfurt,Bayer Leverkusen,LEV,EIN,3,2.4133,5,3.11322,1.59783,0.0219900000000001,66.6,6,0,0.4411,1,1.57584,1.57584,-0.0219900000000001,9.814814814814817,8,0.55,4-2-2-2,03/04/2003,0.45,03/04/2003,4-2-2-2
3,2023,23352,2024-05-05 17:30:00,280,125,Heidenheim,Mainz,MAI,HEI,1,1.9739,1,2.2312,2.2312,0.8055499999999998,12.15,9,1,0.8078000000000001,1,1.42565,1.42565,-0.8055499999999998,19.866666666666667,7,0.46,4-1-3-2,03/04/2003,0.54,03/04/2003,4-1-3-2
3,2023,23360,2024-05-10 18:30:00,121,133,Augsburg,Stuttgart,STU,AUG,3,2.3147,1,1.82603,1.82603,1.263668,9.636363636363637,15,0,0.4799,0,0.562362,0.562362,-1.263668,21.041666666666668,4,0.23,4-3-1-2,4-2-2-2,0.77,4-2-2-2,4-3-1-2
3,2023,23354,2024-05-11 13:30:00,136,123,RB Leipzig,Werder Bremen,WER,RBL,1,0.8889,1,1.0305,1.0305,-0.57911,13.285714285714286,7,1,1.8444,1,1.60961,1.60961,0.57911,16.75,9,0.44,03/04/2003,03/04/2003,0.56,03/04/2003,03/04/2003
3,2023,23355,2024-05-11 13:30:00,135,280,Freiburg,Heidenheim,HEI,FRE,1,0.4462,1,0.634464,0.634464,-1.235036,19.571428571428573,5,1,2.3422,1,1.8695,1.8695,1.235036,15.117647058823527,9,0.56,03/04/2003,4-2-3-1,0.44,4-2-3-1,03/04/2003
3,2023,23357,2024-05-11 13:30:00,130,132,Borussia Monchengladbach,Eintracht Frankfurt,EIN,BMG,1,2.7265,1,2.33139,2.33139,2.007843,13.3,14,1,0.1735,1,0.323547,0.323547,-2.007843,12.407407407407408,2,0.45,03/05/2002,03/05/2002,0.56,03/05/2002,03/05/2002
3,2023,23358,2024-05-11 13:30:00,134,240,Koln,Union Berlin,UNI,COL,0,0.4704,2,1.66062,0.902839,-1.363551,13.444444444444445,3,3,2.3553,3,3.02417,2.26639,1.363551,5.476190476190476,6,0.62,4-2-3-1,03/04/2003,0.38,03/04/2003,4-2-3-1
3,2023,23356,2024-05-11 16:30:00,125,129,Mainz,Borussia Dortmund,DOR,MAI,0,0.0835,0,0.398966,0.398966,-2.655064,8.5,9,3,2.8663,3,3.05403,3.05403,2.655064,12.433333333333334,8,0.32,03/04/2003,04/03/2003,0.69,04/03/2003,03/04/2003
3,2023,23361,2024-05-12 13:30:00,127,120,Darmstadt,Hoffenheim,HOF,DAR,3,2.9271000000000003,6,3.67135,3.67135,3.204121,21.916666666666668,9,0,0.0453,0,0.467229,0.467229,-3.204121,25.526315789473685,2,0.4,03/04/2003,3-4-1-2,0.6,3-4-1-2,03/04/2003
3,2023,23353,2024-05-12 15:30:00,117,131,Bayern Munich,Wolfsburg,WOL,BAY,0,0.8888,0,0.132383,0.132383,-0.239137,27.77777777777778,3,3,1.4843,2,0.37152,0.37152,0.239137,18.944444444444443,6,0.59,4-2-3-1,3-5-1-1,0.41,3-5-1-1,4-2-3-1
3,2023,23359,2024-05-12 17:30:00,268,119,Bochum,Bayer Leverkusen,LEV,BOC,3,2.9894,5,4.59495,3.83718,3.615664,7.631578947368421,17,0,0.0062,0,0.221516,0.221516,-3.615664,21.357142857142858,0,0.33,4-2-3-1,03/04/2003,0.68,03/04/2003,4-2-3-1
3,2023,23362,2024-05-18 13:30:00,129,127,Borussia Dortmund,Darmstadt,DAR,DOR,0,0.0423,0,0.281801,0.281801,-2.770799,17.44,4,3,2.928,4,3.0526,3.0526,2.770799,11.461538461538462,17,0.73,04/03/2003,3-4-1-2,0.27,3-4-1-2,04/03/2003
3,2023,23363,2024-05-18 13:30:00,240,135,Union Berlin,Freiburg,FRE,UNI,0,0.4186999999999999,1,0.963773,0.963773,0.276096,10.8125,7,3,2.4062,2,2.28943,0.687677,-0.276096,13.869565217391305,5,0.37,03/04/2003,4-2-3-1,0.63,4-2-3-1,03/04/2003
3,2023,23364,2024-05-18 13:30:00,119,121,Bayer Leverkusen,Augsburg,AUG,LEV,0,0.5874,1,1.19936,1.19936,-1.20289,27.2,8,3,2.2242,2,2.40225,2.40225,1.20289,14.375,13,0.65,03/04/2003,04/04/2002,0.35,04/04/2002,03/04/2003
3,2023,23365,2024-05-18 13:30:00,132,136,Eintracht Frankfurt,RB Leipzig,RBL,EIN,1,0.804,2,1.79078,1.033,-0.83413,12.833333333333334,4,1,1.9581,2,2.62491,1.86713,0.83413,11.724137931034482,6,0.47,03/04/2003,4-2-2-2,0.53,4-2-2-2,03/04/2003
3,2023,23366,2024-05-18 13:30:00,131,125,Wolfsburg,Mainz,MAI,WOL,3,2.0606,3,2.37382,2.37382,0.8492199999999999,12.55,4,0,0.6938000000000001,1,1.5246,1.5246,-0.8492199999999999,4.458333333333333,8,0.64,03/04/2003,03/04/2003,0.36,03/04/2003,03/04/2003
3,2023,23367,2024-05-18 13:30:00,120,117,Hoffenheim,Bayern Munich,BAY,HOF,0,0.8741,2,1.69159,1.69159,-0.7502899999999999,13.31578947368421,8,3,1.9073,4,2.44188,2.44188,0.7502899999999999,14.416666666666666,12,0.48,03/04/2003,03/04/2003,0.52,03/04/2003,03/04/2003
3,2023,23368,2024-05-18 13:30:00,123,268,Werder Bremen,Bochum,BOC,WER,0,0.5672,1,2.14301,2.14301,-1.66366,7.407407407407407,10,3,2.2918999999999996,4,3.80667,3.80667,1.66366,14.133333333333333,13,0.46,03/05/2002,4-2-3-1,0.54,4-2-3-1,03/05/2002
3,2023,23369,2024-05-18 13:30:00,133,130,Stuttgart,Borussia Monchengladbach,BMG,STU,0,1.0928000000000002,0,1.65395,1.65395,-0.4535499999999999,19.833333333333332,7,3,1.6742,4,2.1075,2.1075,0.4535499999999999,20.705882352941178,10,0.6,4-2-3-1,4-1-4-1,0.4,4-1-4-1,4-2-3-1
3,2023,23370,2024-05-18 13:30:00,280,134,Heidenheim,Koln,COL,HEI,0,2.2603,1,2.70114,2.70114,1.23799,8.777777777777779,9,3,0.5461,4,1.46315,1.46315,-1.23799,15.0,7,0.48,4-2-3-1,4-2-3-1,0.52,4-2-3-1,4-2-3-1
3,2024,27742,2024-08-23 18:30:00,130,119,Borussia Monchengladbach,Bayer Leverkusen,LEV,BMG,3,2.4806,3,3.23588,2.30665,0.7899999999999998,18.2,10,0,0.3707,2,1.51665,1.51665,-0.7899999999999998,14.227272727272728,5,0.42,4-2-3-1,03/04/2003,0.58,03/04/2003,4-2-3-1
3,2024,27743,2024-08-24 13:30:00,136,268,RB Leipzig,Bochum,BOC,RBL,0,1.7233,0,1.31541,1.31541,0.3782759999999999,10.758620689655173,1,3,0.9835,1,0.937134,0.937134,-0.3782759999999999,12.916666666666666,8,0.63,4-2-2-2,04/04/2002,0.37,04/04/2002,4-2-2-2
3,2024,27744,2024-08-24 13:30:00,120,287,Hoffenheim,Holstein Kiel,KIE,HOF,0,0.4709,2,1.97238,1.97238,-1.0069,12.055555555555555,2,3,2.3924,3,3.73706,2.97928,1.0069,12.95,10,0.55,3-4-1-2,3-4-1-2,0.45,3-4-1-2,3-4-1-2
3,2024,27745,2024-08-24 13:30:00,135,133,Freiburg,Stuttgart,STU,FRE,0,0.0634,1,0.374185,0.374185,-2.640715,10.11111111111111,4,3,2.8978,3,3.0149,3.0149,2.640715,34.25,6,0.33,4-2-3-1,4-2-3-1,0.67,4-2-3-1,4-2-3-1
3,2024,27746,2024-08-24 13:30:00,121,123,Augsburg,Werder Bremen,WER,AUG,1,1.5149,2,1.54312,1.54312,0.2274100000000001,10.789473684210526,11,1,1.193,2,1.31571,1.31571,-0.2274100000000001,14.75,3,0.45,04/04/2002,03/05/2002,0.55,03/05/2002,04/04/2002
3,2024,27747,2024-08-24 13:30:00,125,240,Mainz,Union Berlin,UNI,MAI,1,0.5789,1,0.731569,0.731569,-1.0386609999999998,8.791666666666666,4,1,2.1965,1,1.77023,1.77023,1.0386609999999998,13.166666666666666,8,0.54,03/04/2003,03/04/2003,0.46,03/04/2003,03/04/2003
3,2024,27748,2024-08-24 16:30:00,129,132,Borussia Dortmund,Eintracht Frankfurt,EIN,DOR,0,0.7252000000000001,0,1.15188,1.15188,-0.7744199999999999,34.90909090909091,6,3,1.9957000000000005,2,1.9263,1.9263,0.7744199999999999,10.055555555555555,6,0.7,03/04/2003,4-2-3-1,0.3,4-2-3-1,03/04/2003
3,2024,27749,2024-08-25 13:30:00,131,117,Wolfsburg,Bayern Munich,BAY,WOL,3,1.418,3,2.17538,2.17538,0.8519000000000001,7.125,9,0,1.3304,2,2.08125,1.32348,-0.8519000000000001,14.0,3,0.29,4-2-3-1,4-2-3-1,0.71,4-2-3-1,4-2-3-1
3,2024,27750,2024-08-25 15:30:00,288,280,Saint Pauli,Heidenheim,HEI,SPA,3,1.3808000000000002,2,1.16833,1.16833,0.00743,13.333333333333334,1,0,1.2938,0,1.1609,1.1609,-0.00743,7.956521739130435,2,0.61,03/05/2002,4-2-3-1,0.39,4-2-3-1,03/05/2002
3,2024,27751,2024-08-30 18:30:00,240,288,Union Berlin,Saint Pauli,SPA,UNI,0,0.9653,0,0.644857,0.644857,-0.4039429999999999,11.333333333333334,4,3,1.7003,1,1.0488,1.0488,0.4039429999999999,25.133333333333333,6,0.39,03/04/2003,3-1-4-2,0.61,3-1-4-2,03/04/2003
3,2024,27752,2024-08-31 13:30:00,268,130,Bochum,Borussia Monchengladbach,BMG,BOC,3,2.6088,2,2.66887,2.66887,1.750241,15.0,9,0,0.27,0,0.918629,0.918629,-1.750241,12.88888888888889,6,0.38,04/04/2002,4-2-3-1,0.62,4-2-3-1,04/04/2002
3,2024,27753,2024-08-31 13:30:00,123,129,Werder Bremen,Borussia Dortmund,DOR,WER,1,1.9954,0,0.918302,0.918302,0.639769,12.521739130434783,2,1,0.6456999999999999,0,0.278533,0.278533,-0.639769,18.26315789473684,9,0.47,03/05/2002,4-2-3-1,0.53,4-2-3-1,03/05/2002
3,2024,27754,2024-08-31 13:30:00,287,131,Holstein Kiel,Wolfsburg,WOL,KIE,3,1.8455,2,1.4619,1.4619,0.56701,9.5,5,0,0.8815999999999999,0,0.89489,0.89489,-0.56701,8.0,6,0.54,04/04/2002,4-2-3-1,0.46,4-2-3-1,04/04/2002
3,2024,27755,2024-08-31 13:30:00,133,125,Stuttgart,Mainz,MAI,STU,1,0.2549,3,1.95179,1.19402,-3.01938,13.391304347826088,6,1,2.6429,3,4.2134,4.2134,3.01938,9.705882352941176,12,0.64,4-2-3-1,03/04/2003,0.36,03/04/2003,4-2-3-1
3,2024,27756,2024-08-31 13:30:00,132,120,Eintracht Frankfurt,Hoffenheim,HOF,EIN,0,0.212,1,0.832386,0.832386,-1.852684,17.25,4,3,2.6611999999999996,3,2.68507,2.68507,1.852684,9.8,12,0.51,03/04/2003,3-4-1-2,0.5,3-4-1-2,03/04/2003
3,2024,27757,2024-08-31 16:30:00,119,136,Bayer Leverkusen,RB Leipzig,RBL,LEV,3,0.3728,3,1.50532,1.50532,-1.91734,12.391304347826088,2,0,2.4935,2,3.42266,3.42266,1.91734,15.0,16,0.63,03/04/2003,03/04/2003,0.38,03/04/2003,03/04/2003
3,2024,27758,2024-09-01 13:30:00,280,121,Heidenheim,Augsburg,AUG,HEI,0,0.1009999999999999,0,0.641534,0.641534,-1.6944559999999995,7.619047619047619,10,3,2.8448,4,3.09376,2.33599,1.6944559999999995,13.130434782608695,7,0.36,4-2-3-1,04/04/2002,0.64,04/04/2002,4-2-3-1
3,2024,27759,2024-09-01 15:30:00,117,135,Bayern Munich,Freiburg,FRE,BAY,0,0.7345999999999999,0,0.970892,0.213115,-0.6570750000000001,18.0,4,3,1.9385,2,1.62797,0.87019,0.6570750000000001,9.35,12,0.67,4-1-4-1,4-2-3-1,0.33,4-2-3-1,4-1-4-1
3,2024,27760,2024-09-13 18:30:00,129,280,Borussia Dortmund,Heidenheim,HEI,DOR,0,0.5768,2,1.61406,0.856287,-1.226603,15.409090909090908,4,3,2.2349,4,2.84066,2.08289,1.226603,9.904761904761903,8,0.61,4-2-3-1,4-2-3-1,0.39,4-2-3-1,4-2-3-1
3,2024,27761,2024-09-14 13:30:00,120,119,Hoffenheim,Bayer Leverkusen,LEV,HOF,3,2.6919,4,3.41829,2.66052,1.59696,10.63157894736842,13,0,0.2169,1,1.06356,1.06356,-1.59696,23.285714285714285,5,0.4,3-4-1-2,03/04/2003,0.6,03/04/2003,3-4-1-2
3,2024,27762,2024-09-14 13:30:00,135,268,Freiburg,Bochum,BOC,FRE,0,0.1333,1,1.10732,1.10732,-2.84885,10.04,8,3,2.8066,2,3.95617,3.95617,2.84885,9.85,4,0.54,4-2-3-1,04/04/2002,0.46,04/04/2002,4-2-3-1
3,2024,27763,2024-09-14 13:30:00,136,240,RB Leipzig,Union Berlin,UNI,RBL,1,0.912,0,0.859112,0.859112,0.322273,28.352941176470587,4,1,1.7808,0,1.29462,0.536839,-0.322273,8.727272727272727,5,0.68,03/04/2003,03/04/2003,0.32,03/04/2003,03/04/2003
3,2024,27764,2024-09-14 13:30:00,131,132,Wolfsburg,Eintracht Frankfurt,EIN,WOL,3,2.5173,2,2.86858,2.11081,0.8783199999999998,14.0,5,0,0.339,1,1.23249,1.23249,-0.8783199999999998,9.26086956521739,5,0.6,4-1-4-1,04/04/2002,0.4,04/04/2002,4-1-4-1
3,2024,27765,2024-09-14 13:30:00,130,133,Borussia Monchengladbach,Stuttgart,STU,BMG,3,1.8456000000000004,3,2.7214,2.7214,0.6700400000000002,10.136363636363637,7,0,0.9375,1,2.05136,2.05136,-0.6700400000000002,9.82857142857143,7,0.44,4-2-3-1,4-2-2-2,0.56,4-2-2-2,4-2-3-1
3,2024,27766,2024-09-14 16:30:00,287,117,Holstein Kiel,Bayern Munich,BAY,KIE,3,2.9658,6,4.13442,3.37664,3.076864,10.736842105263158,11,0,0.0204,1,0.299776,0.299776,-3.076864,17.333333333333332,3,0.29,04/03/2003,4-2-3-1,0.71,4-2-3-1,04/03/2003
3,2024,27767,2024-09-15 13:30:00,121,288,Augsburg,Saint Pauli,SPA,AUG,0,0.2126,1,0.49314,0.49314,-2.12161,9.72222222222222,9,3,2.6852,3,2.61475,2.61475,2.12161,13.578947368421051,5,0.43,03/04/2003,03/05/2002,0.57,03/05/2002,03/04/2003
3,2024,27768,2024-09-15 15:30:00,125,123,Mainz,Werder Bremen,WER,MAI,3,1.473,2,1.8089,1.05112,-0.6200299999999999,18.166666666666668,7,0,1.2564,1,1.67115,1.67115,0.6200299999999999,7.285714285714286,11,0.58,03/04/2003,03/04/2003,0.42,03/04/2003,03/04/2003
3,2024,27769,2024-09-20 18:30:00,121,125,Augsburg,Mainz,MAI,AUG,3,0.4544,3,1.25788,1.25788,-1.53774,23.77777777777778,1,0,2.3741,2,2.79562,2.79562,1.53774,4.2105263157894735,16,0.73,03/04/2003,03/04/2003,0.27,03/04/2003,03/04/2003
3,2024,27770,2024-09-21 13:30:00,240,120,Union Berlin,Hoffenheim,HOF,UNI,0,0.5776,1,0.378776,0.378776,-0.837094,10.48,6,3,2.1373,2,1.21587,1.21587,0.837094,9.48,6,0.51,03/04/2003,03/05/2002,0.49,03/05/2002,03/04/2003
3,2024,27771,2024-09-21 13:30:00,268,287,Bochum,Holstein Kiel,KIE,BOC,1,2.0745,2,2.26878,2.26878,0.94495,8.391304347826088,9,1,0.7119,2,1.32383,1.32383,-0.94495,12.391304347826088,4,0.45,04/04/2002,03/04/2003,0.55,03/04/2003,04/04/2002
3,2024,27772,2024-09-21 13:30:00,280,135,Heidenheim,Freiburg,FRE,HEI,3,2.108,3,1.23884,1.23884,0.859184,14.4375,15,0,0.5992999999999999,0,0.379656,0.379656,-0.859184,59.2,4,0.42,3-1-4-2,4-2-3-1,0.58,4-2-3-1,3-1-4-2
3,2024,27773,2024-09-21 13:30:00,123,117,Werder Bremen,Bayern Munich,BAY,WER,3,2.9704,5,3.34451,3.34451,3.34451,7.3125,25,0,0.0148,0,0.0,0.0,-3.34451,35.0,7,0.3,03/05/2002,4-2-3-1,0.7,4-2-3-1,03/05/2002
3,2024,27774,2024-09-21 16:30:00,132,130,Eintracht Frankfurt,Borussia Monchengladbach,BMG,EIN,0,0.381,0,1.19669,1.19669,-1.7358299999999998,11.166666666666666,9,3,2.4861,2,2.93252,2.93252,1.7358299999999998,28.615384615384617,9,0.37,04/04/2002,4-2-3-1,0.63,4-2-3-1,04/04/2002
3,2024,27775,2024-09-22 13:30:00,119,131,Bayer Leverkusen,Wolfsburg,WOL,LEV,0,0.6745000000000001,3,0.836406,0.836406,-0.882334,27.0,1,3,2.0665,4,1.71874,1.71874,0.882334,4.571428571428571,12,0.79,03/04/2003,4-1-4-1,0.21,4-1-4-1,03/04/2003
3,2024,27776,2024-09-22 15:30:00,133,129,Stuttgart,Borussia Dortmund,DOR,STU,0,0.0806,1,0.60692,0.60692,-2.95526,17.41176470588235,5,3,2.8748,5,3.56218,3.56218,2.95526,14.857142857142858,5,0.52,04/04/2002,4-2-3-1,0.48,4-2-3-1,04/04/2002
3,2024,27777,2024-09-22 17:30:00,288,136,Saint Pauli,RB Leipzig,RBL,SPA,1,0.7297,0,0.841324,0.841324,-0.831526,6.166666666666667,5,1,2.0284000000000004,0,1.67285,1.67285,0.831526,19.208333333333332,13,0.31,03/04/2003,04/04/2002,0.69,04/04/2002,03/04/2003
3,2024,27778,2024-09-27 18:30:00,129,268,Borussia Dortmund,Bochum,BOC,DOR,0,0.0825,2,1.02915,1.02915,-2.38427,16.95,2,3,2.8716,4,4.1712,3.41342,2.38427,5.346153846153846,18,0.66,4-2-3-1,04/04/2002,0.34,04/04/2002,4-2-3-1
3,2024,27779,2024-09-28 13:30:00,135,288,Freiburg,Saint Pauli,SPA,FRE,3,1.6031,3,1.40925,1.40925,1.065303,14.869565217391305,3,0,1.0766,0,1.10172,0.343947,-1.065303,9.363636363636363,11,0.73,4-2-3-1,03/04/2003,0.27,03/04/2003,4-2-3-1
3,2024,27780,2024-09-28 13:30:00,131,133,Wolfsburg,Stuttgart,STU,WOL,1,2.4833999999999996,2,2.58036,1.69075,0.65215,6.294117647058823,6,1,0.3597,2,1.0386,1.0386,-0.65215,11.538461538461538,4,0.3,04/04/2002,4-2-3-1,0.7,4-2-3-1,04/04/2002
3,2024,27781,2024-09-28 13:30:00,125,280,Mainz,Heidenheim,HEI,MAI,3,1.9931,2,1.09304,1.09304,0.721606,11.647058823529411,8,0,0.6767000000000001,0,0.371434,0.371434,-0.721606,9.7,4,0.5,03/04/2003,4-2-3-1,0.5,4-2-3-1,03/04/2003
3,2024,27782,2024-09-28 13:30:00,130,240,Borussia Monchengladbach,Union Berlin,UNI,BMG,0,0.7888000000000001,0,0.731164,0.731164,-0.6518859999999999,14.74074074074074,2,3,1.9318,1,1.38305,1.38305,0.6518859999999999,11.4,5,0.63,4-2-3-1,03/04/2003,0.37,03/04/2003,4-2-3-1
3,2024,27783,2024-09-28 13:30:00,136,121,RB Leipzig,Augsburg,AUG,RBL,0,0.3253,0,1.07415,0.316378,-2.499552,15.904761904761903,4,3,2.5297,4,2.81593,2.81593,2.499552,14.5,13,0.59,04/04/2002,03/04/2003,0.41,03/04/2003,04/04/2002
3,2024,27784,2024-09-28 16:30:00,117,119,Bayern Munich,Bayer Leverkusen,LEV,BAY,1,0.3389,1,0.0870163,0.0870163,-1.1075537,23.352941176470587,0,1,2.3864,1,1.19457,1.19457,1.1075537,7.04,7,0.69,4-2-3-1,03/04/2003,0.31,03/04/2003,4-2-3-1
3,2024,27785,2024-09-29 13:30:00,287,132,Holstein Kiel,Eintracht Frankfurt,EIN,KIE,3,2.3909,4,2.43436,2.43436,2.162427,19.5,11,0,0.422,2,1.02971,0.271933,-2.162427,19.53846153846154,5,0.47,03/05/2002,4-2-3-1,0.53,4-2-3-1,03/05/2002
3,2024,27786,2024-09-29 15:30:00,120,123,Hoffenheim,Werder Bremen,WER,HOF,3,2.6146,4,4.06917,4.06917,2.2826299999999997,6.612903225806452,13,0,0.2784999999999999,3,1.78654,1.78654,-2.2826299999999997,20.083333333333332,4,0.35,3-4-1-2,03/04/2003,0.65,03/04/2003,3-4-1-2
3,2024,27790,2024-10-04 18:30:00,121,130,Augsburg,Borussia Monchengladbach,BMG,AUG,0,0.6523000000000001,1,0.807021,0.807021,-0.948219,4.7727272727272725,5,3,2.1169,2,1.75524,1.75524,0.948219,8.75,8,0.34,03/04/2003,4-2-3-1,0.66,4-2-3-1,03/04/2003
3,2024,27789,2024-10-05 13:30:00,123,135,Werder Bremen,Freiburg,FRE,WER,3,1.9135,1,1.58065,1.58065,0.7009760000000002,17.863636363636363,10,0,0.8298999999999999,0,0.879674,0.879674,-0.7009760000000002,17.285714285714285,5,0.58,03/04/2003,4-2-3-1,0.42,4-2-3-1,03/04/2003
3,2024,27791,2024-10-05 13:30:00,240,129,Union Berlin,Borussia Dortmund,DOR,UNI,0,0.6829000000000001,1,0.748758,0.748758,-0.0203769999999999,6.529411764705882,7,3,2.0401,2,1.52691,0.769135,0.0203769999999999,12.714285714285714,3,0.33,03/04/2003,4-2-3-1,0.67,4-2-3-1,03/04/2003
3,2024,27792,2024-10-05 13:30:00,268,131,Bochum,Wolfsburg,WOL,BOC,3,1.4363,3,2.37344,1.4881,-0.79776,15.928571428571429,10,0,1.3193,1,2.28586,2.28586,0.79776,6.7272727272727275,6,0.58,4-3-1-2,3-4-1-2,0.42,3-4-1-2,4-3-1-2
3,2024,27794,2024-10-05 13:30:00,119,287,Bayer Leverkusen,Holstein Kiel,KIE,LEV,1,0.9769,2,1.98438,1.22661,-1.35729,17.352941176470587,0,1,1.8004000000000002,2,2.5839,2.5839,1.35729,11.0,15,0.74,03/04/2003,03/05/2002,0.26,03/05/2002,03/04/2003
3,2024,27793,2024-10-05 16:30:00,288,125,Saint Pauli,Mainz,MAI,SPA,3,1.809,3,1.29606,1.29606,0.4906469999999999,12.947368421052632,5,0,0.8960999999999999,0,0.805413,0.805413,-0.4906469999999999,10.916666666666666,7,0.55,03/04/2003,03/04/2003,0.45,03/04/2003,03/04/2003
3,2024,27788,2024-10-06 13:30:00,280,136,Heidenheim,RB Leipzig,RBL,HEI,3,1.933,1,1.81585,1.81585,0.7342599999999999,6.931034482758621,7,0,0.8212,0,1.08159,1.08159,-0.7342599999999999,11.318181818181818,6,0.45,3-4-1-2,4-2-2-2,0.55,4-2-2-2,3-4-1-2
3,2024,27787,2024-10-06 15:30:00,132,117,Eintracht Frankfurt,Bayern Munich,BAY,EIN,1,2.2485,3,2.83119,2.83119,1.33604,7.5,24,1,0.5676000000000001,3,1.49515,1.49515,-1.33604,24.625,2,0.26,04/04/2002,4-2-3-1,0.74,4-2-3-1,04/04/2002
3,2024,27795,2024-10-06 17:30:00,133,120,Stuttgart,Hoffenheim,HOF,STU,1,0.6717,1,0.893468,0.893468,0.065003,25.923076923076923,3,1,2.0598,1,1.72567,0.828465,-0.065003,7.76,7,0.68,03/05/2002,3-4-1-2,0.32,3-4-1-2,03/05/2002
3,2024,27798,2024-10-18 18:30:00,129,288,Borussia Dortmund,Saint Pauli,SPA,DOR,0,0.1224,1,1.07012,1.07012,-2.90149,32.30769230769231,4,3,2.8209,2,3.97161,3.97161,2.90149,8.705882352941176,4,0.75,4-2-3-1,03/04/2003,0.25,03/04/2003,4-2-3-1
3,2024,27796,2024-10-19 13:30:00,119,132,Bayer Leverkusen,Eintracht Frankfurt,EIN,LEV,0,0.1896999999999999,1,1.55158,0.793806,-2.519874,29.3,3,3,2.7271,2,4.07146,3.31368,2.519874,18.5625,15,0.54,03/04/2003,04/04/2002,0.46,04/04/2002,03/04/2003
3,2024,27799,2024-10-19 13:30:00,120,268,Hoffenheim,Bochum,BOC,HOF,0,1.3239999999999998,1,2.3454,1.58762,-0.8750600000000002,10.73913043478261,7,3,1.4458,3,2.46268,2.46268,0.8750600000000002,12.0,7,0.5,3-4-1-2,04/04/2002,0.5,04/04/2002,3-4-1-2
3,2024,27800,2024-10-19 13:30:00,135,121,Freiburg,Augsburg,AUG,FRE,0,1.1629,1,0.868723,0.868723,-0.2071569999999999,18.0,4,3,1.5226,3,1.07588,1.07588,0.2071569999999999,16.625,3,0.57,4-2-3-1,03/05/2002,0.43,03/05/2002,4-2-3-1
3,2024,27802,2024-10-19 13:30:00,125,136,Mainz,RB Leipzig,RBL,MAI,3,2.5485,2,2.16084,2.16084,1.5495519999999998,11.19047619047619,2,0,0.3129,0,0.611288,0.611288,-1.5495519999999998,7.967741935483871,11,0.54,03/04/2003,03/04/2003,0.47,03/04/2003,03/04/2003
3,2024,27803,2024-10-19 13:30:00,130,280,Borussia Monchengladbach,Heidenheim,HEI,BMG,0,0.3083,2,1.89766,1.13988,-2.2521000000000004,32.666666666666664,5,3,2.5907,3,4.14976,3.39198,2.2521000000000004,7.222222222222222,15,0.67,4-2-3-1,4-2-3-1,0.34,4-2-3-1,4-2-3-1
3,2024,27797,2024-10-19 16:30:00,117,133,Bayern Munich,Stuttgart,STU,BAY,0,0.0219,0,0.286656,0.286656,-3.3322339999999997,24.823529411764707,2,3,2.9616,4,3.61889,3.61889,3.3322339999999997,10.65,16,0.66,4-2-3-1,4-2-3-1,0.34,4-2-3-1,4-2-3-1
3,2024,27804,2024-10-20 13:30:00,287,240,Holstein Kiel,Union Berlin,UNI,KIE,3,1.6545999999999998,2,1.2809,1.2809,0.3798419999999999,15.72222222222222,8,0,1.0504,0,0.901058,0.901058,-0.3798419999999999,17.352941176470587,1,0.48,05/03/2002,03/04/2003,0.52,03/04/2003,05/03/2002
3,2024,27801,2024-10-20 15:30:00,131,123,Wolfsburg,Werder Bremen,WER,WOL,3,1.3253,4,2.14788,2.14788,-0.02563,12.05,11,0,1.4153,2,2.17351,2.17351,0.02563,12.62962962962963,5,0.43,3-4-1-2,03/04/2003,0.58,03/04/2003,3-4-1-2
3,2024,27810,2024-10-25 18:30:00,125,130,Mainz,Borussia Monchengladbach,BMG,MAI,1,0.9197,1,0.934033,0.934033,-0.521537,13.38095238095238,6,1,1.7912,1,1.45557,1.45557,0.521537,7.411764705882353,17,0.52,03/04/2003,4-2-3-1,0.48,4-2-3-1,03/04/2003
3,2024,27805,2024-10-26 13:30:00,133,287,Stuttgart,Holstein Kiel,KIE,STU,0,0.4719,1,0.680092,0.680092,-1.229898,14.736842105263158,3,3,2.3277,2,1.90999,1.90999,1.229898,15.133333333333333,10,0.59,04/04/2002,03/05/2002,0.41,03/05/2002,04/04/2002
3,2024,27806,2024-10-26 13:30:00,136,135,RB Leipzig,Freiburg,FRE,RBL,0,0.786,1,1.75887,1.75887,-0.9316,12.2,7,3,2.0217,3,2.69047,2.69047,0.9316,15.545454545454543,10,0.43,4-2-2-2,4-2-3-1,0.57,4-2-3-1,4-2-2-2
3,2024,27809,2024-10-26 13:30:00,121,129,Augsburg,Borussia Dortmund,DOR,AUG,0,1.5318,1,0.776944,0.776944,0.2164349999999999,5.6,5,3,1.0779,2,0.560509,0.560509,-0.2164349999999999,16.1,7,0.23,05/03/2002,4-2-3-1,0.77,4-2-3-1,05/03/2002
3,2024,27813,2024-10-26 13:30:00,288,131,Saint Pauli,Wolfsburg,WOL,SPA,1,1.5558999999999998,0,0.940969,0.940969,0.210802,17.875,8,1,1.1074000000000002,0,0.730167,0.730167,-0.210802,14.052631578947368,3,0.54,03/04/2003,4-2-3-1,0.46,4-2-3-1,03/04/2003
3,2024,27808,2024-10-26 16:30:00,123,119,Werder Bremen,Bayer Leverkusen,LEV,WER,1,1.0004,2,1.30852,1.30852,-0.47956,10.916666666666666,7,1,1.7372,2,1.78808,1.78808,0.47956,17.166666666666668,11,0.43,03/04/2003,03/04/2003,0.57,03/04/2003,03/04/2003
3,2024,27812,2024-10-27 14:30:00,268,117,Bochum,Bayern Munich,BAY,BOC,3,2.8958999999999997,5,3.1499,3.1499,2.9448540000000003,12.833333333333334,16,0,0.0612,0,0.205046,0.205046,-2.9448540000000003,15.655172413793103,1,0.27,03/05/2002,4-2-3-1,0.73,4-2-3-1,03/05/2002
3,2024,27811,2024-10-27 16:30:00,240,132,Union Berlin,Eintracht Frankfurt,EIN,UNI,1,1.0613,1,1.54058,1.54058,-0.32247,17.285714285714285,3,1,1.6451000000000002,1,1.86305,1.86305,0.32247,12.36,5,0.49,03/04/2003,03/05/2002,0.51,03/05/2002,03/04/2003
3,2024,27807,2024-10-27 18:30:00,280,120,Heidenheim,Hoffenheim,HOF,HEI,1,0.5941,0,0.692793,0.692793,-0.8853770000000001,7.5,5,1,2.1561999999999997,0,1.57817,1.57817,0.8853770000000001,9.333333333333334,5,0.47,04/03/2003,3-4-1-2,0.53,3-4-1-2,04/03/2003
3,2024,27814,2024-11-01 19:30:00,119,133,Bayer Leverkusen,Stuttgart,STU,LEV,1,0.0895,0,0.223778,0.223778,-2.559092,10.304347826086955,8,1,2.8522,0,2.78287,2.78287,2.559092,9.76,4,0.52,03/04/2003,04/04/2002,0.48,04/04/2002,03/04/2003
3,2024,27815,2024-11-02 14:30:00,117,240,Bayern Munich,Union Berlin,UNI,BAY,0,0.1261,0,0.4664,0.4664,-1.5376300000000005,33.5,7,3,2.8012,3,2.76181,2.00403,1.5376300000000005,6.9523809523809526,14,0.78,4-2-3-1,03/04/2003,0.22,03/04/2003,4-2-3-1
3,2024,27817,2024-11-02 14:30:00,132,268,Eintracht Frankfurt,Bochum,BOC,EIN,0,0.4077,2,2.08714,2.08714,-1.74314,16.608695652173914,2,3,2.4453,7,3.83028,3.83028,1.74314,7.904761904761905,11,0.65,04/04/2002,04/04/2002,0.35,04/04/2002,04/04/2002
3,2024,27818,2024-11-02 14:30:00,120,288,Hoffenheim,Saint Pauli,SPA,HOF,3,1.6918000000000002,2,1.1155,1.1155,0.3691209999999999,14.24,3,0,0.9805,0,0.746379,0.746379,-0.3691209999999999,7.761904761904762,6,0.68,3-4-1-2,03/04/2003,0.32,03/04/2003,3-4-1-2
3,2024,27820,2024-11-02 14:30:00,131,121,Wolfsburg,Augsburg,AUG,WOL,1,0.7886000000000001,1,0.499473,0.499473,-0.613767,18.73684210526316,1,1,1.883,1,1.11324,1.11324,0.613767,8.411764705882353,14,0.7,4-2-3-1,03/05/2002,0.3,03/05/2002,4-2-3-1
3,2024,27822,2024-11-02 14:30:00,287,280,Holstein Kiel,Heidenheim,HEI,KIE,0,0.7208999999999999,0,1.27585,1.27585,-0.8573100000000002,7.458333333333333,7,3,2.0568000000000004,1,2.13316,2.13316,0.8573100000000002,10.238095238095235,6,0.46,03/05/2002,03/04/2003,0.55,03/04/2003,03/05/2002
3,2024,27816,2024-11-02 17:30:00,129,136,Borussia Dortmund,RB Leipzig,RBL,DOR,0,0.0476,1,0.23928,0.23928,-3.06174,18.0,8,3,2.9189,2,3.30102,3.30102,3.06174,11.090909090909092,10,0.56,4-1-4-1,04/04/2002,0.44,04/04/2002,4-1-4-1
3,2024,27819,2024-11-03 14:30:00,135,125,Freiburg,Mainz,MAI,FRE,1,1.8244,0,0.903716,0.903716,0.439818,14.578947368421051,1,1,0.8119000000000001,0,0.463898,0.463898,-0.439818,14.0,3,0.51,4-2-3-1,03/04/2003,0.49,03/04/2003,4-2-3-1
3,2024,27821,2024-11-03 16:30:00,130,123,Borussia Monchengladbach,Werder Bremen,WER,BMG,0,0.4269,1,1.30211,1.30211,-1.65457,13.173913043478262,6,3,2.4324,4,2.95668,2.95668,1.65457,14.272727272727272,9,0.47,4-2-3-1,03/04/2003,0.53,03/04/2003,4-2-3-1
3,2024,27829,2024-11-08 19:30:00,240,135,Union Berlin,Freiburg,FRE,UNI,1,2.6764,0,2.66619,1.77816,0.976476,10.529411764705882,14,1,0.214,0,0.801684,0.801684,-0.976476,15.869565217391305,13,0.4,03/04/2003,4-2-3-1,0.6,4-2-3-1,03/04/2003
3,2024,27826,2024-11-09 14:30:00,123,287,Werder Bremen,Holstein Kiel,KIE,WER,0,0.4686,1,0.884231,0.884231,-1.3770589999999998,15.047619047619047,3,3,2.3577000000000004,2,2.26129,2.26129,1.3770589999999998,8.807692307692308,6,0.61,03/04/2003,03/05/2002,0.39,03/05/2002,03/04/2003
3,2024,27828,2024-11-09 14:30:00,125,129,Mainz,Borussia Dortmund,DOR,MAI,0,0.1337999999999999,1,0.845107,0.08733,-3.10016,17.375,2,3,2.7831,3,3.18749,3.18749,3.10016,10.36,10,0.52,03/04/2003,4-1-4-1,0.48,4-1-4-1,03/04/2003
3,2024,27830,2024-11-09 14:30:00,268,119,Bochum,Bayer Leverkusen,LEV,BOC,1,1.8783,1,1.40554,1.40554,0.627986,11.214285714285714,13,1,0.8448,1,0.777554,0.777554,-0.627986,32.53846153846154,6,0.29,05/04/2001,03/04/2003,0.71,03/04/2003,05/04/2001
3,2024,27831,2024-11-09 14:30:00,288,117,Saint Pauli,Bayern Munich,BAY,SPA,3,2.6903,1,1.67296,1.67296,1.5978062,6.28,9,0,0.1697,0,0.0751538,0.0751538,-1.5978062,33.214285714285715,3,0.25,05/04/2001,4-2-3-1,0.75,4-2-3-1,05/04/2001
3,2024,27824,2024-11-09 17:30:00,136,130,RB Leipzig,Borussia Monchengladbach,BMG,RBL,1,1.7646,0,1.31521,1.31521,0.465407,22.6875,2,1,0.9387,0,0.849803,0.849803,-0.465407,7.866666666666666,5,0.62,03/04/2003,4-2-3-1,0.38,4-2-3-1,03/04/2003
3,2024,27827,2024-11-10 14:30:00,121,120,Augsburg,Hoffenheim,HOF,AUG,1,0.7717,0,0.415649,0.415649,-0.5546800000000001,7.566666666666666,7,1,1.8799,0,0.970329,0.970329,0.5546800000000001,12.52,5,0.44,03/05/2002,3-4-1-2,0.56,3-4-1-2,03/05/2002
3,2024,27823,2024-11-10 16:30:00,133,132,Stuttgart,Eintracht Frankfurt,EIN,STU,3,0.8404,3,1.93894,1.93894,-0.1219099999999997,12.458333333333334,2,0,1.9435,2,2.81862,2.06085,0.1219099999999997,10.08695652173913,17,0.6,4-2-3-1,04/04/2002,0.4,04/04/2002,4-2-3-1
3,2024,27825,2024-11-10 18:30:00,280,131,Heidenheim,Wolfsburg,WOL,HEI,3,0.6950000000000001,3,1.55233,1.55233,-1.0721500000000002,12.208333333333334,4,0,2.1068,1,2.62448,2.62448,1.0721500000000002,6.25,5,0.65,4-2-3-1,04/05/2001,0.35,04/05/2001,4-2-3-1
3,2024,27834,2024-11-22 19:30:00,117,121,Bayern Munich,Augsburg,AUG,BAY,0,0.006,0,0.149096,0.149096,-2.361944,56.142857142857146,0,3,2.9886,3,4.02659,2.51104,2.361944,6.315789473684211,22,0.8,4-2-3-1,03/05/2002,0.2,03/05/2002,4-2-3-1
3,2024,27832,2024-11-23 14:30:00,119,280,Bayer Leverkusen,Heidenheim,HEI,LEV,0,0.6648000000000001,2,1.03141,1.03141,-0.9944,44.09090909090909,3,3,2.109,5,2.02581,2.02581,0.9944,15.1,8,0.79,03/04/2003,4-3-1-2,0.22,4-3-1-2,03/04/2003
3,2024,27833,2024-11-23 14:30:00,133,268,Stuttgart,Bochum,BOC,STU,0,0.4165,0,0.652259,0.652259,-1.405411,12.6,4,3,2.4082,2,2.05767,2.05767,1.405411,17.75,15,0.58,04/04/2002,05/03/2002,0.42,05/03/2002,04/04/2002
3,2024,27835,2024-11-23 14:30:00,129,135,Borussia Dortmund,Freiburg,FRE,DOR,0,1.1406,0,1.1957,1.1957,-0.3040400000000001,22.941176470588236,3,3,1.5552,4,1.49974,1.49974,0.3040400000000001,10.6,8,0.59,4-1-4-1,4-2-3-1,0.41,4-2-3-1,4-1-4-1
3,2024,27837,2024-11-23 14:30:00,120,136,Hoffenheim,RB Leipzig,RBL,HOF,0,0.8438999999999999,3,1.72976,1.72976,-0.8716700000000002,17.1,9,3,1.9461,4,2.60143,2.60143,0.8716700000000002,8.590909090909092,4,0.6,4-2-3-1,03/04/2003,0.4,03/04/2003,4-2-3-1
3,2024,27838,2024-11-23 14:30:00,131,240,Wolfsburg,Union Berlin,UNI,WOL,0,1.1919,0,0.63337,0.63337,-0.109384,16.944444444444443,6,3,1.4187,1,0.742754,0.742754,0.109384,9.846153846153848,12,0.55,4-2-3-1,03/04/2003,0.45,03/04/2003,4-2-3-1
3,2024,27836,2024-11-23 17:30:00,132,123,Eintracht Frankfurt,Werder Bremen,WER,EIN,0,0.6653,0,0.632819,0.632819,-0.8377509999999999,11.869565217391305,4,3,2.0648,1,1.47057,1.47057,0.8377509999999999,12.727272727272728,13,0.5,04/04/2002,03/04/2003,0.5,03/04/2003,04/04/2002
3,2024,27840,2024-11-24 14:30:00,287,125,Holstein Kiel,Mainz,MAI,KIE,3,2.6671,3,2.13631,1.37853,1.032504,10.9,12,0,0.2116,0,0.346026,0.346026,-1.032504,18.31578947368421,2,0.38,3-1-4-2,03/04/2003,0.62,03/04/2003,3-1-4-2
3,2024,27839,2024-11-24 16:30:00,130,288,Borussia Monchengladbach,Saint Pauli,SPA,BMG,0,0.3232,0,1.15234,1.15234,-1.83894,19.0,3,3,2.5525,2,2.99128,2.99128,1.83894,26.90909090909091,9,0.49,4-2-3-1,03/04/2003,0.51,03/04/2003,4-2-3-1
3,2024,27841,2024-11-30 14:30:00,136,131,RB Leipzig,Wolfsburg,WOL,RBL,3,2.3266,5,2.69881,2.69881,1.2502099999999998,33.30769230769231,5,0,0.4819,1,1.4486,1.4486,-1.2502099999999998,9.28,7,0.62,04/04/2002,04/03/2003,0.38,04/03/2003,04/04/2002
3,2024,27844,2024-11-30 14:30:00,123,133,Werder Bremen,Stuttgart,STU,WER,1,1.0573,2,1.6651,1.6651,-0.4843900000000001,11.45,4,1,1.7035,2,2.14949,2.14949,0.4843900000000001,21.25,10,0.43,04/04/2002,4-2-3-1,0.57,4-2-3-1,04/04/2002
3,2024,27845,2024-11-30 14:30:00,135,130,Freiburg,Borussia Monchengladbach,BMG,FRE,0,0.7257,1,1.27811,1.27811,-0.8761499999999998,10.384615384615383,11,3,2.0475,3,2.15426,2.15426,0.8761499999999998,18.0,6,0.48,4-2-3-1,4-2-3-1,0.52,4-2-3-1,4-2-3-1
3,2024,27846,2024-11-30 14:30:00,121,268,Augsburg,Bochum,BOC,AUG,0,0.1488,0,0.250706,0.250706,-1.146804,10.24,6,3,2.7510000000000003,1,2.15529,1.39751,1.146804,10.842105263157896,7,0.53,03/05/2002,03/05/2002,0.47,03/05/2002,03/05/2002
3,2024,27848,2024-11-30 14:30:00,240,119,Union Berlin,Bayer Leverkusen,LEV,UNI,3,1.1307999999999998,2,0.906684,0.906684,-0.206596,8.85,2,0,1.5373,1,1.11328,1.11328,0.206596,13.16,2,0.38,03/04/2003,04/05/2001,0.62,04/05/2001,03/04/2003
3,2024,27849,2024-11-30 14:30:00,288,287,Saint Pauli,Holstein Kiel,KIE,SPA,0,0.6424000000000001,1,1.1506,0.330007,-1.631783,8.846153846153847,2,3,2.0941,3,1.96179,1.96179,1.631783,21.857142857142858,5,0.48,03/04/2003,03/05/2002,0.52,03/05/2002,03/04/2003
3,2024,27842,2024-11-30 17:30:00,129,117,Borussia Dortmund,Bayern Munich,BAY,DOR,1,2.3749999999999996,1,1.83117,1.83117,1.27136,6.142857142857143,8,1,0.4346,1,0.55981,0.55981,-1.27136,12.142857142857142,4,0.33,4-2-3-1,4-2-3-1,0.68,4-2-3-1,4-2-3-1
3,2024,27843,2024-12-01 16:30:00,280,132,Heidenheim,Eintracht Frankfurt,EIN,HEI,3,2.7543,4,3.19019,3.19019,2.329096,9.6,12,0,0.1581,0,0.861094,0.861094,-2.329096,14.05,4,0.46,03/04/2003,04/04/2002,0.54,04/04/2002,03/04/2003
3,2024,27847,2024-12-01 16:30:00,125,120,Mainz,Hoffenheim,HOF,MAI,0,0.3087,0,0.814599,0.814599,-1.813331,7.2592592592592595,2,3,2.5551,2,2.62793,2.62793,1.813331,5.657894736842105,12,0.53,03/04/2003,4-2-3-1,0.47,4-2-3-1,03/04/2003
3,2024,27851,2024-12-06 19:30:00,133,240,Stuttgart,Union Berlin,UNI,STU,0,1.3729,2,1.86301,1.86301,0.04952,14.571428571428571,6,3,1.357,3,1.81349,1.81349,-0.04952,8.095238095238095,5,0.65,4-2-3-1,03/04/2003,0.36,03/04/2003,4-2-3-1
3,2024,27850,2024-12-07 14:30:00,119,288,Bayer Leverkusen,Saint Pauli,SPA,LEV,0,2.5208000000000004,1,2.18395,2.18395,1.454427,20.238095238095237,3,3,0.3188,2,0.729523,0.729523,-1.454427,14.133333333333333,10,0.63,03/05/2002,03/04/2003,0.38,03/04/2003,03/05/2002
3,2024,27855,2024-12-07 14:30:00,268,123,Bochum,Werder Bremen,WER,BOC,3,1.3755,1,1.20754,1.20754,0.04498,14.529411764705882,6,0,1.3056,0,1.16256,1.16256,-0.04498,11.333333333333334,4,0.52,04/03/2003,04/04/2002,0.48,04/04/2002,04/03/2003
3,2024,27856,2024-12-07 14:30:00,287,136,Holstein Kiel,RB Leipzig,RBL,KIE,3,1.8382,2,1.72704,0.969259,-0.1803709999999999,14.38095238095238,3,0,0.8932,0,1.14963,1.14963,0.1803709999999999,12.736842105263158,7,0.56,03/05/2002,04/04/2002,0.44,04/04/2002,03/05/2002
3,2024,27857,2024-12-07 14:30:00,117,280,Bayern Munich,Heidenheim,HEI,BAY,0,0.2856999999999999,2,1.16879,1.16879,-1.91659,56.0,3,3,2.5825,4,3.08538,3.08538,1.91659,4.76,21,0.82,4-2-3-1,05/03/2002,0.18,05/03/2002,4-2-3-1
3,2024,27858,2024-12-07 14:30:00,132,121,Eintracht Frankfurt,Augsburg,AUG,EIN,1,1.0631,2,1.17089,1.17089,-0.3637600000000001,15.454545454545457,5,1,1.6451,2,1.53465,1.53465,0.3637600000000001,4.515151515151516,9,0.67,4-2-2-2,03/05/2002,0.33,03/05/2002,4-2-2-2
3,2024,27854,2024-12-07 17:30:00,130,129,Borussia Monchengladbach,Borussia Dortmund,DOR,BMG,1,1.7184,1,1.58856,1.58856,1.244395,8.875,6,1,0.9849,1,1.10194,0.344165,-1.244395,16.842105263157894,4,0.4,4-2-3-1,4-2-3-1,0.6,4-2-3-1,4-2-3-1
3,2024,27853,2024-12-08 14:30:00,131,125,Wolfsburg,Mainz,MAI,WOL,0,2.4145999999999996,3,3.02237,3.02237,1.53545,10.173913043478262,6,3,0.4274,4,1.48692,1.48692,-1.53545,23.818181818181817,8,0.44,04/04/2002,03/04/2003,0.56,03/04/2003,04/04/2002
3,2024,27852,2024-12-08 16:30:00,120,135,Hoffenheim,Freiburg,FRE,HOF,1,1.4033,1,1.53138,1.53138,0.0368899999999998,13.869565217391305,9,1,1.3261999999999998,1,1.49449,1.49449,-0.0368899999999998,13.2,3,0.5,4-2-3-1,04/04/2002,0.5,04/04/2002,4-2-3-1
3,2024,27862,2024-12-13 19:30:00,135,131,Freiburg,Wolfsburg,WOL,FRE,0,0.6923,2,1.85123,1.85123,-1.11654,17.0,3,3,2.1185,3,2.96777,2.96777,1.11654,10.894736842105264,5,0.52,4-2-2-2,04/04/2002,0.48,04/04/2002,4-2-2-2
3,2024,27863,2024-12-14 14:30:00,121,119,Augsburg,Bayer Leverkusen,LEV,AUG,3,1.8968,2,1.02095,1.02095,0.5842400000000001,14.461538461538462,4,0,0.761,0,0.43671,0.43671,-0.5842400000000001,27.2,6,0.34,3-1-4-2,03/04/2003,0.66,03/04/2003,3-1-4-2
3,2024,27864,2024-12-14 14:30:00,125,117,Mainz,Bayern Munich,BAY,MAI,0,0.7951999999999999,1,0.992002,0.992002,-0.650188,7.352941176470588,10,3,1.9511,2,1.64219,1.64219,0.650188,9.96875,5,0.31,03/04/2003,4-2-3-1,0.69,4-2-3-1,03/04/2003
3,2024,27865,2024-12-14 14:30:00,130,287,Borussia Monchengladbach,Holstein Kiel,KIE,BMG,0,0.177,1,0.323948,0.323948,-2.010302,13.037037037037036,4,3,2.7207000000000003,4,2.33425,2.33425,2.010302,15.058823529411764,4,0.57,4-2-3-1,03/05/2002,0.43,03/05/2002,4-2-3-1
3,2024,27866,2024-12-14 14:30:00,240,268,Union Berlin,Bochum,BOC,UNI,1,0.3995999999999999,1,1.23723,1.23723,-1.77587,17.416666666666668,1,1,2.4633000000000003,1,3.0131,3.0131,1.77587,5.238095238095238,17,0.69,03/04/2003,03/04/2003,0.31,03/04/2003,03/04/2003
3,2024,27867,2024-12-14 17:30:00,288,123,Saint Pauli,Werder Bremen,WER,SPA,3,1.7886,2,0.986101,0.986101,0.4706639999999999,14.75,8,0,0.873,0,0.515437,0.515437,-0.4706639999999999,13.454545454545457,5,0.57,03/04/2003,03/05/2002,0.43,03/05/2002,03/04/2003
3,2024,27861,2024-12-15 14:30:00,280,133,Heidenheim,Stuttgart,STU,HEI,3,2.8163,3,3.46171,2.70394,1.8956649999999995,7.823529411764706,9,0,0.1222999999999999,1,0.808275,0.808275,-1.8956649999999995,11.310344827586206,3,0.34,4-2-3-1,4-2-2-2,0.66,4-2-2-2,4-2-3-1
3,2024,27860,2024-12-15 16:30:00,129,120,Borussia Dortmund,Hoffenheim,HOF,DOR,1,2.1331,1,1.31436,1.31436,0.881013,10.678571428571429,11,1,0.5926,1,0.433347,0.433347,-0.881013,13.785714285714286,4,0.54,4-2-3-1,04/04/2002,0.46,04/04/2002,4-2-3-1
3,2024,27859,2024-12-15 18:30:00,136,132,RB Leipzig,Eintracht Frankfurt,EIN,RBL,0,0.3812,1,0.839379,0.839379,-1.656421,12.095238095238097,3,3,2.4668,2,2.4958,2.4958,1.656421,13.625,8,0.43,05/03/2002,03/04/2003,0.57,03/04/2003,05/03/2002
3,2024,27870,2024-12-20 19:30:00,117,136,Bayern Munich,RB Leipzig,RBL,BAY,0,0.0312999999999999,1,0.552564,0.552564,-3.804586,18.0,4,3,2.9509,5,4.35715,4.35715,3.804586,9.8,16,0.71,4-2-3-1,05/03/2002,0.29,05/03/2002,4-2-3-1
3,2024,27869,2024-12-21 14:30:00,133,288,Stuttgart,Saint Pauli,SPA,STU,3,1.5196,1,2.57781,1.72788,-0.6880499999999998,20.05,4,0,1.2469,0,2.41593,2.41593,0.6880499999999998,6.304347826086956,20,0.73,03/04/2003,03/04/2003,0.27,03/04/2003,03/04/2003
3,2024,27871,2024-12-21 14:30:00,132,125,Eintracht Frankfurt,Mainz,MAI,EIN,3,0.3268999999999999,3,0.753285,0.753285,-1.835865,19.7,2,0,2.5361,1,2.58915,2.58915,1.835865,5.55,11,0.71,03/05/2002,03/04/2003,0.29,03/04/2003,03/05/2002
3,2024,27872,2024-12-21 14:30:00,120,130,Hoffenheim,Borussia Monchengladbach,BMG,HOF,3,0.0457,2,0.490494,0.490494,-2.474636,18.61111111111111,1,0,2.9257,1,3.7229,2.96513,2.474636,9.76923076923077,21,0.65,04/04/2002,4-2-3-1,0.36,4-2-3-1,04/04/2002
3,2024,27873,2024-12-21 14:30:00,123,240,Werder Bremen,Union Berlin,UNI,WER,0,0.6609,1,1.64107,1.64107,-1.0924900000000002,12.884615384615383,14,3,2.1399,4,2.73356,2.73356,1.0924900000000002,9.48,11,0.54,03/05/2002,03/04/2003,0.46,03/04/2003,03/05/2002
3,2024,27876,2024-12-21 14:30:00,287,121,Holstein Kiel,Augsburg,AUG,KIE,0,0.4579,1,1.13064,1.13064,-1.3553099999999998,7.666666666666667,9,3,2.3754999999999997,5,2.48595,2.48595,1.3553099999999998,13.857142857142858,10,0.37,3-4-1-2,03/05/2002,0.63,03/05/2002,3-4-1-2
3,2024,27868,2024-12-21 17:30:00,119,135,Bayer Leverkusen,Freiburg,FRE,LEV,0,0.3274,1,1.34161,1.34161,-1.1603,23.88235294117647,4,3,2.5456000000000003,5,3.25968,2.50191,1.1603,6.758620689655173,14,0.67,03/04/2003,4-2-3-1,0.33,4-2-3-1,03/04/2003
3,2024,27875,2024-12-22 14:30:00,268,280,Bochum,Heidenheim,HEI,BOC,0,0.5243,0,0.512353,0.512353,-1.171337,7.464285714285714,12,3,2.2481,2,1.68369,1.68369,1.171337,6.84375,9,0.51,03/05/2002,4-1-3-2,0.49,4-1-3-2,03/05/2002
3,2024,27874,2024-12-22 16:30:00,131,129,Wolfsburg,Borussia Dortmund,DOR,WOL,3,1.6689,3,2.4116,2.4116,0.4582299999999999,11.947368421052632,8,0,1.0911,1,1.95337,1.95337,-0.4582299999999999,16.61111111111111,10,0.5,03/05/2002,4-1-3-2,0.5,4-1-3-2,03/05/2002
3,2024,27878,2025-01-10 19:30:00,129,119,Borussia Dortmund,Bayer Leverkusen,LEV,DOR,3,1.7239,3,1.8834,1.8834,1.154547,29.235294117647054,4,0,0.9934,2,1.48663,0.728853,-1.154547,8.789473684210526,4,0.7,4-1-3-2,04/04/2002,0.3,04/04/2002,4-1-3-2
3,2024,27879,2025-01-11 14:30:00,120,131,Hoffenheim,Wolfsburg,WOL,HOF,3,1.6198,1,1.49127,1.49127,0.31085,10.083333333333334,3,0,1.0879,0,1.18042,1.18042,-0.31085,11.705882352941176,6,0.54,4-2-3-1,04/03/2003,0.46,04/03/2003,4-2-3-1
3,2024,27880,2025-01-11 14:30:00,280,240,Heidenheim,Union Berlin,UNI,HEI,0,0.831,0,1.03435,1.03435,-0.7212799999999999,16.476190476190474,5,3,1.9152,2,1.75563,1.75563,0.7212799999999999,13.8,16,0.58,4-2-3-1,04/04/2002,0.42,04/04/2002,4-2-3-1
3,2024,27881,2025-01-11 14:30:00,135,287,Freiburg,Holstein Kiel,KIE,FRE,0,2.1775,2,1.66855,1.66855,0.918533,12.25,10,3,0.5983,3,0.750017,0.750017,-0.918533,14.2,5,0.51,4-2-3-1,03/04/2003,0.49,03/04/2003,4-2-3-1
3,2024,27883,2025-01-11 14:30:00,125,268,Mainz,Bochum,BOC,MAI,0,0.5118,0,0.697735,0.697735,-1.026065,14.38095238095238,7,3,2.2656,2,1.7238,1.7238,1.026065,13.76923076923077,10,0.58,03/04/2003,03/05/2002,0.42,03/05/2002,03/04/2003
3,2024,27885,2025-01-11 14:30:00,288,132,Saint Pauli,Eintracht Frankfurt,EIN,SPA,3,1.1877000000000002,1,2.23689,2.23689,-0.31731,14.6875,10,0,1.5690000000000002,0,2.5542,2.5542,0.31731,23.333333333333332,10,0.43,03/04/2003,3-1-4-2,0.57,3-1-4-2,03/04/2003
3,2024,27884,2025-01-11 17:30:00,130,117,Borussia Monchengladbach,Bayern Munich,BAY,BMG,3,2.9811,1,4.47736,3.71958,3.3933850000000003,7.703703703703703,12,0,0.0110999999999999,0,0.326195,0.326195,-3.3933850000000003,15.954545454545457,3,0.33,4-2-3-1,4-2-3-1,0.67,4-2-3-1,4-2-3-1
3,2024,27877,2025-01-12 14:30:00,136,123,RB Leipzig,Werder Bremen,WER,RBL,0,0.5783,2,1.32687,1.32687,-1.3235199999999998,10.133333333333333,6,3,2.2411999999999996,4,2.65039,2.65039,1.3235199999999998,13.833333333333334,5,0.49,03/04/2003,3-1-4-2,0.51,3-1-4-2,03/04/2003
3,2024,27882,2025-01-12 16:30:00,121,133,Augsburg,Stuttgart,STU,AUG,3,2.8459,1,2.61617,2.61617,2.277026,9.416666666666666,11,0,0.0960999999999999,0,0.339144,0.339144,-2.277026,11.592592592592592,1,0.43,03/04/2003,04/04/2002,0.57,04/04/2002,03/04/2003
3,2024,27894,2025-01-14 17:30:00,287,129,Holstein Kiel,Borussia Dortmund,DOR,KIE,0,0.7659,2,1.16391,1.16391,-0.79538,6.6923076923076925,3,3,2.0076,4,1.95929,1.95929,0.79538,18.666666666666668,3,0.25,03/04/2003,4-1-4-1,0.75,4-1-4-1,03/04/2003
3,2024,27886,2025-01-14 19:30:00,119,125,Bayer Leverkusen,Mainz,MAI,LEV,0,0.3943,0,0.603471,0.603471,-1.3906489999999998,16.904761904761905,4,3,2.4193,1,1.99412,1.99412,1.3906489999999998,10.55,8,0.67,03/04/2003,03/04/2003,0.33,03/04/2003,03/04/2003
3,2024,27889,2025-01-14 19:30:00,132,135,Eintracht Frankfurt,Freiburg,FRE,EIN,0,0.1961999999999999,1,0.587762,0.587762,-2.234618,13.96,6,3,2.7048000000000005,4,2.82238,2.82238,2.234618,6.956521739130435,11,0.65,3-1-4-2,04/03/2003,0.35,04/03/2003,3-1-4-2
3,2024,27891,2025-01-14 19:30:00,131,130,Wolfsburg,Borussia Monchengladbach,BMG,WOL,0,0.0808,1,0.856948,0.856948,-2.112892,11.294117647058824,5,3,2.8756,5,3.72762,2.96984,2.112892,18.136363636363637,11,0.35,04/04/2002,4-2-3-1,0.65,4-2-3-1,04/04/2002
3,2024,27893,2025-01-15 17:30:00,268,288,Bochum,Saint Pauli,SPA,BOC,0,0.8828,0,1.15308,1.15308,-0.6682199999999998,8.708333333333334,1,3,1.8656,1,1.8213,1.8213,0.6682199999999998,10.27777777777778,7,0.51,03/04/2003,03/04/2003,0.49,03/04/2003,03/04/2003
3,2024,27887,2025-01-15 19:30:00,133,136,Stuttgart,RB Leipzig,RBL,STU,0,0.2411,1,0.710278,0.710278,-1.717262,13.653846153846152,2,3,2.633,2,2.42754,2.42754,1.717262,9.875,7,0.58,04/04/2002,03/04/2003,0.42,03/04/2003,04/04/2002
3,2024,27888,2025-01-15 19:30:00,117,120,Bayern Munich,Hoffenheim,HOF,BAY,0,0.0182,0,0.222965,0.222965,-2.823845,20.833333333333332,0,3,2.9666,5,3.80458,3.04681,2.823845,10.038461538461538,17,0.65,4-2-3-1,4-2-3-1,0.35,4-2-3-1,4-2-3-1
3,2024,27890,2025-01-15 19:30:00,123,280,Werder Bremen,Heidenheim,HEI,WER,1,1.4073,3,1.91878,1.91878,0.0438099999999999,10.310344827586206,6,1,1.3371,3,1.87497,1.87497,-0.0438099999999999,13.941176470588236,11,0.52,3-1-4-2,04/04/2002,0.48,04/04/2002,3-1-4-2
3,2024,27892,2025-01-15 19:30:00,240,121,Union Berlin,Augsburg,AUG,UNI,3,2.1179,2,1.41902,1.41902,0.8697339999999999,15.047619047619047,8,0,0.6266,0,0.549286,0.549286,-0.8697339999999999,6.121212121212121,2,0.55,04/05/2001,03/04/2003,0.45,03/04/2003,04/05/2001
3,2024,27898,2025-01-17 19:30:00,132,129,Eintracht Frankfurt,Borussia Dortmund,DOR,EIN,0,0.3738,0,0.57641,0.57641,-1.47465,8.458333333333334,9,3,2.4567,2,2.05106,2.05106,1.47465,15.24,6,0.32,3-1-4-2,03/04/2003,0.68,03/04/2003,3-1-4-2
3,2024,27896,2025-01-18 14:30:00,133,135,Stuttgart,Freiburg,FRE,STU,0,0.1027,0,0.187694,0.187694,-1.320576,21.0,6,3,2.8230999999999997,4,2.26605,1.50827,1.320576,11.681818181818182,7,0.56,04/04/2002,4-2-3-1,0.44,4-2-3-1,04/04/2002
3,2024,27897,2025-01-18 14:30:00,117,131,Bayern Munich,Wolfsburg,WOL,BAY,0,0.1567,2,0.702414,0.702414,-2.5304059999999997,26.933333333333337,1,3,2.7628,3,3.23282,3.23282,2.5304059999999997,7.85,13,0.72,4-2-3-1,4-1-3-2,0.28,4-1-3-2,4-2-3-1
3,2024,27899,2025-01-18 14:30:00,280,288,Heidenheim,Saint Pauli,SPA,HEI,3,2.482,2,2.23242,1.47464,0.5506759999999999,11.5,7,0,0.3525999999999999,0,0.923964,0.923964,-0.5506759999999999,15.833333333333334,7,0.6,4-2-3-1,03/04/2003,0.41,03/04/2003,4-2-3-1
3,2024,27902,2025-01-18 14:30:00,268,136,Bochum,RB Leipzig,RBL,BOC,1,1.106,3,2.38567,2.38567,0.3837600000000001,11.0625,20,1,1.646,3,2.75969,2.00191,-0.3837600000000001,9.0,11,0.45,3-4-1-2,03/04/2003,0.55,03/04/2003,3-4-1-2
3,2024,27903,2025-01-18 14:30:00,287,120,Holstein Kiel,Hoffenheim,HOF,KIE,3,1.3368,3,0.905544,0.905544,-0.002981,6.235294117647059,8,0,1.3301999999999998,1,0.908525,0.908525,0.002981,7.181818181818182,9,0.53,03/04/2003,4-2-3-1,0.47,4-2-3-1,03/04/2003
3,2024,27895,2025-01-18 17:30:00,119,130,Bayer Leverkusen,Borussia Monchengladbach,BMG,LEV,0,0.2429,1,0.473935,0.473935,-0.852115,23.466666666666665,0,3,2.6161999999999996,3,2.08382,1.32605,0.852115,14.954545454545457,8,0.54,4-2-3-1,04/05/2001,0.46,04/05/2001,4-2-3-1
3,2024,27901,2025-01-19 14:30:00,240,125,Union Berlin,Mainz,MAI,UNI,0,0.5942,1,1.40424,0.646467,-1.045283,13.727272727272728,3,3,2.1929,2,2.44953,1.69175,1.045283,16.818181818181817,2,0.33,03/04/2003,03/04/2003,0.67,03/04/2003,03/04/2003
3,2024,27900,2025-01-19 16:30:00,123,121,Werder Bremen,Augsburg,AUG,WER,3,1.5271,2,1.31644,1.31644,0.1646100000000001,30.46153846153846,4,0,1.1833,0,1.15183,1.15183,-0.1646100000000001,4.392857142857143,9,0.71,03/05/2002,03/04/2003,0.29,03/04/2003,03/05/2002
3,2024,27910,2025-01-24 19:30:00,131,287,Wolfsburg,Holstein Kiel,KIE,WOL,1,0.1385,2,0.265769,0.265769,-2.2546809999999997,26.5,3,1,2.7731000000000003,2,2.52045,2.52045,2.2546809999999997,8.1,11,0.7,04/04/2002,03/04/2003,0.3,03/04/2003,04/04/2002
3,2024,27904,2025-01-25 14:30:00,136,119,RB Leipzig,Bayer Leverkusen,LEV,RBL,1,2.6663,2,2.57674,2.57674,1.868494,20.933333333333337,5,1,0.2216,2,0.708246,0.708246,-1.868494,10.055555555555555,13,0.66,04/04/2002,4-2-3-1,0.34,4-2-3-1,04/04/2002
3,2024,27905,2025-01-25 14:30:00,129,123,Borussia Dortmund,Werder Bremen,WER,DOR,1,0.9589,2,1.11662,1.11662,-0.37761,9.192307692307692,9,1,1.7224,2,1.49423,1.49423,0.37761,14.1,3,0.46,04/03/2003,03/05/2002,0.54,03/05/2002,04/03/2003
3,2024,27909,2025-01-25 14:30:00,125,133,Mainz,Stuttgart,STU,MAI,0,0.4810999999999999,0,0.917385,0.917385,-1.311445,8.375,13,3,2.3369,2,2.22883,2.22883,1.311445,8.866666666666667,9,0.44,03/04/2003,4-2-2-2,0.57,4-2-2-2,03/04/2003
3,2024,27911,2025-01-25 14:30:00,121,280,Augsburg,Heidenheim,HEI,AUG,0,0.7746,1,0.94738,0.94738,-0.6908299999999999,19.36842105263158,8,3,1.9638,2,1.63821,1.63821,0.6908299999999999,14.375,7,0.6,03/04/2003,4-2-3-1,0.4,4-2-3-1,03/04/2003
3,2024,27912,2025-01-25 14:30:00,135,117,Freiburg,Bayern Munich,BAY,FRE,3,1.8837,2,0.787581,0.787581,0.516273,11.235294117647058,4,0,0.7131000000000001,1,0.271308,0.271308,-0.516273,13.433333333333334,5,0.35,4-2-3-1,4-2-3-1,0.65,4-2-3-1,4-2-3-1
3,2024,27908,2025-01-25 17:30:00,130,268,Borussia Monchengladbach,Bochum,BOC,BMG,0,0.1779,0,0.759449,0.759449,-1.299591,11.925925925925926,6,3,2.7279,3,2.93153,2.05904,1.299591,12.882352941176473,5,0.57,4-2-3-1,3-1-4-2,0.43,3-1-4-2,4-2-3-1
3,2024,27906,2025-01-26 14:30:00,120,132,Hoffenheim,Eintracht Frankfurt,EIN,HOF,1,1.3641,2,2.30325,1.54547,-0.7759400000000003,16.071428571428573,12,1,1.3722,2,2.32141,2.32141,0.7759400000000003,12.772727272727272,8,0.5,4-2-3-1,03/04/2003,0.5,03/04/2003,4-2-3-1
3,2024,27907,2025-01-26 16:30:00,288,240,Saint Pauli,Union Berlin,UNI,SPA,0,1.0571,0,0.986402,0.986402,-0.417178,11.736842105263158,5,3,1.6637,3,1.40358,1.40358,0.417178,27.333333333333332,2,0.44,03/04/2003,03/05/2002,0.56,03/05/2002,03/04/2003
3,2024,27921,2025-01-31 19:30:00,123,125,Werder Bremen,Mainz,MAI,WER,0,0.374,0,1.01597,1.01597,-0.81168,6.72,13,3,2.4767,1,2.58542,1.82765,0.81168,15.555555555555555,2,0.37,03/05/2002,03/04/2003,0.63,03/04/2003,03/05/2002
3,2024,27914,2025-02-01 14:30:00,268,135,Bochum,Freiburg,FRE,BOC,3,2.7547999999999995,1,3.33243,3.33243,2.489381,11.5,6,0,0.1712,0,0.843049,0.843049,-2.489381,5.875,9,0.58,4-2-3-1,4-2-3-1,0.42,4-2-3-1,4-2-3-1
3,2024,27915,2025-02-01 14:30:00,288,121,Saint Pauli,Augsburg,AUG,SPA,1,0.5173,1,0.194891,0.194891,-0.654987,10.173913043478262,1,1,2.1433,1,0.849878,0.849878,0.654987,17.15,7,0.45,03/04/2003,03/04/2003,0.55,03/04/2003,03/04/2003
3,2024,27917,2025-02-01 14:30:00,133,130,Stuttgart,Borussia Monchengladbach,BMG,STU,3,2.1527,2,1.96971,1.96971,1.018976,18.0625,12,0,0.6299,1,0.950734,0.950734,-1.018976,10.192307692307692,12,0.54,04/04/2002,4-2-3-1,0.46,4-2-3-1,04/04/2002
3,2024,27918,2025-02-01 14:30:00,117,287,Bayern Munich,Holstein Kiel,KIE,BAY,0,0.2123,3,2.05752,2.05752,-2.8748400000000003,26.76923076923077,7,3,2.7119,4,4.93236,4.93236,2.8748400000000003,20.7,11,0.71,4-2-3-1,05/04/2001,0.29,05/04/2001,4-2-3-1
3,2024,27920,2025-02-01 14:30:00,280,129,Heidenheim,Borussia Dortmund,DOR,HEI,3,2.7393,2,2.68284,2.68284,2.156952,7.727272727272728,12,0,0.1755,1,0.525888,0.525888,-2.156952,17.0,6,0.36,4-2-3-1,3-2-4-1,0.64,3-2-4-1,4-2-3-1
3,2024,27913,2025-02-01 17:30:00,240,136,Union Berlin,RB Leipzig,RBL,UNI,1,0.2507,0,0.237923,0.237923,-1.510547,10.421052631578949,5,1,2.5895,0,1.74847,1.74847,1.510547,12.476190476190476,7,0.47,04/03/2003,3-4-1-2,0.53,3-4-1-2,04/03/2003
3,2024,27919,2025-02-02 14:30:00,132,131,Eintracht Frankfurt,Wolfsburg,WOL,EIN,1,1.1943,1,1.46292,1.46292,-0.23312,15.590909090909092,7,1,1.5414,1,1.69604,1.69604,0.23312,14.76923076923077,3,0.62,03/04/2003,4-1-3-2,0.38,4-1-3-2,03/04/2003
3,2024,27916,2025-02-02 16:30:00,119,120,Bayer Leverkusen,Hoffenheim,HOF,LEV,0,1.8563,1,1.94944,1.94944,0.5952600000000001,18.933333333333337,5,3,0.8720000000000001,3,1.35418,1.35418,-0.5952600000000001,13.842105263157896,8,0.49,03/04/2003,03/04/2003,0.52,03/04/2003,03/04/2003
3,2024,27922,2025-02-07 19:30:00,117,123,Bayern Munich,Werder Bremen,WER,BAY,0,0.0041,0,0.151051,0.151051,-2.8105290000000003,28.5625,1,3,2.9927,3,4.47713,2.96158,2.8105290000000003,12.941176470588236,13,0.75,4-2-3-1,05/03/2002,0.25,05/03/2002,4-2-3-1
3,2024,27924,2025-02-08 14:30:00,129,133,Borussia Dortmund,Stuttgart,STU,DOR,3,0.7622,2,0.452825,0.452825,-0.6178049999999999,20.210526315789473,3,0,1.9019,1,1.07063,1.07063,0.6178049999999999,6.380952380952381,5,0.68,4-2-3-1,03/04/2003,0.32,03/04/2003,4-2-3-1
3,2024,27925,2025-02-08 14:30:00,120,240,Hoffenheim,Union Berlin,UNI,HOF,3,2.8433,4,3.86589,3.86589,2.984244,12.04,14,0,0.1036999999999999,0,0.881646,0.881646,-2.984244,7.782608695652174,7,0.64,4-2-3-1,4-2-3-1,0.36,4-2-3-1,4-2-3-1
3,2024,27926,2025-02-08 14:30:00,135,280,Freiburg,Heidenheim,HEI,FRE,0,0.5467,0,0.434356,0.434356,-0.897594,18.166666666666668,6,3,2.1925000000000003,1,1.33195,1.33195,0.897594,17.625,8,0.53,4-2-3-1,4-2-3-1,0.47,4-2-3-1,4-2-3-1
3,2024,27927,2025-02-08 14:30:00,131,119,Wolfsburg,Bayer Leverkusen,LEV,WOL,1,2.0379,0,1.66317,1.66317,0.7681530000000001,12.625,5,1,0.7029,0,0.895017,0.895017,-0.7681530000000001,30.444444444444443,4,0.41,4-1-3-2,03/05/2002,0.6,03/05/2002,4-1-3-2
3,2024,27928,2025-02-08 14:30:00,125,121,Mainz,Augsburg,AUG,MAI,1,0.1392,0,0.260742,0.260742,-1.739198,21.6875,1,1,2.7657,0,1.99994,1.99994,1.739198,4.266666666666667,10,0.67,03/04/2003,03/04/2003,0.33,03/04/2003,03/04/2003
3,2024,27929,2025-02-08 17:30:00,130,132,Borussia Monchengladbach,Eintracht Frankfurt,EIN,BMG,1,2.7165,1,2.5487,2.5487,1.8922090000000005,17.941176470588236,9,1,0.1788,1,0.656491,0.656491,-1.8922090000000005,14.0,6,0.53,4-2-3-1,04/04/2002,0.47,04/04/2002,4-2-3-1
3,2024,27930,2025-02-09 13:30:00,287,268,Holstein Kiel,Bochum,BOC,KIE,1,1.0,2,2.0,2.0,0.75,,0,1,1.0,2,2.0,1.25,-0.75,,0,0.49,3-1-4-2,4-2-3-1,0.51,4-2-3-1,3-1-4-2
3,2024,27923,2025-02-09 16:30:00,136,288,RB Leipzig,Saint Pauli,SPA,RBL,0,0.5219,0,0.72321,0.72321,-1.1728,21.55,6,3,2.2724,2,1.89601,1.89601,1.1728,22.636363636363637,5,0.56,03/04/2003,03/04/2003,0.44,03/04/2003,03/04/2003
3,2024,27936,2025-02-14 19:30:00,121,136,Augsburg,RB Leipzig,RBL,AUG,1,1.8532,0,1.6452,1.6452,0.5907499999999999,8.176470588235293,7,1,0.8836,0,1.05445,1.05445,-0.5907499999999999,16.5,11,0.38,03/04/2003,03/04/2003,0.62,03/04/2003,03/04/2003
3,2024,27932,2025-02-15 14:30:00,133,131,Stuttgart,Wolfsburg,WOL,STU,3,1.8409999999999995,2,1.75731,0.999535,-0.2251250000000001,9.92,4,0,0.8735,1,1.22466,1.22466,0.2251250000000001,12.647058823529411,9,0.58,4-2-3-1,04/04/2002,0.42,04/04/2002,4-2-3-1
3,2024,27937,2025-02-15 14:30:00,240,130,Union Berlin,Borussia Monchengladbach,BMG,UNI,3,1.7967000000000002,2,2.22036,2.22036,1.3098929999999998,22.083333333333332,9,0,0.945,1,1.66824,0.910467,-1.3098929999999998,12.0,6,0.51,4-2-3-1,4-2-3-1,0.49,4-2-3-1,4-2-3-1
3,2024,27938,2025-02-15 14:30:00,268,129,Bochum,Borussia Dortmund,DOR,BOC,0,0.9484,0,2.70519,2.70519,-0.6636099999999998,9.0,12,3,1.8322,2,3.3688,3.3688,0.6636099999999998,19.6,5,0.31,05/03/2002,4-2-3-1,0.69,4-2-3-1,05/03/2002
3,2024,27939,2025-02-15 14:30:00,288,135,Saint Pauli,Freiburg,FRE,SPA,3,2.5089,1,1.25072,0.492946,0.3023559999999999,21.125,2,0,0.2901,0,0.19059,0.19059,-0.3023559999999999,16.38888888888889,3,0.54,03/04/2003,4-2-3-1,0.46,4-2-3-1,03/04/2003
3,2024,27931,2025-02-15 17:30:00,119,117,Bayer Leverkusen,Bayern Munich,BAY,LEV,1,0.0524,0,0.0720406,0.0720406,-2.4852494000000003,15.625,1,1,2.903,0,2.55729,2.55729,2.4852494000000003,8.34375,11,0.56,04/04/2002,4-2-3-1,0.44,4-2-3-1,04/04/2002
3,2024,27935,2025-02-16 14:30:00,123,120,Werder Bremen,Hoffenheim,HOF,WER,3,2.1483000000000003,3,1.91874,1.91874,1.06209,11.266666666666667,7,0,0.6378,1,0.85665,0.85665,-1.06209,6.791666666666667,14,0.62,03/05/2002,4-2-3-1,0.38,4-2-3-1,03/05/2002
3,2024,27933,2025-02-16 16:30:00,132,287,Eintracht Frankfurt,Holstein Kiel,KIE,EIN,0,0.3433,1,1.26559,1.26559,-1.00191,26.0,4,3,2.5093,3,3.02527,2.2675,1.00191,12.36,6,0.51,03/04/2003,3-1-4-2,0.49,3-1-4-2,03/04/2003
3,2024,27934,2025-02-16 18:30:00,280,125,Heidenheim,Mainz,MAI,HEI,3,2.6127,2,1.94932,1.94932,1.404115,10.06896551724138,4,0,0.2498999999999999,0,0.545205,0.545205,-1.404115,13.23076923076923,6,0.56,03/04/2003,3-4-1-2,0.44,3-4-1-2,03/04/2003
3,2024,27944,2025-02-21 19:30:00,135,123,Freiburg,Werder Bremen,WER,FRE,0,0.3951,0,1.25462,0.496843,-2.165587,8.64,4,3,2.424,5,2.66243,2.66243,2.165587,16.541666666666668,5,0.36,4-2-3-1,03/05/2002,0.64,03/05/2002,4-2-3-1
3,2024,27945,2025-02-22 14:30:00,131,268,Wolfsburg,Bochum,BOC,WOL,1,0.8374,1,1.46609,1.46609,-0.69529,12.08695652173913,2,1,1.918,1,2.16138,2.16138,0.69529,13.5,6,0.55,04/04/2002,03/05/2002,0.45,03/05/2002,04/04/2002
3,2024,27946,2025-02-22 14:30:00,125,288,Mainz,Saint Pauli,SPA,MAI,0,0.9557,0,0.90068,0.90068,-0.45535,10.681818181818182,5,3,1.7497999999999998,2,1.35603,1.35603,0.45535,12.77777777777778,2,0.53,3-4-1-2,03/04/2003,0.48,03/04/2003,3-4-1-2
3,2024,27947,2025-02-22 14:30:00,130,121,Borussia Monchengladbach,Augsburg,AUG,BMG,3,2.1232,3,1.73915,1.73915,0.939147,16.95,7,0,0.6403,0,0.800003,0.800003,-0.939147,14.75,10,0.49,4-2-3-1,03/04/2003,0.51,03/04/2003,4-2-3-1
3,2024,27948,2025-02-22 14:30:00,287,119,Holstein Kiel,Bayer Leverkusen,LEV,KIE,3,2.7295,2,2.55557,2.55557,2.060575,9.666666666666666,11,0,0.1681,0,0.494995,0.494995,-2.060575,40.833333333333336,2,0.38,03/05/2002,03/04/2003,0.62,03/04/2003,03/05/2002
3,2024,27942,2025-02-22 17:30:00,129,240,Borussia Dortmund,Union Berlin,UNI,DOR,0,0.001,0,0.365382,0.365382,-5.075737999999999,15.590909090909092,5,3,2.998,6,5.44112,5.44112,5.075737999999999,8.347826086956522,12,0.65,4-2-3-1,4-2-3-1,0.35,4-2-3-1,4-2-3-1
3,2024,27941,2025-02-23 14:30:00,136,280,RB Leipzig,Heidenheim,HEI,RBL,1,0.6145,2,0.834882,0.0771053,-0.8102216999999999,19.6875,3,1,2.0658999999999996,2,1.6451,0.887327,0.8102216999999999,3.8947368421052633,11,0.74,4-2-2-2,03/04/2003,0.26,03/04/2003,4-2-2-2
3,2024,27940,2025-02-23 16:30:00,117,132,Bayern Munich,Eintracht Frankfurt,EIN,BAY,0,0.0186,0,0.49278,0.49278,-3.99421,27.11764705882353,7,3,2.9697,4,4.48699,4.48699,3.99421,8.382352941176471,19,0.64,4-2-3-1,03/04/2003,0.36,03/04/2003,4-2-3-1
3,2024,27943,2025-02-23 18:30:00,120,133,Hoffenheim,Stuttgart,STU,HOF,1,2.8591,1,3.67099,3.67099,2.9651750000000003,13.285714285714286,25,1,0.091,1,0.705815,0.705815,-2.9651750000000003,23.714285714285715,6,0.45,05/03/2002,4-2-2-2,0.55,4-2-2-2,05/03/2002
3,2024,27949,2025-02-28 19:30:00,133,117,Stuttgart,Bayern Munich,BAY,STU,3,2.4884999999999997,3,2.29942,2.29942,1.645717,10.16,7,0,0.3585,1,0.653703,0.653703,-1.645717,9.51851851851852,15,0.53,4-2-2-2,4-2-3-1,0.47,4-2-3-1,4-2-2-2
3,2024,27950,2025-03-01 14:30:00,136,125,RB Leipzig,Mainz,MAI,RBL,3,1.2532,2,1.64735,1.64735,-0.1366899999999999,8.294117647058824,9,0,1.4692,1,1.78404,1.78404,0.1366899999999999,15.0,13,0.49,3-4-1-2,03/04/2003,0.51,03/04/2003,3-4-1-2
3,2024,27952,2025-03-01 14:30:00,280,130,Heidenheim,Borussia Monchengladbach,BMG,HEI,3,1.2369,3,1.7158,1.7158,-0.16127,12.8,5,0,1.4973,0,1.87707,1.87707,0.16127,25.785714285714285,12,0.44,03/04/2003,4-2-3-1,0.56,4-2-3-1,03/04/2003
3,2024,27953,2025-03-01 14:30:00,123,131,Werder Bremen,Wolfsburg,WOL,WER,3,0.6341000000000001,2,1.11674,1.11674,-0.98643,15.764705882352942,5,0,2.1314,1,2.10317,2.10317,0.98643,9.666666666666666,10,0.56,03/05/2002,04/04/2002,0.44,04/04/2002,03/05/2002
3,2024,27956,2025-03-01 14:30:00,288,129,Saint Pauli,Borussia Dortmund,DOR,SPA,3,2.8061999999999996,2,2.23846,2.23846,1.944954,10.761904761904765,10,0,0.1164,0,0.293506,0.293506,-1.944954,12.925925925925926,2,0.43,03/04/2003,4-2-3-1,0.57,4-2-3-1,03/04/2003
3,2024,27957,2025-03-01 14:30:00,268,120,Bochum,Hoffenheim,HOF,BOC,3,0.5937,1,0.525952,0.525952,-0.919248,8.217391304347826,7,0,2.1492,0,1.4452,1.4452,0.919248,3.6538461538461537,11,0.58,03/05/2002,4-2-3-1,0.42,4-2-3-1,03/05/2002
3,2024,27951,2025-03-01 17:30:00,132,119,Eintracht Frankfurt,Bayer Leverkusen,LEV,EIN,3,2.324,4,2.37018,2.37018,1.36972,14.352941176470589,8,0,0.4903999999999999,1,1.00046,1.00046,-1.36972,9.5,4,0.4,3-1-4-2,03/04/2003,0.6,03/04/2003,3-1-4-2
3,2024,27955,2025-03-02 14:30:00,240,287,Union Berlin,Holstein Kiel,KIE,UNI,3,1.1425,1,0.692509,0.692509,-0.1935719999999999,7.0,3,0,1.5046,0,0.886081,0.886081,0.1935719999999999,10.5,6,0.51,03/04/2003,3-4-1-2,0.49,3-4-1-2,03/04/2003
3,2024,27954,2025-03-02 16:30:00,121,135,Augsburg,Freiburg,FRE,AUG,1,0.4235,0,0.799243,0.799243,-1.4227569999999998,15.72222222222222,3,1,2.405,0,2.222,2.222,1.4227569999999998,12.36,13,0.51,03/04/2003,4-2-3-1,0.49,4-2-3-1,03/04/2003
3,2024,27965,2025-03-07 19:30:00,130,125,Borussia Monchengladbach,Mainz,MAI,BMG,3,1.9535,3,1.98889,1.98889,0.7334500000000002,17.523809523809526,10,0,0.7981999999999999,1,1.25544,1.25544,-0.7334500000000002,10.541666666666666,6,0.58,4-2-3-1,03/04/2003,0.43,03/04/2003,4-2-3-1
3,2024,27958,2025-03-08 14:30:00,119,123,Bayer Leverkusen,Werder Bremen,WER,LEV,3,1.6137,2,1.67701,1.67701,0.3137599999999998,19.31578947368421,5,0,1.1163,0,1.36325,1.36325,-0.3137599999999998,5.7727272727272725,6,0.73,03/04/2003,03/05/2002,0.27,03/05/2002,03/04/2003
3,2024,27959,2025-03-08 14:30:00,117,268,Bayern Munich,Bochum,BOC,BAY,3,0.4964,3,1.36274,1.36274,-0.60839,22.764705882352946,6,0,2.3291,2,2.72891,1.97113,0.60839,5.619047619047619,9,0.74,4-2-3-1,05/03/2002,0.26,05/03/2002,4-2-3-1
3,2024,27960,2025-03-08 14:30:00,129,121,Borussia Dortmund,Augsburg,AUG,DOR,3,0.5016,1,0.250168,0.250168,-0.860382,16.31578947368421,2,0,2.2022999999999997,0,1.11055,1.11055,0.860382,6.2631578947368425,11,0.72,4-2-3-1,03/04/2003,0.28,03/04/2003,4-2-3-1
3,2024,27964,2025-03-08 14:30:00,131,288,Wolfsburg,Saint Pauli,SPA,WOL,1,0.7551,1,1.23696,1.23696,0.02872,12.727272727272728,3,1,1.9797,1,1.96602,1.20824,-0.02872,11.470588235294118,8,0.58,4-2-3-1,3-4-1-2,0.42,3-4-1-2,4-2-3-1
3,2024,27966,2025-03-08 14:30:00,287,133,Holstein Kiel,Stuttgart,STU,KIE,1,0.7136,2,1.0726,1.0726,-0.8998600000000001,14.31578947368421,5,1,2.0488999999999997,2,1.97246,1.97246,0.8998600000000001,16.4375,10,0.53,03/04/2003,04/04/2002,0.47,04/04/2002,03/04/2003
3,2024,27963,2025-03-08 17:30:00,135,136,Freiburg,RB Leipzig,RBL,FRE,1,2.498,0,2.02806,2.02806,1.517107,13.08695652173913,11,1,0.3413,0,0.510953,0.510953,-1.517107,15.4375,4,0.53,4-2-3-1,04/04/2002,0.47,04/04/2002,4-2-3-1
3,2024,27961,2025-03-09 14:30:00,132,240,Eintracht Frankfurt,Union Berlin,UNI,EIN,3,0.4469999999999999,2,0.725817,0.725817,-0.524523,26.066666666666663,4,0,2.3742,1,2.00811,1.25034,0.524523,16.0,11,0.68,4-2-3-1,03/05/2002,0.32,03/05/2002,4-2-3-1
3,2024,27962,2025-03-09 16:30:00,120,280,Hoffenheim,Heidenheim,HEI,HOF,1,1.7479999999999998,1,2.31324,2.31324,0.5329599999999999,14.647058823529411,7,1,1.0292,1,1.78028,1.78028,-0.5329599999999999,14.3125,8,0.55,4-1-3-2,4-3-1-2,0.45,4-3-1-2,4-1-3-2
3,2024,27975,2025-03-14 19:30:00,288,120,Saint Pauli,Hoffenheim,HOF,SPA,0,0.3133,0,0.196271,0.196271,-1.2389089999999998,16.916666666666668,4,3,2.4796,1,1.43518,1.43518,1.2389089999999998,17.11764705882353,5,0.43,3-4-1-2,4-2-3-1,0.57,4-2-3-1,3-4-1-2
3,2024,27970,2025-03-15 14:30:00,123,130,Werder Bremen,Borussia Monchengladbach,BMG,WER,3,0.9439,4,2.32056,1.56278,-0.66228,17.714285714285715,7,0,1.8427,2,2.98283,2.22506,0.66228,15.294117647058824,16,0.53,03/05/2002,4-2-3-1,0.47,4-2-3-1,03/05/2002
3,2024,27971,2025-03-15 14:30:00,121,131,Augsburg,Wolfsburg,WOL,AUG,0,1.4624,0,0.763636,0.763636,0.164668,8.142857142857142,9,3,1.1522,1,0.598968,0.598968,-0.164668,16.05263157894737,6,0.43,03/04/2003,04/03/2003,0.58,04/03/2003,03/04/2003
3,2024,27972,2025-03-15 14:30:00,125,135,Mainz,Freiburg,FRE,MAI,1,2.3881,2,2.93264,2.93264,1.5995700000000002,16.5,7,1,0.4555,2,1.33307,1.33307,-1.5995700000000002,13.9375,8,0.44,03/04/2003,4-4-1-1,0.56,4-4-1-1,03/04/2003
3,2024,27973,2025-03-15 14:30:00,240,117,Union Berlin,Bayern Munich,BAY,UNI,1,2.2026999999999997,1,1.83549,1.83549,1.03109,5.357142857142857,13,1,0.5677,1,0.8044,0.8044,-1.03109,16.41176470588235,4,0.2,05/04/2001,4-2-3-1,0.8,4-2-3-1,05/04/2001
3,2024,27968,2025-03-15 17:30:00,136,129,RB Leipzig,Borussia Dortmund,DOR,RBL,0,2.2323,0,4.09542,4.09542,1.53667,5.714285714285714,20,3,0.6219,2,2.55875,2.55875,-1.53667,11.76,10,0.34,03/04/2003,4-2-3-1,0.66,4-2-3-1,03/04/2003
3,2024,27974,2025-03-16 15:30:00,268,132,Bochum,Eintracht Frankfurt,EIN,BOC,3,2.2382,3,3.29403,3.29403,1.4134099999999998,11.15,11,0,0.5981000000000001,1,1.88062,1.88062,-1.4134099999999998,23.09090909090909,9,0.51,04/04/2002,4-2-3-1,0.49,4-2-3-1,04/04/2002
3,2024,27969,2025-03-16 16:30:00,280,287,Heidenheim,Holstein Kiel,KIE,HEI,0,0.9601,1,1.14988,1.14988,-0.50732,6.208333333333333,7,3,1.7743000000000002,3,1.6572,1.6572,0.50732,12.51851851851852,8,0.38,03/05/2002,03/05/2002,0.62,03/05/2002,03/05/2002
3,2024,27967,2025-03-16 18:30:00,133,119,Stuttgart,Bayer Leverkusen,LEV,STU,3,0.8705,4,2.07439,2.07439,-0.7758499999999997,14.692307692307692,5,0,1.9181,3,2.85024,2.85024,0.7758499999999997,8.5,9,0.43,04/04/2002,4-4-1-1,0.57,4-4-1-1,04/04/2002
3,2024,27976,2025-03-28 19:30:00,119,268,Bayer Leverkusen,Bochum,BOC,LEV,0,0.3278999999999999,1,0.702152,0.702152,-1.3786080000000005,13.148148148148149,4,3,2.4915000000000003,3,2.08076,2.08076,1.3786080000000005,14.714285714285714,8,0.66,03/05/2002,05/03/2002,0.34,05/03/2002,03/05/2002
3,2024,27977,2025-03-29 14:30:00,117,288,Bayern Munich,Saint Pauli,SPA,BAY,0,0.0836,2,0.841269,0.841269,-3.160861,61.5,6,3,2.8724,3,4.00213,4.00213,3.160861,8.4,15,0.66,4-2-3-1,3-4-1-2,0.34,3-4-1-2,4-2-3-1
3,2024,27980,2025-03-29 14:30:00,130,136,Borussia Monchengladbach,RB Leipzig,RBL,BMG,0,0.7336,0,0.929047,0.929047,-0.8663430000000001,8.952380952380953,18,3,2.0401,1,1.79539,1.79539,0.8663430000000001,26.2,8,0.4,4-2-3-1,03/05/2002,0.61,03/05/2002,4-2-3-1
3,2024,27981,2025-03-29 14:30:00,131,280,Wolfsburg,Heidenheim,HEI,WOL,3,1.4143,1,1.31407,0.556292,-0.6825680000000001,31.3,6,0,1.2721,0,1.23886,1.23886,0.6825680000000001,10.75,15,0.61,04/03/2003,3-4-1-2,0.39,3-4-1-2,04/03/2003
3,2024,27983,2025-03-29 14:30:00,120,121,Hoffenheim,Augsburg,AUG,HOF,1,0.4128,1,0.688621,0.688621,-0.498689,14.052631578947368,2,1,2.4018,1,1.94509,1.18731,0.498689,9.8,5,0.57,4-2-3-1,03/04/2003,0.43,03/04/2003,4-2-3-1
3,2024,27984,2025-03-29 14:30:00,287,123,Holstein Kiel,Werder Bremen,WER,KIE,3,2.1439000000000004,3,1.48157,1.48157,0.91681,18.58823529411765,9,0,0.6043000000000001,0,0.56476,0.56476,-0.91681,9.0,3,0.55,3-4-1-2,03/05/2002,0.45,03/05/2002,3-4-1-2
3,2024,27978,2025-03-29 17:30:00,132,133,Eintracht Frankfurt,Stuttgart,STU,EIN,0,0.0950999999999999,0,0.863163,0.863163,-2.828797,9.173913043478262,9,3,2.8569,1,3.69196,3.69196,2.828797,9.36,13,0.46,4-2-3-1,4-2-3-1,0.54,4-2-3-1,4-2-3-1
3,2024,27982,2025-03-30 14:30:00,135,240,Freiburg,Union Berlin,UNI,FRE,3,1.672,2,1.38632,1.38632,0.37609,18.0,5,0,1.0372,1,1.01023,1.01023,-0.37609,6.333333333333333,8,0.72,4-4-1-1,03/04/2003,0.28,03/04/2003,4-4-1-1
3,2024,27979,2025-03-30 16:30:00,129,125,Borussia Dortmund,Mainz,MAI,DOR,0,0.1888,1,0.654443,0.654443,-2.042777,8.04,5,3,2.7118,3,2.69722,2.69722,2.042777,12.074074074074074,11,0.44,3-1-4-2,03/04/2003,0.56,03/04/2003,3-1-4-2
3,2024,27989,2025-04-04 18:30:00,121,117,Augsburg,Bayern Munich,BAY,AUG,3,2.3825,3,1.91653,1.91653,1.348877,6.230769230769231,16,0,0.431,1,0.567653,0.567653,-1.348877,35.5,2,0.3,03/04/2003,4-2-3-1,0.7,4-2-3-1,03/04/2003
3,2024,27985,2025-04-05 13:30:00,136,120,RB Leipzig,Hoffenheim,HOF,RBL,0,1.2218,1,1.18624,1.18624,-0.2149700000000001,21.428571428571427,4,3,1.4825000000000002,3,1.40121,1.40121,0.2149700000000001,7.24,15,0.67,4-2-2-2,4-2-3-1,0.33,4-2-3-1,4-2-2-2
3,2024,27986,2025-04-05 13:30:00,280,119,Heidenheim,Bayer Leverkusen,LEV,HEI,3,0.5403,1,0.367393,0.367393,-0.934947,12.875,7,0,2.1969000000000003,0,1.30234,1.30234,0.934947,13.0,7,0.49,05/04/2001,03/04/2003,0.51,03/04/2003,05/04/2001
3,2024,27988,2025-04-05 13:30:00,135,129,Freiburg,Borussia Dortmund,DOR,FRE,3,2.3081000000000005,4,3.55487,3.55487,1.5269400000000002,14.5625,12,0,0.5327,1,2.02793,2.02793,-1.5269400000000002,10.476190476190476,13,0.54,4-2-3-1,03/05/2002,0.46,03/05/2002,4-2-3-1
3,2024,27990,2025-04-05 13:30:00,125,287,Mainz,Holstein Kiel,KIE,MAI,1,1.3806,1,1.66267,1.66267,0.01062,14.266666666666667,7,1,1.3479,1,1.65205,1.65205,-0.01062,7.08,9,0.58,03/04/2003,3-4-1-2,0.43,3-4-1-2,03/04/2003
3,2024,27992,2025-04-05 13:30:00,268,133,Bochum,Stuttgart,STU,BOC,3,2.5898,4,2.64663,2.64663,1.830839,26.727272727272727,8,0,0.284,0,0.815791,0.815791,-1.830839,7.0,3,0.54,03/05/2002,04/04/2002,0.46,04/04/2002,03/05/2002
3,2024,27987,2025-04-05 16:30:00,123,132,Werder Bremen,Eintracht Frankfurt,EIN,WER,0,0.718,0,0.515073,0.515073,-0.7120369999999999,7.125,7,3,1.9921,2,1.22711,1.22711,0.7120369999999999,25.428571428571427,1,0.37,03/05/2002,4-2-3-1,0.63,4-2-3-1,03/05/2002
3,2024,27993,2025-04-06 13:30:00,288,130,Saint Pauli,Borussia Monchengladbach,BMG,SPA,1,0.3394,1,0.646648,0.646648,-1.5477820000000002,21.153846153846153,1,1,2.5023999999999997,1,2.19443,2.19443,1.5477820000000002,19.09090909090909,5,0.64,3-4-1-2,4-2-3-1,0.36,4-2-3-1,3-4-1-2
3,2024,27991,2025-04-06 15:30:00,240,131,Union Berlin,Wolfsburg,WOL,UNI,0,1.5574,0,1.79618,1.79618,0.24547,8.473684210526315,6,3,1.1263,1,1.55071,1.55071,-0.24547,14.1875,6,0.45,03/05/2002,3-4-1-2,0.55,3-4-1-2,03/05/2002
3,2024,27999,2025-04-11 18:30:00,131,136,Wolfsburg,RB Leipzig,RBL,WOL,3,1.2157999999999998,3,1.60065,1.60065,-0.24296,10.105263157894736,11,0,1.529,2,1.84361,1.84361,0.24296,6.896551724137931,9,0.47,3-4-1-2,4-2-2-2,0.53,4-2-2-2,3-4-1-2
3,2024,27994,2025-04-12 13:30:00,119,240,Bayer Leverkusen,Union Berlin,UNI,LEV,1,1.3015,0,0.513825,0.513825,0.0183359999999999,22.5,2,1,1.2382,0,0.495489,0.495489,-0.0183359999999999,9.466666666666669,7,0.75,03/05/2002,03/04/2003,0.25,03/04/2003,03/05/2002
3,2024,27998,2025-04-12 13:30:00,120,125,Hoffenheim,Mainz,MAI,HOF,0,0.9158,0,0.969601,0.969601,-0.4543289999999998,4.392857142857143,8,3,1.8002,2,1.42393,1.42393,0.4543289999999998,12.6,2,0.36,4-2-3-1,03/04/2003,0.64,03/04/2003,4-2-3-1
3,2024,28000,2025-04-12 13:30:00,130,135,Borussia Monchengladbach,Freiburg,FRE,BMG,3,2.6049,2,2.31704,2.31704,1.792256,8.807692307692308,10,0,0.2616,1,0.524784,0.524784,-1.792256,33.5,8,0.42,4-2-3-1,4-2-3-1,0.58,4-2-3-1,4-2-3-1
3,2024,28001,2025-04-12 13:30:00,268,121,Bochum,Augsburg,AUG,BOC,3,0.8235000000000001,2,1.02536,1.02536,-0.83561,10.526315789473683,7,0,1.9311,1,1.86097,1.86097,0.83561,13.4,8,0.53,03/05/2002,03/04/2003,0.47,03/04/2003,03/05/2002
3,2024,28002,2025-04-12 13:30:00,287,288,Holstein Kiel,Saint Pauli,SPA,KIE,3,1.6474,2,1.06614,1.06614,0.3734760000000001,13.5,4,0,1.012,1,0.692664,0.692664,-0.3734760000000001,10.772727272727272,2,0.52,3-4-1-2,03/04/2003,0.48,03/04/2003,3-4-1-2
3,2024,27996,2025-04-12 16:30:00,117,129,Bayern Munich,Borussia Dortmund,DOR,BAY,1,0.6913999999999999,2,1.71681,1.71681,-1.23025,25.166666666666668,4,1,2.1239,2,2.94706,2.94706,1.23025,9.91304347826087,19,0.62,4-2-3-1,3-1-4-2,0.38,3-1-4-2,4-2-3-1
3,2024,27995,2025-04-13 13:30:00,133,123,Stuttgart,Werder Bremen,WER,STU,3,1.2668,2,1.65438,1.65438,-0.09999,14.0,8,0,1.4666,1,1.75437,1.75437,0.09999,13.666666666666666,8,0.48,4-2-3-1,03/05/2002,0.52,03/05/2002,4-2-3-1
3,2024,27997,2025-04-13 15:30:00,132,280,Eintracht Frankfurt,Heidenheim,HEI,EIN,0,0.2115999999999999,0,1.28841,1.28841,-2.3567400000000003,16.27777777777778,5,3,2.7019,3,3.64515,3.64515,2.3567400000000003,22.11764705882353,13,0.44,4-2-3-1,3-1-4-2,0.56,3-1-4-2,4-2-3-1
3,2024,28003,2025-04-19 13:30:00,136,287,RB Leipzig,Holstein Kiel,KIE,RBL,1,0.5424,1,1.017,1.017,-0.39283,13.681818181818182,5,1,2.2619999999999996,1,2.16761,1.40983,0.39283,12.875,9,0.61,04/04/2002,03/04/2003,0.39,03/04/2003,04/04/2002
3,2024,28005,2025-04-19 13:30:00,280,117,Heidenheim,Bayern Munich,BAY,HEI,3,2.8733,4,3.54191,3.54191,3.012136,10.952380952380953,13,0,0.08,0,0.529774,0.529774,-3.012136,28.25,1,0.32,4-3-1-2,4-2-3-1,0.69,4-2-3-1,4-3-1-2
3,2024,28006,2025-04-19 13:30:00,123,268,Werder Bremen,Bochum,BOC,WER,0,0.1617,0,0.4947,0.4947,-2.21449,7.962962962962963,7,3,2.7534,1,2.70919,2.70919,2.21449,20.333333333333332,7,0.48,03/05/2002,03/04/2003,0.52,03/04/2003,03/05/2002
3,2024,28007,2025-04-19 13:30:00,135,120,Freiburg,Hoffenheim,HOF,FRE,0,1.6756000000000002,2,1.94701,1.94701,0.3973299999999999,9.625,8,3,1.0729,3,1.54968,1.54968,-0.3973299999999999,15.117647058823527,10,0.39,4-4-1-1,03/04/2003,0.61,03/04/2003,4-4-1-1
3,2024,28009,2025-04-19 13:30:00,125,131,Mainz,Wolfsburg,WOL,MAI,1,0.8467,2,1.80796,1.80796,-0.87439,10.0,8,1,1.9552,2,2.68235,2.68235,0.87439,6.884615384615385,13,0.52,3-4-1-2,03/05/2002,0.48,03/05/2002,3-4-1-2
3,2024,28010,2025-04-19 16:30:00,240,133,Union Berlin,Stuttgart,STU,UNI,1,0.6819999999999999,4,1.19,1.19,-0.97124,6.764705882352941,10,1,2.1058,4,2.16124,2.16124,0.97124,38.714285714285715,2,0.22,03/05/2002,4-2-3-1,0.78,4-2-3-1,03/05/2002
3,2024,28008,2025-04-20 13:30:00,121,132,Augsburg,Eintracht Frankfurt,EIN,AUG,1,1.5969,0,1.39546,1.39546,0.2533099999999999,8.384615384615385,4,1,1.1094,0,1.14215,1.14215,-0.2533099999999999,16.88888888888889,3,0.45,03/04/2003,03/05/2002,0.55,03/05/2002,03/04/2003
3,2024,28004,2025-04-20 15:30:00,129,130,Borussia Dortmund,Borussia Monchengladbach,BMG,DOR,0,1.4148,2,1.2185,0.460724,-0.723836,20.6,1,3,1.251,3,1.18456,1.18456,0.723836,8.23076923076923,10,0.6,03/04/2003,4-2-3-1,0.4,4-2-3-1,03/04/2003
3,2024,28011,2025-04-20 17:30:00,288,119,Saint Pauli,Bayer Leverkusen,LEV,SPA,1,0.4565,1,1.13491,1.13491,-1.1814899999999997,28.625,8,1,2.3402000000000003,1,2.3164,2.3164,1.1814899999999997,19.61111111111111,4,0.42,03/04/2003,03/04/2003,0.58,03/04/2003,03/04/2003
3,2024,28013,2025-04-25 18:30:00,133,280,Stuttgart,Heidenheim,HEI,STU,3,0.393,1,0.522621,0.522621,-1.394359,21.55,8,0,2.4155999999999995,0,1.91698,1.91698,1.394359,4.685714285714286,18,0.7,4-2-3-1,05/03/2002,0.3,05/03/2002,4-2-3-1
3,2024,28012,2025-04-26 13:30:00,119,121,Bayer Leverkusen,Augsburg,AUG,LEV,0,0.9568,0,0.640893,0.640893,-0.3969269999999999,24.0,6,3,1.7119,2,1.03782,1.03782,0.3969269999999999,15.833333333333334,6,0.53,4-4-1-1,03/04/2003,0.47,03/04/2003,4-4-1-1
3,2024,28014,2025-04-26 13:30:00,117,125,Bayern Munich,Mainz,MAI,BAY,0,0.78,0,0.923874,0.923874,-0.777556,11.8,3,3,1.9632,3,1.70143,1.70143,0.777556,11.85,10,0.59,4-2-2-2,03/04/2003,0.41,03/04/2003,4-2-2-2
3,2024,28016,2025-04-26 13:30:00,120,129,Hoffenheim,Borussia Dortmund,DOR,HOF,3,2.2458,3,2.41526,1.65749,0.4672399999999999,13.266666666666667,13,0,0.5586,2,1.19025,1.19025,-0.4672399999999999,10.176470588235292,6,0.37,03/04/2003,03/04/2003,0.63,03/04/2003,03/04/2003
3,2024,28018,2025-04-26 13:30:00,131,135,Wolfsburg,Freiburg,FRE,WOL,3,2.6697999999999995,1,1.95821,1.95821,1.670191,6.541666666666667,8,0,0.2074,0,0.288019,0.288019,-1.670191,15.533333333333331,9,0.43,03/05/2002,4-4-1-1,0.57,4-4-1-1,03/05/2002
3,2024,28020,2025-04-26 13:30:00,287,130,Holstein Kiel,Borussia Monchengladbach,BMG,KIE,0,1.1043,3,2.55098,2.55098,-0.4875199999999999,6.086956521739131,5,3,1.6905,4,3.0385,3.0385,0.4875199999999999,18.75,7,0.37,3-4-1-2,4-2-3-1,0.63,4-2-3-1,3-4-1-2
3,2024,28015,2025-04-26 16:30:00,132,136,Eintracht Frankfurt,RB Leipzig,RBL,EIN,0,0.1674,0,0.316263,0.316263,-1.923157,11.708333333333334,5,3,2.7333,4,2.23942,2.23942,1.923157,18.94736842105263,10,0.46,03/04/2003,3-5-1-1,0.54,3-5-1-1,03/04/2003
3,2024,28019,2025-04-27 13:30:00,268,240,Bochum,Union Berlin,UNI,BOC,1,0.3798,1,0.498974,0.498974,-0.1131,19.933333333333337,1,1,2.4033,1,1.5178,0.612074,0.1131,6.368421052631579,5,0.66,3-4-1-2,03/05/2002,0.34,03/05/2002,3-4-1-2
3,2024,28017,2025-04-27 15:30:00,123,288,Werder Bremen,Saint Pauli,SPA,WER,1,0.7965,0,0.830832,0.830832,-0.719808,21.428571428571427,4,1,1.9395,0,1.55064,1.55064,0.719808,15.0,3,0.51,03/04/2003,03/04/2003,0.49,03/04/2003,03/04/2003
3,2024,28023,2025-05-02 18:30:00,280,268,Heidenheim,Bochum,BOC,HEI,1,2.4422000000000006,0,1.81311,1.81311,1.349123,8.863636363636363,8,1,0.3704,0,0.463987,0.463987,-1.349123,12.857142857142858,6,0.46,03/04/2003,3-1-4-2,0.54,3-1-4-2,03/04/2003
3,2024,28021,2025-05-03 13:30:00,136,117,RB Leipzig,Bayern Munich,BAY,RBL,1,1.5033,3,1.97214,1.97214,0.22309,16.5,11,1,1.2402,3,1.74905,1.74905,-0.22309,14.826086956521738,8,0.38,04/04/2002,04/04/2002,0.62,04/04/2002,04/04/2002
3,2024,28027,2025-05-03 13:30:00,130,120,Borussia Monchengladbach,Hoffenheim,HOF,BMG,1,1.3507,4,1.91093,1.91093,-0.0074,14.533333333333331,9,1,1.4116,4,1.91833,1.91833,0.0074,21.166666666666668,4,0.44,4-2-3-1,03/04/2003,0.56,03/04/2003,4-2-3-1
3,2024,28028,2025-05-03 13:30:00,240,123,Union Berlin,Werder Bremen,WER,UNI,1,1.3483,2,1.35783,1.35783,0.0044700000000001,15.0,9,1,1.3579,2,1.35336,1.35336,-0.0044700000000001,21.1875,2,0.41,03/05/2002,03/05/2002,0.6,03/05/2002,03/05/2002
3,2024,28029,2025-05-03 13:30:00,288,133,Saint Pauli,Stuttgart,STU,SPA,3,2.956,1,3.56335,2.70155,2.4883420000000003,7.714285714285714,18,0,0.0255999999999999,0,0.213208,0.213208,-2.4883420000000003,24.928571428571427,2,0.3,03/04/2003,4-2-3-1,0.7,4-2-3-1,03/04/2003
3,2024,28022,2025-05-03 16:30:00,129,131,Borussia Dortmund,Wolfsburg,WOL,DOR,0,0.6091,0,1.3634,1.3634,-1.18656,21.357142857142858,7,3,2.1976,4,2.54996,2.54996,1.18656,9.5,5,0.55,03/04/2003,03/05/2002,0.45,03/05/2002,03/04/2003
3,2024,28025,2025-05-04 13:30:00,121,287,Augsburg,Holstein Kiel,KIE,AUG,3,0.3835999999999999,3,2.10407,1.34629,-2.5837199999999996,9.833333333333334,4,0,2.483,1,3.93001,3.93001,2.5837199999999996,5.518518518518518,14,0.72,03/04/2003,3-4-1-2,0.28,3-4-1-2,03/04/2003
3,2024,28024,2025-05-04 15:30:00,135,119,Freiburg,Bayer Leverkusen,LEV,FRE,1,0.5954999999999999,2,0.227838,0.227838,-0.6766300000000001,4.76,6,1,2.04,2,0.904468,0.904468,0.6766300000000001,17.0,6,0.32,4-4-1-1,03/04/2003,0.68,03/04/2003,4-4-1-1
3,2024,28026,2025-05-04 17:30:00,125,132,Mainz,Eintracht Frankfurt,EIN,MAI,1,1.1511999999999998,1,1.3876,1.3876,-0.2549399999999999,16.61111111111111,2,1,1.5616,1,1.64254,1.64254,0.2549399999999999,8.166666666666666,4,0.65,03/04/2003,03/04/2003,0.35,03/04/2003,03/04/2003
3,2024,28035,2025-05-09 18:30:00,131,120,Wolfsburg,Hoffenheim,HOF,WOL,1,1.1267,2,1.10881,1.10881,-0.2588199999999998,16.375,7,1,1.5914,2,1.36763,1.36763,0.2588199999999998,17.5,6,0.55,03/05/2002,3-1-4-2,0.46,3-1-4-2,03/05/2002
3,2024,28034,2025-05-10 13:30:00,123,136,Werder Bremen,RB Leipzig,RBL,WER,1,0.4066,0,1.39403,1.39403,-1.81213,16.789473684210527,15,1,2.4544000000000006,0,3.20616,3.20616,1.81213,13.526315789473683,19,0.55,03/05/2002,04/04/2002,0.45,04/04/2002,03/05/2002
3,2024,28036,2025-05-10 13:30:00,240,280,Union Berlin,Heidenheim,HEI,UNI,3,2.4155,3,1.86184,1.86184,1.332955,17.5,7,0,0.4024999999999999,0,0.528885,0.528885,-1.332955,8.694444444444445,5,0.49,3-4-1-2,03/04/2003,0.51,03/04/2003,3-4-1-2
3,2024,28037,2025-05-10 13:30:00,268,125,Bochum,Mainz,MAI,BOC,3,2.5337,4,2.48765,2.48765,1.752678,11.071428571428571,10,0,0.3263,1,0.734972,0.734972,-1.752678,13.266666666666667,5,0.44,3-1-4-2,03/04/2003,0.56,03/04/2003,3-1-4-2
3,2024,28038,2025-05-10 13:30:00,287,135,Holstein Kiel,Freiburg,FRE,KIE,3,2.1807,2,2.01558,2.01558,1.041283,13.0,5,0,0.5946,1,0.974297,0.974297,-1.041283,11.4,8,0.6,3-4-1-2,4-4-1-1,0.4,4-4-1-1,3-4-1-2
3,2024,28032,2025-05-10 16:30:00,117,130,Bayern Munich,Borussia Monchengladbach,BMG,BAY,0,0.5546,0,1.35544,1.35544,-1.42763,28.46153846153846,3,3,2.2793,2,2.78307,2.78307,1.42763,13.421052631578949,17,0.63,4-2-3-1,4-1-4-1,0.37,4-1-4-1,4-2-3-1
3,2024,28030,2025-05-11 13:30:00,119,129,Bayer Leverkusen,Borussia Dortmund,DOR,LEV,3,1.0307000000000002,4,1.39477,1.39477,-0.50996,20.875,7,0,1.7198,2,1.90473,1.90473,0.50996,7.851851851851852,10,0.62,03/04/2003,03/04/2003,0.38,03/04/2003,03/04/2003
3,2024,28033,2025-05-11 15:30:00,132,288,Eintracht Frankfurt,Saint Pauli,SPA,EIN,1,0.4736,2,0.666882,0.666882,-1.153388,19.94736842105263,2,1,2.3057,2,1.82027,1.82027,1.153388,7.9375,15,0.73,03/04/2003,03/04/2003,0.27,03/04/2003,03/04/2003
3,2024,28031,2025-05-11 17:30:00,133,121,Stuttgart,Augsburg,AUG,STU,0,0.0022,0,0.381838,0.381838,-4.590492,26.428571428571427,0,3,2.9959,4,4.97233,4.97233,4.590492,6.333333333333333,19,0.71,4-2-3-1,03/04/2003,0.29,03/04/2003,4-2-3-1
3,2024,28039,2025-05-17 13:30:00,136,133,RB Leipzig,Stuttgart,STU,RBL,3,2.5163,3,3.34624,3.34624,1.92251,15.5625,8,0,0.3494,2,1.42373,1.42373,-1.92251,17.8,6,0.49,4-2-2-2,03/04/2003,0.51,03/04/2003,4-2-2-2
3,2024,28040,2025-05-17 13:30:00,129,287,Borussia Dortmund,Holstein Kiel,KIE,DOR,0,0.1625,0,0.574499,0.574499,-1.2284510000000002,50.0,4,3,2.7296,3,2.56073,1.80295,1.2284510000000002,4.4,15,0.74,03/04/2003,03/04/2003,0.26,03/04/2003,03/04/2003
3,2024,28041,2025-05-17 13:30:00,120,117,Hoffenheim,Bayern Munich,BAY,HOF,3,2.4917,4,2.21427,2.21427,1.5528719999999998,9.947368421052632,16,0,0.3479,0,0.661398,0.661398,-1.5528719999999998,13.818181818181818,5,0.33,03/04/2003,4-2-3-1,0.67,4-2-3-1,03/04/2003
3,2024,28042,2025-05-17 13:30:00,280,123,Heidenheim,Werder Bremen,WER,HEI,3,1.6926,4,2.20606,1.44828,-0.30878,13.75,11,0,1.0746000000000002,1,1.75706,1.75706,0.30878,16.823529411764707,5,0.51,03/04/2003,03/05/2002,0.49,03/05/2002,03/04/2003
3,2024,28043,2025-05-17 13:30:00,135,132,Freiburg,Eintracht Frankfurt,EIN,FRE,3,2.4753000000000003,3,2.61814,2.61814,1.47813,10.944444444444445,6,0,0.3651,1,1.14001,1.14001,-1.47813,8.222222222222221,6,0.6,4-4-1-1,03/04/2003,0.41,03/04/2003,4-4-1-1
3,2024,28044,2025-05-17 13:30:00,121,240,Augsburg,Union Berlin,UNI,AUG,3,0.9951,2,1.14135,1.14135,-0.4379699999999999,26.642857142857142,2,0,1.6709999999999998,1,1.57932,1.57932,0.4379699999999999,10.894736842105264,5,0.63,03/04/2003,03/04/2003,0.37,03/04/2003,03/04/2003
3,2024,28045,2025-05-17 13:30:00,125,119,Mainz,Bayer Leverkusen,LEV,MAI,1,0.4171,2,1.33572,0.577946,-1.563304,8.0,1,1,2.4244,2,2.89903,2.14125,1.563304,7.666666666666667,12,0.48,03/04/2003,03/04/2003,0.52,03/04/2003,03/04/2003
3,2024,28046,2025-05-17 13:30:00,130,131,Borussia Monchengladbach,Wolfsburg,WOL,BMG,3,2.0537,1,1.5757,1.5757,0.8311540000000001,29.272727272727273,11,0,0.7016,0,0.744546,0.744546,-0.8311540000000001,11.866666666666667,12,0.59,04/03/2003,04/03/2003,0.41,04/03/2003,04/03/2003
3,2024,28047,2025-05-17 13:30:00,288,268,Saint Pauli,Bochum,BOC,SPA,3,1.87,2,1.34252,1.34252,0.5397719999999999,18.235294117647054,4,0,0.8311,0,0.802748,0.802748,-0.5397719999999999,29.555555555555557,5,0.58,03/04/2003,03/05/2002,0.42,03/05/2002,03/04/2003
3,2025,30224,2025-08-22 18:30:00,117,136,Bayern Munich,RB Leipzig,RBL,BAY,0,0.1038,0,0.52226,0.52226,-2.7765899999999997,17.857142857142858,6,3,2.8446,6,3.29885,3.29885,2.7765899999999997,8.793103448275861,13,0.63,4-2-3-1,04/03/2003,0.37,04/03/2003,4-2-3-1
3,2025,30225,2025-08-23 13:30:00,280,131,Heidenheim,Wolfsburg,WOL,HEI,3,2.656,3,2.57718,1.8194,1.036244,11.65,5,0,0.2248,1,0.783156,0.783156,-1.036244,17.142857142857142,0,0.49,03/04/2003,4-2-3-1,0.51,4-2-3-1,03/04/2003
3,2025,30226,2025-08-23 13:30:00,119,120,Bayer Leverkusen,Hoffenheim,HOF,LEV,3,0.7795000000000001,2,0.505193,0.505193,-0.547337,15.782608695652174,6,0,1.8982,1,1.05253,1.05253,0.547337,15.133333333333333,3,0.6,03/04/2003,04/04/2002,0.4,04/04/2002,03/04/2003
3,2025,30227,2025-08-23 13:30:00,240,133,Union Berlin,Stuttgart,STU,UNI,0,2.325,1,1.80147,1.80147,1.272049,3.789473684210526,10,3,0.4692,2,0.529421,0.529421,-1.272049,18.19047619047619,1,0.25,05/03/2002,4-2-3-1,0.75,4-2-3-1,05/03/2002
3,2025,30228,2025-08-23 13:30:00,132,123,Eintracht Frankfurt,Werder Bremen,WER,EIN,0,0.094,1,0.587822,0.587822,-2.519018,18.0,8,3,2.8483,4,3.10684,3.10684,2.519018,8.8,8,0.53,4-2-3-1,4-2-3-1,0.47,4-2-3-1,4-2-3-1
3,2025,30229,2025-08-23 13:30:00,135,121,Freiburg,Augsburg,AUG,FRE,3,0.7063999999999999,3,1.30191,1.30191,-0.21286,8.181818181818182,3,0,2.0804,1,2.27247,1.51477,0.21286,7.105263157894737,6,0.61,4-2-3-1,03/04/2003,0.4,03/04/2003,4-2-3-1
3,2025,30230,2025-08-23 16:30:00,288,129,Saint Pauli,Borussia Dortmund,DOR,SPA,1,1.8885,3,2.10289,1.34512,0.6351810000000001,13.38888888888889,5,1,0.8520000000000001,3,1.46772,0.709939,-0.6351810000000001,15.043478260869565,8,0.51,3-4-1-2,3-4-1-2,0.49,3-4-1-2,3-4-1-2
3,2025,30231,2025-08-24 13:30:00,125,134,Mainz,Koln,COL,MAI,3,1.6486999999999998,1,1.64676,1.64676,0.3302099999999999,10.764705882352942,7,0,1.0928,0,1.31655,1.31655,-0.3302099999999999,13.133333333333333,12,0.51,03/04/2003,03/04/2003,0.49,03/04/2003,03/04/2003
3,2025,30232,2025-08-24 15:30:00,130,118,Borussia Monchengladbach,Hamburger SV,HAM,BMG,1,0.6288,0,0.285593,0.285593,-0.7315769999999999,16.68421052631579,4,1,2.0181,0,1.01717,1.01717,0.7315769999999999,9.0,6,0.61,4-2-3-1,03/04/2003,0.39,03/04/2003,4-2-3-1
3,2025,30233,2025-08-29 18:30:00,118,288,Hamburger SV,Saint Pauli,SPA,HAM,3,2.2539,2,1.85404,1.85404,1.11293,10.285714285714286,5,0,0.5217,0,0.74111,0.74111,-1.11293,17.0625,4,0.48,03/04/2003,3-4-1-2,0.52,3-4-1-2,03/04/2003
3,2025,30234,2025-08-30 13:30:00,120,132,Hoffenheim,Eintracht Frankfurt,EIN,HOF,3,1.8405,3,1.82087,1.82087,0.5390900000000001,19.357142857142858,5,0,0.9006000000000001,1,1.28178,1.28178,-0.5390900000000001,6.482758620689655,5,0.58,04/03/2003,4-2-3-1,0.42,4-2-3-1,04/03/2003
3,2025,30235,2025-08-30 13:30:00,136,280,RB Leipzig,Heidenheim,HEI,RBL,0,0.2071,0,0.969982,0.969982,-2.327188,18.176470588235293,4,3,2.7007000000000003,2,3.29717,3.29717,2.327188,6.333333333333333,10,0.66,04/03/2003,4-2-3-1,0.34,4-2-3-1,04/03/2003
3,2025,30236,2025-08-30 13:30:00,123,119,Werder Bremen,Bayer Leverkusen,LEV,WER,1,1.1542,3,2.03733,1.27955,-0.2894400000000001,16.41176470588235,7,1,1.5889000000000002,3,2.32676,1.56899,0.2894400000000001,18.55,10,0.45,4-2-3-1,4-2-3-1,0.56,4-2-3-1,4-2-3-1
3,2025,30237,2025-08-30 13:30:00,133,130,Stuttgart,Borussia Monchengladbach,BMG,STU,0,1.8911,0,1.60717,1.60717,0.682065,12.869565217391305,8,3,0.8582000000000001,1,0.925105,0.925105,-0.682065,15.9375,5,0.51,4-2-3-1,4-1-4-1,0.49,4-1-4-1,4-2-3-1
3,2025,30238,2025-08-30 16:30:00,121,117,Augsburg,Bayern Munich,BAY,AUG,3,2.8495,3,3.37523,3.37523,2.869202,7.451612903225806,16,0,0.0964,2,0.506028,0.506028,-2.869202,11.083333333333334,5,0.42,03/04/2003,4-2-3-1,0.58,4-2-3-1,03/04/2003
3,2025,30239,2025-08-31 13:30:00,131,125,Wolfsburg,Mainz,MAI,WOL,1,2.3599,1,1.81482,1.05704,0.4403789999999999,4.594594594594595,13,1,0.4398999999999999,1,0.616661,0.616661,-0.4403789999999999,15.0,1,0.4,4-2-3-1,03/04/2003,0.6,03/04/2003,4-2-3-1
3,2025,30240,2025-08-31 15:30:00,129,240,Borussia Dortmund,Union Berlin,UNI,DOR,0,0.7141000000000001,0,0.971167,0.971167,-0.854893,28.866666666666667,2,3,2.0443,3,1.82606,1.82606,0.854893,14.933333333333334,12,0.65,03/04/2003,05/03/2002,0.35,05/03/2002,03/04/2003
3,2025,30241,2025-08-31 17:30:00,134,135,Koln,Freiburg,FRE,COL,0,0.7156,1,0.933072,0.933072,-0.907608,15.846153846153848,7,3,2.0581,4,1.84068,1.84068,0.907608,24.142857142857142,8,0.39,4-2-3-1,4-2-3-1,0.62,4-2-3-1,4-2-3-1
3,2025,30242,2025-09-12 18:30:00,119,132,Bayer Leverkusen,Eintracht Frankfurt,EIN,LEV,0,0.3799,1,0.791863,0.791863,-0.765007,9.88888888888889,2,3,2.4535,3,2.31465,1.55687,0.765007,10.565217391304348,3,0.39,03/04/2003,4-2-3-1,0.61,4-2-3-1,03/04/2003
3,2025,30243,2025-09-13 13:30:00,135,133,Freiburg,Stuttgart,STU,FRE,0,0.4558999999999999,1,0.548804,0.548804,-0.3766210000000001,11.5625,4,3,2.3351,3,1.6832,0.925425,0.3766210000000001,16.0625,7,0.46,4-2-3-1,4-2-3-1,0.55,4-2-3-1,4-2-3-1
3,2025,30244,2025-09-13 13:30:00,280,129,Heidenheim,Borussia Dortmund,DOR,HEI,3,2.8449000000000004,2,2.84999,2.84999,2.550964,8.0,28,0,0.0942,0,0.299026,0.299026,-2.550964,23.615384615384617,1,0.25,4-2-3-1,03/04/2003,0.75,03/04/2003,4-2-3-1
3,2025,30245,2025-09-13 13:30:00,125,136,Mainz,RB Leipzig,RBL,MAI,3,1.9684,1,1.5009,1.5009,0.7306239999999999,11.944444444444445,6,0,0.7684,0,0.770276,0.770276,-0.7306239999999999,5.636363636363637,15,0.56,03/04/2003,4-2-3-1,0.44,4-2-3-1,03/04/2003
3,2025,30246,2025-09-13 13:30:00,131,134,Wolfsburg,Koln,COL,WOL,1,1.3296,3,1.72631,1.72631,-0.0720399999999998,14.444444444444445,5,1,1.3908,3,1.79835,1.79835,0.0720399999999998,11.375,3,0.56,4-2-3-1,05/03/2002,0.44,05/03/2002,4-2-3-1
3,2025,30247,2025-09-13 13:30:00,240,120,Union Berlin,Hoffenheim,HOF,UNI,3,1.5884999999999998,4,3.34084,1.82529,-1.2561099999999998,6.555555555555555,6,0,1.1766,2,3.0814,3.0814,1.2561099999999998,12.523809523809524,6,0.43,03/04/2003,4-2-3-1,0.58,4-2-3-1,03/04/2003
3,2025,30248,2025-09-13 16:30:00,117,118,Bayern Munich,Hamburger SV,HAM,BAY,0,0.1444,0,0.559174,0.559174,-1.7202259999999998,33.6,3,3,2.7799,5,3.03718,2.2794,1.7202259999999998,9.666666666666666,25,0.71,4-2-3-1,05/04/2001,0.3,05/04/2001,4-2-3-1
3,2025,30249,2025-09-14 13:30:00,288,121,Saint Pauli,Augsburg,AUG,SPA,0,0.4989,1,0.934223,0.934223,-0.1070769999999998,17.176470588235293,7,3,2.2773000000000003,2,1.95499,1.0413,0.1070769999999998,11.16,13,0.57,3-4-1-2,03/04/2003,0.43,03/04/2003,3-4-1-2
3,2025,30250,2025-09-14 15:30:00,130,123,Borussia Monchengladbach,Werder Bremen,WER,BMG,3,1.861,4,2.24671,1.48893,-0.1003899999999999,17.9375,7,0,0.9088,0,1.58932,1.58932,0.1003899999999999,8.0,16,0.55,4-2-3-1,4-2-3-1,0.45,4-2-3-1,4-2-3-1
3,2025,30251,2025-09-19 18:30:00,133,288,Stuttgart,Saint Pauli,SPA,STU,0,0.3414,0,1.05657,1.05657,-0.97394,13.916666666666666,4,3,2.5173000000000005,2,2.78829,2.03051,0.97394,11.863636363636363,9,0.54,4-2-3-1,3-4-1-2,0.46,3-4-1-2,4-2-3-1
3,2025,30252,2025-09-20 13:30:00,123,135,Werder Bremen,Freiburg,FRE,WER,3,2.2523,3,2.36315,1.60537,1.090579,16.55,7,0,0.5402,0,1.27257,0.514791,-1.090579,8.037037037037036,5,0.61,4-2-3-1,4-2-3-1,0.39,4-2-3-1,4-2-3-1
3,2025,30253,2025-09-20 13:30:00,121,125,Augsburg,Mainz,MAI,AUG,3,2.4926999999999997,4,2.57047,2.57047,1.7000189999999995,14.933333333333334,9,0,0.3615,1,0.870451,0.870451,-1.7000189999999995,4.133333333333334,6,0.61,03/04/2003,03/04/2003,0.39,03/04/2003,03/04/2003
3,2025,30254,2025-09-20 13:30:00,118,280,Hamburger SV,Heidenheim,HEI,HAM,0,0.9983,1,2.63607,2.63607,-0.6854999999999998,16.733333333333334,13,3,1.8149,2,3.32157,3.32157,0.6854999999999998,11.842105263157896,5,0.49,03/04/2003,4-3-2-1,0.51,4-3-2-1,03/04/2003
3,2025,30255,2025-09-20 13:30:00,120,117,Hoffenheim,Bayern Munich,BAY,HOF,3,2.5111,4,2.7142,1.19865,0.1614899999999999,11.352941176470589,2,0,0.3516999999999999,1,1.03716,1.03716,-0.1614899999999999,12.962962962962964,6,0.38,04/04/2002,4-2-3-1,0.62,4-2-3-1,04/04/2002
3,2025,30256,2025-09-20 16:30:00,136,134,RB Leipzig,Koln,COL,RBL,0,0.1588999999999999,1,1.39264,1.39264,-2.40327,22.916666666666668,9,3,2.7671,3,3.79591,3.79591,2.40327,21.384615384615383,11,0.47,4-2-3-1,04/03/2003,0.53,04/03/2003,4-2-3-1
3,2025,30257,2025-09-21 13:30:00,132,240,Eintracht Frankfurt,Union Berlin,UNI,EIN,3,1.7329,4,2.23419,2.23419,1.2361459999999995,27.571428571428573,5,0,1.0318,3,1.75582,0.998044,-1.2361459999999995,5.3125,15,0.78,04/03/2003,03/04/2003,0.22,03/04/2003,04/03/2003
3,2025,30258,2025-09-21 15:30:00,119,130,Bayer Leverkusen,Borussia Monchengladbach,BMG,LEV,1,0.8845,1,1.29876,1.29876,-0.64734,14.62962962962963,8,1,1.8709,1,1.9461,1.9461,0.64734,11.217391304347826,9,0.61,03/04/2003,03/04/2003,0.39,03/04/2003,03/04/2003
3,2025,30259,2025-09-21 17:30:00,129,131,Borussia Dortmund,Wolfsburg,WOL,DOR,0,1.1157,0,0.975457,0.975457,-0.272013,15.0,2,3,1.5438,1,1.24747,1.24747,0.272013,13.578947368421051,11,0.56,03/04/2003,4-2-3-1,0.44,4-2-3-1,03/04/2003
3,2025,30260,2025-09-26 18:30:00,117,123,Bayern Munich,Werder Bremen,WER,BAY,0,0.0133,0,0.298618,0.298618,-3.262192,39.888888888888886,4,3,2.9772999999999996,4,4.31859,3.56081,3.262192,8.4375,11,0.59,4-2-3-1,4-2-3-1,0.41,4-2-3-1,4-2-3-1
3,2025,30261,2025-09-27 13:30:00,280,121,Heidenheim,Augsburg,AUG,HEI,0,0.4907,1,0.619833,0.619833,-1.171137,7.916666666666667,5,3,2.2958,2,1.79097,1.79097,1.171137,9.407407407407408,8,0.48,04/03/2003,3-3-3-1,0.52,3-3-3-1,04/03/2003
3,2025,30262,2025-09-27 13:30:00,125,129,Mainz,Borussia Dortmund,DOR,MAI,3,2.426,2,1.75519,1.75519,1.230041,8.789473684210526,8,0,0.3764,0,0.525149,0.525149,-1.230041,8.12,1,0.49,03/04/2003,03/04/2003,0.51,03/04/2003,03/04/2003
3,2025,30263,2025-09-27 13:30:00,288,119,Saint Pauli,Bayer Leverkusen,LEV,SPA,3,1.8043,2,1.28912,1.28912,0.4757950000000001,19.0,3,0,0.9031,1,0.813325,0.813325,-0.4757950000000001,10.96774193548387,4,0.49,3-4-1-2,03/04/2003,0.51,03/04/2003,3-4-1-2
3,2025,30264,2025-09-27 13:30:00,131,136,Wolfsburg,RB Leipzig,RBL,WOL,3,1.3868,1,2.61107,1.85329,-0.74325,12.583333333333334,13,0,1.4057,0,2.59654,2.59654,0.74325,14.411764705882351,9,0.51,4-2-3-1,04/03/2003,0.49,04/03/2003,4-2-3-1
3,2025,30265,2025-09-27 16:30:00,130,132,Borussia Monchengladbach,Eintracht Frankfurt,EIN,BMG,3,2.3541,6,3.78879,3.78879,1.65944,11.0,11,0,0.4977,4,2.12935,2.12935,-1.65944,19.555555555555557,6,0.39,03/04/2003,04/05/2001,0.61,04/05/2001,03/04/2003
3,2025,30266,2025-09-28 13:30:00,135,120,Freiburg,Hoffenheim,HOF,FRE,1,2.202,1,2.24224,2.24224,0.98354,6.416666666666667,3,1,0.5484,1,1.2587,1.2587,-0.98354,16.133333333333333,0,0.43,4-2-3-1,4-2-3-1,0.58,4-2-3-1,4-2-3-1
3,2025,30267,2025-09-28 15:30:00,134,133,Koln,Stuttgart,STU,COL,3,2.2068,2,2.20939,1.45161,0.37189,10.80952380952381,11,0,0.5898,1,1.07972,1.07972,-0.37189,20.142857142857142,8,0.43,03/05/2002,4-2-3-1,0.57,4-2-3-1,03/05/2002
3,2025,30268,2025-09-28 17:30:00,240,118,Union Berlin,Hamburger SV,HAM,UNI,1,0.973,0,1.11274,1.11274,0.327776,9.5,11,1,1.7458,0,1.54274,0.784964,-0.327776,17.95,2,0.34,03/04/2003,03/04/2003,0.66,03/04/2003,03/04/2003
3,2025,30274,2025-10-03 18:30:00,120,134,Hoffenheim,Koln,COL,HOF,3,1.2927,1,1.30873,1.30873,-0.11498,19.923076923076923,3,0,1.4142,0,1.42371,1.42371,0.11498,7.173913043478261,5,0.61,4-2-3-1,03/04/2003,0.39,03/04/2003,4-2-3-1
3,2025,30269,2025-10-04 13:30:00,119,240,Bayer Leverkusen,Union Berlin,UNI,LEV,0,0.2254999999999999,0,1.19684,1.19684,-2.1598900000000003,25.095238095238095,4,3,2.6786,2,3.35673,3.35673,2.1598900000000003,6.363636363636363,7,0.74,03/04/2003,03/04/2003,0.26,03/04/2003,03/04/2003
3,2025,30271,2025-10-04 13:30:00,129,136,Borussia Dortmund,RB Leipzig,RBL,DOR,1,1.7703000000000002,1,1.14077,1.14077,0.472157,12.478260869565217,9,1,0.9081,1,0.668613,0.668613,-0.472157,12.37037037037037,9,0.5,03/04/2003,04/03/2003,0.5,04/03/2003,03/04/2003
3,2025,30276,2025-10-04 13:30:00,121,131,Augsburg,Wolfsburg,WOL,AUG,0,0.9862,1,1.22584,1.22584,-0.52742,12.133333333333333,9,3,1.7671,3,1.75326,1.75326,0.52742,12.6,3,0.47,03/04/2003,4-2-3-1,0.53,4-2-3-1,03/04/2003
3,2025,30277,2025-10-04 13:30:00,123,288,Werder Bremen,Saint Pauli,SPA,WER,0,0.7151000000000001,0,0.912425,0.912425,-0.867145,12.347826086956522,8,3,2.0473999999999997,1,1.77957,1.77957,0.867145,15.409090909090908,7,0.41,04/03/2003,3-4-1-2,0.59,3-4-1-2,04/03/2003
3,2025,30272,2025-10-04 16:30:00,132,117,Eintracht Frankfurt,Bayern Munich,BAY,EIN,3,2.5829,3,2.2301,2.2301,1.6699620000000002,14.65,7,0,0.2768,0,0.560138,0.560138,-1.6699620000000002,19.045454545454547,3,0.4,4-2-3-1,4-2-3-1,0.6,4-2-3-1,4-2-3-1
3,2025,30275,2025-10-05 13:30:00,133,280,Stuttgart,Heidenheim,HEI,STU,0,0.5984,0,0.290942,0.290942,-0.8168679999999999,17.88888888888889,2,3,2.0792,1,1.10781,1.10781,0.8168679999999999,9.0,4,0.64,4-2-3-1,4-1-4-1,0.36,4-1-4-1,4-2-3-1
3,2025,30273,2025-10-05 15:30:00,118,125,Hamburger SV,Mainz,MAI,HAM,0,0.5642,0,0.591161,0.591161,-1.067669,6.28,7,3,2.2081999999999997,4,1.65883,1.65883,1.067669,14.428571428571429,3,0.35,03/04/2003,03/04/2003,0.65,03/04/2003,03/04/2003
3,2025,30270,2025-10-05 17:30:00,130,135,Borussia Monchengladbach,Freiburg,FRE,BMG,1,1.4907,0,0.689073,0.689073,0.217889,15.263157894736842,3,1,1.0842,0,0.471184,0.471184,-0.217889,15.647058823529411,6,0.53,04/04/2002,4-2-3-1,0.47,4-2-3-1,04/04/2002
3,2025,30285,2025-10-17 18:30:00,240,130,Union Berlin,Borussia Monchengladbach,BMG,UNI,0,0.6718999999999999,1,0.628848,0.628848,-0.901472,6.764705882352941,9,3,2.0791999999999997,3,1.53032,1.53032,0.901472,10.821428571428571,8,0.37,03/04/2003,04/04/2002,0.63,04/04/2002,03/04/2003
3,2025,30279,2025-10-18 13:30:00,134,121,Koln,Augsburg,AUG,COL,1,2.0157,1,1.11917,0.361389,-0.162465,9.346153846153848,2,1,0.6807,1,0.523854,0.523854,0.162465,7.714285714285714,2,0.56,03/04/2003,03/04/2003,0.44,03/04/2003,03/04/2003
3,2025,30281,2025-10-18 13:30:00,280,123,Heidenheim,Werder Bremen,WER,HEI,1,0.6716,2,1.85638,1.85638,-1.2199700000000002,21.333333333333332,7,1,2.1434,2,3.07635,3.07635,1.2199700000000002,9.142857142857142,13,0.55,04/04/2002,04/03/2003,0.45,04/03/2003,04/04/2002
3,2025,30282,2025-10-18 13:30:00,125,119,Mainz,Bayer Leverkusen,LEV,MAI,3,2.768,4,4.43462,3.67685,2.804847,10.823529411764708,15,0,0.1667,3,1.62978,0.872003,-2.804847,10.870967741935484,10,0.42,03/04/2003,03/04/2003,0.58,03/04/2003,03/04/2003
3,2025,30283,2025-10-18 13:30:00,136,118,RB Leipzig,Hamburger SV,HAM,RBL,0,1.4493,1,1.29355,1.29355,0.13744,13.181818181818182,7,3,1.251,2,1.15611,1.15611,-0.13744,21.466666666666665,5,0.47,04/03/2003,03/04/2003,0.53,03/04/2003,04/03/2003
3,2025,30286,2025-10-18 13:30:00,131,133,Wolfsburg,Stuttgart,STU,WOL,3,2.6953,3,2.39474,2.39474,2.001855,14.5,11,0,0.1993,0,0.392885,0.392885,-2.001855,16.5,5,0.41,4-2-3-1,03/04/2003,0.59,03/04/2003,4-2-3-1
3,2025,30278,2025-10-18 16:30:00,117,129,Bayern Munich,Borussia Dortmund,DOR,BAY,0,0.4388999999999999,1,1.41011,1.41011,-1.40983,12.666666666666666,5,3,2.3808,2,2.81994,2.81994,1.40983,8.380952380952381,8,0.61,4-2-3-1,03/04/2003,0.39,03/04/2003,4-2-3-1
3,2025,30280,2025-10-19 13:30:00,135,132,Freiburg,Eintracht Frankfurt,EIN,FRE,1,1.0356,2,0.772638,0.772638,-0.3563219999999999,7.108108108108108,4,1,1.6557,2,1.12896,1.12896,0.3563219999999999,13.944444444444445,7,0.52,4-2-3-1,4-1-4-1,0.48,4-1-4-1,4-2-3-1
3,2025,30284,2025-10-19 15:30:00,288,120,Saint Pauli,Hoffenheim,HOF,SPA,3,2.0873,3,1.79103,1.79103,0.919062,9.045454545454543,8,0,0.6527,0,0.871968,0.871968,-0.919062,14.285714285714286,6,0.49,3-4-1-2,04/04/2002,0.51,04/04/2002,3-4-1-2
3,2025,30295,2025-10-24 18:30:00,123,240,Werder Bremen,Union Berlin,UNI,WER,0,0.7382,0,0.487613,0.487613,-0.656787,14.478260869565217,4,3,1.9568,1,1.1444,1.1444,0.656787,14.384615384615383,2,0.58,4-2-3-1,03/04/2003,0.43,03/04/2003,4-2-3-1
3,2025,30287,2025-10-25 13:30:00,121,136,Augsburg,RB Leipzig,RBL,AUG,3,2.6515,6,2.69438,2.69438,2.0551980000000003,18.3125,9,0,0.2425,0,0.639182,0.639182,-2.0551980000000003,15.8,3,0.49,03/04/2003,04/03/2003,0.51,04/03/2003,03/04/2003
3,2025,30289,2025-10-25 13:30:00,130,117,Borussia Monchengladbach,Bayern Munich,BAY,BMG,3,2.6369,3,2.65026,2.65026,2.65026,6.785714285714286,23,0,0.2279,0,0.757777,0.0,-2.65026,28.3,1,0.17,05/04/2001,4-2-3-1,0.83,4-2-3-1,05/04/2001
3,2025,30291,2025-10-25 13:30:00,132,288,Eintracht Frankfurt,Saint Pauli,SPA,EIN,0,0.1751,0,0.519973,0.519973,-1.906347,26.2,4,3,2.7251000000000003,2,2.42632,2.42632,1.906347,17.125,9,0.51,3-1-4-2,03/04/2003,0.49,03/04/2003,3-1-4-2
3,2025,30292,2025-10-25 13:30:00,118,131,Hamburger SV,Wolfsburg,WOL,HAM,3,0.2454,1,0.695528,0.695528,-0.879792,13.0,5,0,2.6124,0,2.40547,1.57532,0.879792,10.61111111111111,8,0.61,03/04/2003,4-2-3-1,0.39,4-2-3-1,03/04/2003
3,2025,30293,2025-10-25 13:30:00,120,280,Hoffenheim,Heidenheim,HEI,HOF,0,0.3959,1,0.902315,0.902315,-1.525485,17.526315789473685,4,3,2.4494,3,2.4278,2.4278,1.525485,6.714285714285714,8,0.6,04/04/2002,03/04/2003,0.41,03/04/2003,04/04/2002
3,2025,30290,2025-10-25 16:30:00,129,134,Borussia Dortmund,Koln,COL,DOR,0,0.4570999999999999,0,0.70563,0.70563,-1.38562,35.666666666666664,1,3,2.3486,1,2.09125,2.09125,1.38562,8.3,17,0.7,03/04/2003,03/04/2003,0.3,03/04/2003,03/04/2003
3,2025,30288,2025-10-26 13:30:00,119,135,Bayer Leverkusen,Freiburg,FRE,LEV,0,0.2217,0,0.542897,0.542897,-1.924973,28.6,4,3,2.6694000000000004,2,2.46787,2.46787,1.924973,10.77777777777778,7,0.69,03/04/2003,4-2-3-1,0.31,4-2-3-1,03/04/2003
3,2025,30294,2025-10-26 15:30:00,133,125,Stuttgart,Mainz,MAI,STU,0,1.1705,1,1.40956,0.651781,-1.016269,13.22222222222222,4,3,1.5463999999999998,2,1.66805,1.66805,1.016269,10.5,5,0.59,03/04/2003,03/04/2003,0.41,03/04/2003,03/04/2003
3,2025,30296,2025-10-31 19:30:00,121,129,Augsburg,Borussia Dortmund,DOR,AUG,3,0.9021,1,0.588196,0.588196,-0.3813049999999999,9.652173913043478,6,0,1.7331,0,0.969501,0.969501,0.3813049999999999,8.655172413793103,3,0.47,05/04/2001,03/04/2003,0.53,03/04/2003,05/04/2001
3,2025,30299,2025-11-01 14:30:00,280,132,Heidenheim,Eintracht Frankfurt,EIN,HEI,1,1.6469,1,1.22406,1.22406,0.3921779999999999,7.052631578947368,12,1,1.0316,1,0.831882,0.831882,-0.3921779999999999,21.0,2,0.28,04/04/2002,3-4-1-2,0.72,3-4-1-2,04/04/2002
3,2025,30300,2025-11-01 14:30:00,125,123,Mainz,Werder Bremen,WER,MAI,1,0.5960000000000001,1,0.880505,0.880505,-1.021105,10.9375,9,1,2.1866,1,1.90161,1.90161,1.021105,7.90625,7,0.47,03/04/2003,4-2-3-1,0.53,4-2-3-1,03/04/2003
3,2025,30301,2025-11-01 14:30:00,136,133,RB Leipzig,Stuttgart,STU,RBL,0,0.8821,1,1.0701,1.0701,-0.6646099999999999,8.88888888888889,10,3,1.8718,3,1.73471,1.73471,0.6646099999999999,31.8,9,0.42,04/03/2003,3-4-1-2,0.58,3-4-1-2,04/03/2003
3,2025,30302,2025-11-01 14:30:00,288,130,Saint Pauli,Borussia Monchengladbach,BMG,SPA,3,2.8438,4,3.6262,3.6262,2.8218059999999996,23.142857142857142,6,0,0.1048,0,0.804394,0.804394,-2.8218059999999996,15.863636363636363,6,0.56,03/04/2003,03/04/2003,0.44,03/04/2003,03/04/2003
3,2025,30303,2025-11-01 14:30:00,240,135,Union Berlin,Freiburg,FRE,UNI,1,1.2083,0,1.16519,1.16519,-0.18323,9.153846153846152,4,1,1.5017,0,1.34842,1.34842,0.18323,10.62962962962963,4,0.37,03/04/2003,4-2-3-1,0.63,4-2-3-1,03/04/2003
3,2025,30297,2025-11-01 17:30:00,117,119,Bayern Munich,Bayer Leverkusen,LEV,BAY,0,0.211,0,0.382774,0.382774,-1.900176,28.7,5,3,2.6761,3,2.28295,2.28295,1.900176,9.53125,11,0.59,4-2-3-1,05/04/2001,0.41,05/04/2001,4-2-3-1
3,2025,30298,2025-11-02 14:30:00,134,118,Koln,Hamburger SV,HAM,COL,0,0.1644999999999999,1,1.19296,1.19296,-2.6807999999999996,15.933333333333334,4,3,2.7673,4,3.87376,3.87376,2.6807999999999996,14.473684210526317,10,0.48,3-4-1-2,03/04/2003,0.52,03/04/2003,3-4-1-2
3,2025,30304,2025-11-02 16:30:00,131,120,Wolfsburg,Hoffenheim,HOF,WOL,3,1.6327,3,1.74291,1.74291,0.3417399999999999,8.92,6,0,1.1059,2,1.40117,1.40117,-0.3417399999999999,14.0,2,0.48,4-2-3-1,3-5-1-1,0.52,3-5-1-1,4-2-3-1
3,2025,30313,2025-11-07 19:30:00,123,131,Werder Bremen,Wolfsburg,WOL,WER,0,0.6103000000000001,1,0.676326,0.676326,-1.018234,15.625,5,3,2.1487000000000003,2,1.69456,1.69456,1.018234,10.85,8,0.6,4-2-3-1,4-2-3-1,0.4,4-2-3-1,4-2-3-1
3,2025,30305,2025-11-08 14:30:00,119,280,Bayer Leverkusen,Heidenheim,HEI,LEV,0,0.0031,0,0.063377,0.063377,-3.838043,41.5,1,3,2.9938,6,3.90142,3.90142,3.838043,15.133333333333333,10,0.74,03/04/2003,4-3-2-1,0.26,4-3-2-1,03/04/2003
3,2025,30309,2025-11-08 14:30:00,118,129,Hamburger SV,Borussia Dortmund,DOR,HAM,1,2.2237,1,1.42582,1.42582,1.005942,8.448275862068966,9,1,0.5278,1,0.419878,0.419878,-1.005942,14.72222222222222,3,0.45,03/04/2003,03/04/2003,0.55,03/04/2003,03/04/2003
3,2025,30310,2025-11-08 14:30:00,120,136,Hoffenheim,RB Leipzig,RBL,HOF,0,1.101,1,1.56187,1.56187,-0.3616199999999998,11.571428571428571,8,3,1.6347,3,1.92349,1.92349,0.3616199999999998,8.151515151515152,5,0.49,3-5-1-1,04/03/2003,0.51,04/03/2003,3-5-1-1
3,2025,30312,2025-11-08 14:30:00,240,117,Union Berlin,Bayern Munich,BAY,UNI,1,1.5860999999999998,2,1.34246,1.34246,0.31468,13.333333333333334,11,1,1.1133,2,1.02778,1.02778,-0.31468,23.526315789473685,6,0.27,03/05/2002,4-2-3-1,0.74,4-2-3-1,03/05/2002
3,2025,30306,2025-11-08 17:30:00,130,134,Borussia Monchengladbach,Koln,COL,BMG,0,1.1297,1,2.15818,1.4004,0.453895,9.818181818181818,9,3,1.6148,3,2.46206,0.946505,-0.453895,25.785714285714285,11,0.36,05/03/2002,03/05/2002,0.64,03/05/2002,05/03/2002
3,2025,30308,2025-11-09 14:30:00,135,288,Freiburg,Saint Pauli,SPA,FRE,0,0.5124,1,0.640748,0.640748,-1.024832,20.210526315789473,3,3,2.2542,2,1.66558,1.66558,1.024832,12.411764705882351,5,0.6,4-2-3-1,03/04/2003,0.4,03/04/2003,4-2-3-1
3,2025,30311,2025-11-09 16:30:00,133,121,Stuttgart,Augsburg,AUG,STU,0,0.9911,2,1.90345,1.90345,0.21597,13.375,1,3,1.7720000000000002,3,2.44526,1.68748,-0.21597,6.72,12,0.62,4-2-3-1,03/04/2003,0.38,03/04/2003,4-2-3-1
3,2025,30307,2025-11-09 18:30:00,132,125,Eintracht Frankfurt,Mainz,MAI,EIN,0,0.1895,0,0.121469,0.121469,-1.657071,9.571428571428571,3,3,2.669,1,1.77854,1.77854,1.657071,10.857142857142858,5,0.55,4-2-3-1,03/04/2003,0.45,03/04/2003,4-2-3-1
3,2025,30319,2025-11-21 19:30:00,125,120,Mainz,Hoffenheim,HOF,MAI,1,0.5543,1,1.54404,1.54404,-1.3430799999999998,9.210526315789474,18,1,2.2832,1,2.88712,2.88712,1.3430799999999998,10.75,10,0.46,03/04/2003,04/04/2002,0.54,04/04/2002,03/04/2003
3,2025,30314,2025-11-22 14:30:00,121,118,Augsburg,Hamburger SV,HAM,AUG,0,1.2995,0,1.555,1.555,-0.06397,20.90909090909091,4,3,1.4147,1,1.61897,1.61897,0.06397,13.26086956521739,7,0.48,03/04/2003,03/04/2003,0.52,03/04/2003,03/04/2003
3,2025,30315,2025-11-22 14:30:00,117,135,Bayern Munich,Freiburg,FRE,BAY,0,0.1347,2,0.516966,0.516966,-2.621614,14.0,2,3,2.7987,6,3.13858,3.13858,2.621614,9.31578947368421,15,0.72,4-2-3-1,4-2-3-1,0.28,4-2-3-1,4-2-3-1
3,2025,30316,2025-11-22 14:30:00,129,133,Borussia Dortmund,Stuttgart,STU,DOR,1,0.5123,3,1.80942,1.80942,-0.5840400000000001,10.590909090909092,6,1,2.3177,3,3.15124,2.39346,0.5840400000000001,13.090909090909092,11,0.46,03/04/2003,4-2-3-1,0.54,4-2-3-1,03/04/2003
3,2025,30318,2025-11-22 14:30:00,280,130,Heidenheim,Borussia Monchengladbach,BMG,HEI,3,2.8589,3,2.79666,2.03889,1.6756829999999998,16.2,17,0,0.0884,0,0.363207,0.363207,-1.6756829999999998,21.8,4,0.49,4-1-4-1,04/04/2002,0.51,04/04/2002,4-1-4-1
3,2025,30322,2025-11-22 14:30:00,131,119,Wolfsburg,Bayer Leverkusen,LEV,WOL,3,1.0338,3,1.58644,1.58644,-0.4933499999999999,14.125,10,0,1.7184,1,2.07979,2.07979,0.4933499999999999,14.78125,6,0.38,4-2-3-1,03/04/2003,0.62,03/04/2003,4-2-3-1
3,2025,30317,2025-11-22 17:30:00,134,132,Koln,Eintracht Frankfurt,EIN,COL,3,2.1349,4,2.44506,2.44506,1.0558299999999998,20.2,6,0,0.6598,3,1.38923,1.38923,-1.0558299999999998,16.083333333333332,6,0.46,04/03/2003,4-1-4-1,0.54,4-1-4-1,04/03/2003
3,2025,30320,2025-11-23 14:30:00,136,123,RB Leipzig,Werder Bremen,WER,RBL,0,0.3312,0,0.774872,0.774872,-1.653468,15.36842105263158,8,3,2.5254000000000003,2,2.42834,2.42834,1.653468,22.0,15,0.52,04/03/2003,4-2-3-1,0.48,4-2-3-1,04/03/2003
3,2025,30321,2025-11-23 16:30:00,288,240,Saint Pauli,Union Berlin,UNI,SPA,3,1.0745,1,0.398431,0.398431,-0.170286,18.6875,1,0,1.4537,0,0.568717,0.568717,0.170286,10.192307692307692,9,0.59,03/05/2002,03/04/2003,0.41,03/04/2003,03/05/2002
3,2025,30325,2025-11-28 19:30:00,130,136,Borussia Monchengladbach,RB Leipzig,RBL,BMG,1,1.9668,0,1.09232,1.09232,0.703437,11.19047619047619,8,1,0.7044,0,0.388883,0.388883,-0.703437,29.0,4,0.41,04/04/2002,04/03/2003,0.59,04/03/2003,04/04/2002
3,2025,30324,2025-11-29 14:30:00,117,288,Bayern Munich,Saint Pauli,SPA,BAY,0,0.3145,1,0.74073,0.74073,-1.7986899999999997,47.09090909090909,3,3,2.5492,3,2.53942,2.53942,1.7986899999999997,9.8,15,0.81,4-2-3-1,05/04/2001,0.2,05/04/2001,4-2-3-1
3,2025,30329,2025-11-29 14:30:00,120,121,Hoffenheim,Augsburg,AUG,HOF,0,0.5428,0,0.655496,0.655496,-1.140624,16.94736842105263,5,3,2.245,3,1.79612,1.79612,1.140624,6.896551724137931,11,0.6,04/04/2002,03/04/2003,0.4,03/04/2003,04/04/2002
3,2025,30330,2025-11-29 14:30:00,240,280,Union Berlin,Heidenheim,HEI,UNI,3,0.9129,2,0.522102,0.522102,-0.420821,9.210526315789474,5,0,1.7388,1,0.942923,0.942923,0.420821,13.142857142857142,6,0.43,03/04/2003,03/04/2003,0.57,03/04/2003,03/04/2003
3,2025,30331,2025-11-29 14:30:00,123,134,Werder Bremen,Koln,COL,WER,1,1.0934,1,1.1848,1.1848,-0.3518799999999999,12.26086956521739,4,1,1.631,1,1.53668,1.53668,0.3518799999999999,19.625,7,0.49,4-2-3-1,03/04/2003,0.51,03/04/2003,4-2-3-1
3,2025,30323,2025-11-29 17:30:00,119,129,Bayer Leverkusen,Borussia Dortmund,DOR,LEV,3,1.4054000000000002,2,1.1562,1.1562,0.0733299999999999,18.666666666666668,3,0,1.2893,1,1.08287,1.08287,-0.0733299999999999,21.444444444444443,6,0.63,03/04/2003,03/04/2003,0.37,03/04/2003,03/04/2003
3,2025,30328,2025-11-30 14:30:00,118,133,Hamburger SV,Stuttgart,STU,HAM,0,1.2557,1,1.10868,1.10868,-0.1048899999999999,5.615384615384615,5,3,1.4315,2,1.21357,1.21357,0.1048899999999999,13.61904761904762,4,0.34,03/04/2003,03/04/2003,0.66,03/04/2003,03/04/2003
3,2025,30326,2025-11-30 16:30:00,132,131,Eintracht Frankfurt,Wolfsburg,WOL,EIN,1,1.2986,1,1.60645,1.60645,0.7037129999999999,17.6,5,1,1.424,1,1.66051,0.902737,-0.7037129999999999,15.2,14,0.54,4-2-3-1,4-2-3-1,0.46,4-2-3-1,4-2-3-1
3,2025,30327,2025-11-30 18:30:00,135,125,Freiburg,Mainz,MAI,FRE,0,0.0014,0,0.0500621,0.0500621,-4.1067079,23.473684210526315,3,3,2.9972,4,4.15677,4.15677,4.1067079,4.8076923076923075,16,0.75,4-4-1-1,03/04/2003,0.25,03/04/2003,4-4-1-1
3,2025,30339,2025-12-05 19:30:00,125,130,Mainz,Borussia Monchengladbach,BMG,MAI,3,1.9901,1,1.90297,1.90297,0.80966,19.375,5,0,0.7655000000000001,0,1.09331,1.09331,-0.80966,8.5,10,0.55,03/05/2002,03/04/2003,0.45,03/04/2003,03/05/2002
3,2025,30332,2025-12-06 14:30:00,133,117,Stuttgart,Bayern Munich,BAY,STU,3,2.9165,5,4.07867,3.32089,2.591577,12.947368421052632,13,0,0.0548,0,0.729313,0.729313,-2.591577,24.333333333333332,6,0.41,4-2-3-1,4-2-3-1,0.59,4-2-3-1,4-2-3-1
3,2025,30333,2025-12-06 14:30:00,131,240,Wolfsburg,Union Berlin,UNI,WOL,0,2.2249,1,2.01932,1.26154,0.3316040000000001,12.61111111111111,11,3,0.5437000000000001,3,0.929936,0.929936,-0.3316040000000001,13.882352941176473,2,0.43,4-2-3-1,05/03/2002,0.57,05/03/2002,4-2-3-1
3,2025,30334,2025-12-06 14:30:00,121,119,Augsburg,Bayer Leverkusen,LEV,AUG,0,0.9011,0,1.41889,1.41889,-0.7221300000000002,10.36842105263158,13,3,1.8827,2,2.14102,2.14102,0.7221300000000002,29.46153846153846,6,0.32,03/04/2003,03/04/2003,0.68,03/04/2003,03/04/2003
3,2025,30336,2025-12-06 14:30:00,134,288,Koln,Saint Pauli,SPA,COL,1,0.1052,1,0.143945,0.143945,-1.760145,33.083333333333336,2,1,2.8178,1,1.90409,1.90409,1.760145,20.727272727272727,1,0.58,03/04/2003,05/04/2001,0.42,05/04/2001,03/04/2003
3,2025,30338,2025-12-06 14:30:00,280,135,Heidenheim,Freiburg,FRE,HEI,0,0.303,1,0.800321,0.800321,-1.865599,8.705882352941176,9,3,2.5746,2,2.66592,2.66592,1.865599,18.214285714285715,10,0.38,3-1-4-2,4-2-3-1,0.62,4-2-3-1,3-1-4-2
3,2025,30340,2025-12-06 17:30:00,136,132,RB Leipzig,Eintracht Frankfurt,EIN,RBL,0,0.0298,0,0.473289,0.473289,-2.410761,7.914285714285715,7,3,2.95,6,3.64182,2.88405,2.410761,13.75,7,0.52,04/03/2003,03/04/2003,0.48,03/04/2003,04/03/2003
3,2025,30337,2025-12-07 14:30:00,118,123,Hamburger SV,Werder Bremen,WER,HAM,0,1.0477,2,1.17349,1.17349,-0.40364,10.6,3,3,1.6753,3,1.57713,1.57713,0.40364,10.904761904761903,8,0.54,03/04/2003,4-2-3-1,0.46,4-2-3-1,03/04/2003
3,2025,30335,2025-12-07 16:30:00,129,120,Borussia Dortmund,Hoffenheim,HOF,DOR,0,1.6403,0,1.42364,1.42364,0.32217,8.428571428571429,4,3,1.0451,2,1.10147,1.10147,-0.32217,17.05263157894737,7,0.43,03/04/2003,04/04/2002,0.57,04/04/2002,03/04/2003
3,2025,30348,2025-12-12 19:30:00,240,136,Union Berlin,RB Leipzig,RBL,UNI,0,0.5551,1,0.495677,0.495677,-0.980923,8.555555555555555,0,3,2.1982,3,1.4766,1.4766,0.980923,16.636363636363637,6,0.37,03/04/2003,04/03/2003,0.64,04/03/2003,03/04/2003
3,2025,30343,2025-12-13 14:30:00,130,131,Borussia Monchengladbach,Wolfsburg,WOL,BMG,3,2.7025,3,2.72142,2.72142,2.1010020000000003,12.807692307692308,3,0,0.1996,1,0.620418,0.620418,-2.1010020000000003,18.466666666666665,6,0.58,03/04/2003,4-2-3-1,0.42,4-2-3-1,03/04/2003
3,2025,30344,2025-12-13 14:30:00,132,121,Eintracht Frankfurt,Augsburg,AUG,EIN,0,0.6605,0,0.655733,0.655733,-0.864507,26.545454545454547,8,3,2.0864,1,1.52024,1.52024,0.864507,9.178571428571429,4,0.51,4-2-3-1,03/04/2003,0.49,03/04/2003,4-2-3-1
3,2025,30346,2025-12-13 14:30:00,120,118,Hoffenheim,Hamburger SV,HAM,HOF,0,0.6091,1,1.40522,0.647439,-1.840621,19.625,4,3,2.1811,4,2.48806,2.48806,1.840621,6.5,13,0.59,04/04/2002,03/04/2003,0.41,03/04/2003,04/04/2002
3,2025,30347,2025-12-13 14:30:00,288,280,Saint Pauli,Heidenheim,HEI,SPA,0,2.0893,1,1.8944,1.8944,0.8940300000000001,8.294117647058824,14,3,0.6748000000000001,2,1.00037,1.00037,-0.8940300000000001,58.4,8,0.36,03/04/2003,03/04/2003,0.64,03/04/2003,03/04/2003
3,2025,30341,2025-12-13 17:30:00,119,134,Bayer Leverkusen,Koln,COL,LEV,0,0.2469,0,0.436565,0.436565,-1.858435,24.90909090909091,4,3,2.6169,2,2.295,2.295,1.858435,11.65,5,0.61,03/04/2003,03/04/2003,0.39,03/04/2003,03/04/2003
3,2025,30345,2025-12-14 14:30:00,135,129,Freiburg,Borussia Dortmund,DOR,FRE,1,1.7021000000000002,1,1.47427,1.47427,0.36806,25.6,5,1,1.0289,1,1.10621,1.10621,-0.36806,9.363636363636363,8,0.57,4-2-3-1,03/04/2003,0.43,03/04/2003,4-2-3-1
3,2025,30342,2025-12-14 16:30:00,117,125,Bayern Munich,Mainz,MAI,BAY,1,0.0269,2,0.803171,0.803171,-3.1186190000000003,44.45454545454545,2,1,2.9560999999999997,2,4.67956,3.92179,3.1186190000000003,6.416666666666667,12,0.85,4-2-3-1,05/04/2001,0.15,05/04/2001,4-2-3-1
3,2025,30349,2025-12-14 18:30:00,123,133,Werder Bremen,Stuttgart,STU,WER,3,2.3605,4,2.05209,2.05209,1.444192,6.862068965517241,13,0,0.4524999999999999,0,0.607898,0.607898,-1.444192,14.095238095238097,8,0.37,4-2-3-1,03/04/2003,0.63,03/04/2003,4-2-3-1
3,2025,30351,2025-12-19 19:30:00,129,130,Borussia Dortmund,Borussia Monchengladbach,BMG,DOR,0,0.2744,0,0.221237,0.221237,-1.432703,11.666666666666666,11,3,2.5568,2,1.65394,1.65394,1.432703,10.423076923076923,13,0.57,03/04/2003,03/04/2003,0.43,03/04/2003,03/04/2003
3,2025,30350,2025-12-20 14:30:00,121,123,Augsburg,Werder Bremen,WER,AUG,1,0.8624,0,0.90686,0.90686,-0.58725,8.37037037037037,7,1,1.8515,0,1.49411,1.49411,0.58725,21.636363636363637,4,0.53,03/04/2003,03/05/2002,0.47,03/05/2002,03/04/2003
3,2025,30352,2025-12-20 14:30:00,134,240,Koln,Union Berlin,UNI,COL,3,2.05,1,1.4739,1.4739,0.796798,33.18181818181818,3,0,0.6924999999999999,0,0.677102,0.677102,-0.796798,13.846153846153848,5,0.62,4-2-3-1,03/04/2003,0.38,03/04/2003,4-2-3-1
3,2025,30353,2025-12-20 14:30:00,118,132,Hamburger SV,Eintracht Frankfurt,EIN,HAM,1,1.294,1,1.09137,1.09137,-0.0063200000000001,9.833333333333334,8,1,1.3564000000000005,1,1.09769,1.09769,0.0063200000000001,13.565217391304348,5,0.41,04/03/2003,03/04/2003,0.59,03/04/2003,04/03/2003
3,2025,30357,2025-12-20 14:30:00,133,120,Stuttgart,Hoffenheim,HOF,STU,1,0.2442,0,0.154175,0.154175,-1.306985,8.333333333333334,6,1,2.5815,0,1.46116,1.46116,1.306985,8.652173913043478,1,0.47,4-2-3-1,4-2-2-2,0.53,4-2-2-2,4-2-3-1
3,2025,30358,2025-12-20 14:30:00,131,135,Wolfsburg,Freiburg,FRE,WOL,3,2.3678,4,2.65964,1.90186,0.5960300000000001,19.733333333333334,7,0,0.4559,3,1.30583,1.30583,-0.5960300000000001,11.210526315789474,7,0.56,4-2-3-1,4-2-3-1,0.44,4-2-3-1,4-2-3-1
3,2025,30356,2025-12-20 17:30:00,136,119,RB Leipzig,Bayer Leverkusen,LEV,RBL,3,1.8913,3,2.70478,2.70478,0.76549,18.066666666666663,10,0,0.8995,1,1.93929,1.93929,-0.76549,16.82608695652174,7,0.44,04/03/2003,03/04/2003,0.57,03/04/2003,04/03/2003
3,2025,30355,2025-12-21 14:30:00,125,288,Mainz,Saint Pauli,SPA,MAI,1,0.2102,0,0.227249,0.227249,-1.646431,17.53846153846154,3,1,2.6563999999999997,0,1.87368,1.87368,1.646431,15.384615384615383,4,0.53,05/03/2002,3-4-1-2,0.47,3-4-1-2,05/03/2002
3,2025,30354,2025-12-21 16:30:00,280,117,Heidenheim,Bayern Munich,BAY,HEI,3,2.52,4,3.36795,3.36795,1.88037,11.5,16,0,0.3459,0,1.48758,1.48758,-1.88037,44.3,6,0.26,05/03/2002,4-2-3-1,0.74,4-2-3-1,05/03/2002
3,2025,30362,2026-01-09 19:30:00,132,129,Eintracht Frankfurt,Borussia Dortmund,DOR,EIN,1,1.8264,3,2.29827,2.29827,1.391782,11.941176470588236,9,1,0.9414,3,1.66426,0.906488,-1.391782,12.636363636363637,6,0.4,03/04/2003,03/04/2003,0.6,03/04/2003,03/04/2003
3,2025,30363,2026-01-10 14:30:00,135,118,Freiburg,Hamburger SV,HAM,FRE,0,0.2006,1,0.850812,0.850812,-1.326588,29.555555555555557,2,3,2.7062,2,2.93517,2.1774,1.326588,9.272727272727272,6,0.6,4-2-3-1,03/04/2003,0.4,03/04/2003,4-2-3-1
3,2025,30364,2026-01-10 14:30:00,280,134,Heidenheim,Koln,COL,HEI,1,1.7866000000000002,2,2.75624,2.75624,0.60989,36.125,7,1,0.9955,2,2.14635,2.14635,-0.60989,12.9375,2,0.55,4-3-2-1,03/04/2003,0.45,03/04/2003,4-3-2-1
3,2025,30366,2026-01-10 14:30:00,240,125,Union Berlin,Mainz,MAI,UNI,1,0.2811,2,1.56492,1.56492,-2.08558,15.6875,6,1,2.6060999999999996,2,3.6505,3.6505,2.08558,9.789473684210526,8,0.57,03/04/2003,03/05/2002,0.43,03/05/2002,03/04/2003
3,2025,30359,2026-01-10 17:30:00,119,133,Bayer Leverkusen,Stuttgart,STU,LEV,3,1.9061,4,2.68822,1.93044,0.7050299999999998,12.592592592592592,7,0,0.8753000000000001,1,1.98318,1.22541,-0.7050299999999998,15.428571428571429,9,0.57,03/04/2003,4-2-3-1,0.43,4-2-3-1,03/04/2003
3,2025,30361,2026-01-11 14:30:00,130,121,Borussia Monchengladbach,Augsburg,AUG,BMG,0,0.2815,0,1.57502,1.57502,-1.2392199999999998,10.47222222222222,4,3,2.6052999999999997,4,3.57201,2.81424,1.2392199999999998,11.416666666666666,12,0.52,03/04/2003,03/04/2003,0.48,03/04/2003,03/04/2003
3,2025,30360,2026-01-11 16:30:00,117,131,Bayern Munich,Wolfsburg,WOL,BAY,0,0.1762,1,1.08515,1.08515,-2.46416,18.565217391304348,3,3,2.7442,8,3.54931,3.54931,2.46416,11.11111111111111,11,0.68,4-2-3-1,4-2-3-1,0.32,4-2-3-1,4-2-3-1
3,2025,30375,2026-01-13 17:30:00,133,132,Stuttgart,Eintracht Frankfurt,EIN,STU,0,0.1548,2,0.896468,0.896468,-2.648142,9.464285714285714,1,3,2.7759,3,3.54461,3.54461,2.648142,9.789473684210526,11,0.58,4-2-2-2,04/04/2002,0.42,04/04/2002,4-2-2-2
3,2025,30369,2026-01-13 19:30:00,129,123,Borussia Dortmund,Werder Bremen,WER,DOR,0,0.1961999999999999,0,0.39948,0.39948,-1.9182099999999995,15.27777777777778,1,3,2.6883,3,2.31769,2.31769,1.9182099999999995,12.633333333333333,9,0.46,03/04/2003,03/04/2003,0.54,03/04/2003,03/04/2003
3,2025,30373,2026-01-13 19:30:00,125,280,Mainz,Heidenheim,HEI,MAI,0,0.8483,1,1.23557,1.23557,-0.72129,8.8,5,3,1.9043,2,1.95686,1.95686,0.72129,13.285714285714286,11,0.42,03/05/2002,4-3-1-2,0.59,4-3-1-2,03/05/2002
3,2025,30376,2026-01-14 17:30:00,131,288,Wolfsburg,Saint Pauli,SPA,WOL,0,0.7857000000000001,1,1.21171,1.21171,0.2647790000000001,53.857142857142854,3,3,1.8627,2,1.78032,0.946931,-0.2647790000000001,10.818181818181818,7,0.61,4-2-3-1,3-4-1-2,0.39,3-4-1-2,4-2-3-1
3,2025,30370,2026-01-14 19:30:00,134,117,Koln,Bayern Munich,BAY,COL,3,2.3963,3,2.11635,2.11635,1.401691,7.588235294117647,10,0,0.4241,1,0.714659,0.714659,-1.401691,24.11764705882353,1,0.28,03/04/2003,4-2-3-1,0.72,4-2-3-1,03/04/2003
3,2025,30372,2026-01-14 19:30:00,120,130,Hoffenheim,Borussia Monchengladbach,BMG,HOF,0,0.0549999999999999,1,0.83294,0.83294,-2.78698,20.63157894736842,3,3,2.9149000000000003,5,4.3777,3.61992,2.78698,7.269230769230769,14,0.66,04/04/2002,05/04/2001,0.34,05/04/2001,04/04/2002
3,2025,30374,2026-01-14 19:30:00,136,135,RB Leipzig,Freiburg,FRE,RBL,0,0.0668,0,0.147682,0.147682,-2.655208,11.344827586206897,3,3,2.8859,2,2.80289,2.80289,2.655208,12.466666666666669,16,0.64,04/03/2003,4-2-3-1,0.36,4-2-3-1,04/03/2003
3,2025,30368,2026-01-15 19:30:00,121,240,Augsburg,Union Berlin,UNI,AUG,1,2.3230999999999997,1,1.73831,1.73831,1.178781,8.814814814814815,9,1,0.4696999999999999,1,0.559529,0.559529,-1.178781,20.928571428571427,5,0.48,03/04/2003,03/04/2003,0.52,03/04/2003,03/04/2003
3,2025,30384,2026-01-16 19:30:00,123,132,Werder Bremen,Eintracht Frankfurt,EIN,WER,1,0.7453000000000001,3,1.20772,1.20772,-0.8933899999999999,10.76923076923077,5,1,2.0233,3,2.10111,2.10111,0.8933899999999999,10.529411764705882,12,0.6,03/04/2003,4-2-3-1,0.4,4-2-3-1,03/04/2003
3,2025,30378,2026-01-17 14:30:00,129,288,Borussia Dortmund,Saint Pauli,SPA,DOR,0,0.1897,2,0.532613,0.532613,-1.257317,24.5,4,3,2.7103,3,2.5477,1.78993,1.257317,9.947368421052632,6,0.63,03/04/2003,03/04/2003,0.37,03/04/2003,03/04/2003
3,2025,30379,2026-01-17 14:30:00,134,125,Koln,Mainz,MAI,COL,0,1.0433,1,1.91073,1.91073,-0.50204,18.0,5,3,1.7123,2,2.41277,2.41277,0.50204,6.25,9,0.62,03/04/2003,3-1-4-2,0.38,3-1-4-2,03/04/2003
3,2025,30380,2026-01-17 14:30:00,118,130,Hamburger SV,Borussia Monchengladbach,BMG,HAM,1,0.7768999999999999,0,0.576522,0.576522,-0.6855279999999999,14.083333333333334,3,1,1.916,0,1.26205,1.26205,0.6855279999999999,11.090909090909092,11,0.57,03/04/2003,03/04/2003,0.43,03/04/2003,03/04/2003
3,2025,30381,2026-01-17 14:30:00,120,119,Hoffenheim,Bayer Leverkusen,LEV,HOF,0,0.768,0,1.27048,1.27048,-0.8494699999999997,10.0,6,3,1.9893,1,2.11995,2.11995,0.8494699999999997,11.064516129032258,9,0.38,4-2-3-1,03/04/2003,0.62,03/04/2003,4-2-3-1
3,2025,30385,2026-01-17 14:30:00,131,280,Wolfsburg,Heidenheim,HEI,WOL,1,1.2754,1,0.991172,0.991172,-0.0853579999999999,23.6875,5,1,1.4056,1,1.07653,1.07653,0.0853579999999999,6.833333333333333,13,0.7,4-2-3-1,4-2-3-1,0.31,4-2-3-1,4-2-3-1
3,2025,30382,2026-01-17 17:30:00,136,117,RB Leipzig,Bayern Munich,BAY,RBL,3,2.3512000000000004,5,4.65226,4.65226,1.78309,12.166666666666666,9,0,0.517,1,2.86917,2.86917,-1.78309,23.875,8,0.42,04/03/2003,4-2-3-1,0.58,4-2-3-1,04/03/2003
3,2025,30383,2026-01-18 14:30:00,133,240,Stuttgart,Union Berlin,UNI,STU,1,1.1422,1,1.88763,1.88763,-0.31017,11.869565217391305,9,1,1.6246,1,2.1978,2.1978,0.31017,16.545454545454547,6,0.57,04/04/2002,03/05/2002,0.43,03/05/2002,04/04/2002
3,2025,30377,2026-01-18 16:30:00,121,135,Augsburg,Freiburg,FRE,AUG,1,1.8791,2,1.59107,1.59107,0.604417,6.25,7,1,0.8369,2,0.986653,0.986653,-0.604417,14.823529411764708,2,0.45,03/04/2003,4-2-3-1,0.55,4-2-3-1,03/04/2003
3,2025,30393,2026-01-23 19:30:00,288,118,Saint Pauli,Hamburger SV,HAM,SPA,1,1.2603,0,0.333197,0.333197,0.021206,11.181818181818182,6,1,1.1592,0,0.311991,0.311991,-0.021206,22.27777777777778,2,0.43,03/04/2003,4-2-3-1,0.57,4-2-3-1,03/04/2003
3,2025,30386,2026-01-24 14:30:00,119,123,Bayer Leverkusen,Werder Bremen,WER,LEV,0,0.2593,0,0.673986,0.673986,-1.842004,10.93103448275862,11,3,2.6257,1,2.51599,2.51599,1.842004,19.41176470588235,6,0.5,03/04/2003,03/05/2002,0.51,03/05/2002,03/04/2003
3,2025,30387,2026-01-24 14:30:00,117,121,Bayern Munich,Augsburg,AUG,BAY,3,0.6565,2,1.24551,1.24551,-1.06222,41.833333333333336,7,0,2.1337,1,2.30773,2.30773,1.06222,6.285714285714286,14,0.7,4-2-3-1,03/04/2003,0.3,03/04/2003,4-2-3-1
3,2025,30389,2026-01-24 14:30:00,132,120,Eintracht Frankfurt,Hoffenheim,HOF,EIN,3,2.0265999999999997,3,1.62813,1.62813,0.7984720000000001,6.9714285714285715,5,0,0.7291,1,0.829658,0.829658,-0.7984720000000001,14.65,5,0.47,03/04/2003,03/04/2003,0.53,03/04/2003,03/04/2003
3,2025,30391,2026-01-24 14:30:00,280,136,Heidenheim,RB Leipzig,RBL,HEI,3,2.212,3,2.07675,2.07675,1.089092,4.107142857142857,6,0,0.5707,0,0.987658,0.987658,-1.089092,28.75,1,0.26,4-2-3-1,04/03/2003,0.74,04/03/2003,4-2-3-1
3,2025,30392,2026-01-24 14:30:00,125,131,Mainz,Wolfsburg,WOL,MAI,0,0.0503,1,1.09338,1.09338,-1.7330599999999998,14.0,0,3,2.9189000000000003,3,4.34199,2.82644,1.7330599999999998,8.666666666666666,4,0.59,03/05/2002,4-2-3-1,0.41,4-2-3-1,03/05/2002
3,2025,30394,2026-01-24 17:30:00,240,129,Union Berlin,Borussia Dortmund,DOR,UNI,3,2.3277,3,2.27286,1.51508,0.525348,12.6875,6,0,0.4887,0,0.989732,0.989732,-0.525348,6.954545454545454,2,0.56,03/04/2003,03/04/2003,0.44,03/04/2003,03/04/2003
3,2025,30388,2026-01-25 14:30:00,130,133,Borussia Monchengladbach,Stuttgart,STU,BMG,3,2.3943,3,2.72682,2.72682,2.262629,10.538461538461538,11,0,0.4347000000000001,0,1.22197,0.464191,-2.262629,16.625,3,0.44,4-2-3-1,4-2-3-1,0.56,4-2-3-1,4-2-3-1
3,2025,30390,2026-01-25 16:30:00,135,134,Freiburg,Koln,COL,FRE,0,0.7764,1,1.69119,1.69119,-0.1183100000000001,15.333333333333334,8,3,2.022,2,2.56728,1.8095,0.1183100000000001,16.571428571428573,5,0.47,4-2-3-1,04/04/2002,0.53,04/04/2002,4-2-3-1
3,2025,30365,2026-01-27 19:30:00,288,136,Saint Pauli,RB Leipzig,RBL,SPA,1,1.9403,1,2.05989,2.05989,1.4860210000000005,13.772727272727272,11,1,0.8,1,1.33165,0.573869,-1.4860210000000005,13.807692307692308,2,0.46,03/04/2003,04/03/2003,0.54,04/03/2003,03/04/2003
3,2025,30367,2026-01-27 19:30:00,123,120,Werder Bremen,Hoffenheim,HOF,WER,3,0.6891,2,0.567567,0.567567,-0.8593529999999999,14.1,6,0,2.0571,0,1.42692,1.42692,0.8593529999999999,15.727272727272728,16,0.58,03/05/2002,4-1-4-1,0.42,4-1-4-1,03/05/2002
3,2025,30398,2026-01-30 19:30:00,134,131,Koln,Wolfsburg,WOL,COL,0,1.2832,0,1.34631,1.34631,-0.08928,4.6,1,3,1.4458000000000002,1,1.43559,1.43559,0.08928,13.894736842105264,7,0.42,04/04/2002,4-2-3-1,0.59,4-2-3-1,04/04/2002
3,2025,30395,2026-01-31 14:30:00,121,288,Augsburg,Saint Pauli,SPA,AUG,0,1.8992,1,2.88611,2.12833,0.0113400000000001,8.033333333333333,9,3,0.8924000000000001,2,2.11699,2.11699,-0.0113400000000001,20.4375,5,0.44,03/04/2003,03/04/2003,0.56,03/04/2003,03/04/2003
3,2025,30397,2026-01-31 14:30:00,132,119,Eintracht Frankfurt,Bayer Leverkusen,LEV,EIN,3,1.5314,3,1.52952,1.52952,0.21103,15.210526315789474,6,0,1.1791999999999998,1,1.31849,1.31849,-0.21103,14.411764705882351,7,0.41,03/04/2003,03/04/2003,0.59,03/04/2003,03/04/2003
3,2025,30400,2026-01-31 14:30:00,120,240,Hoffenheim,Union Berlin,UNI,HOF,0,1.0816,1,1.23275,1.23275,0.483712,11.434782608695652,4,3,1.6297,3,1.50682,0.749038,-0.483712,6.05,3,0.59,04/03/2003,03/04/2003,0.41,03/04/2003,04/03/2003
3,2025,30401,2026-01-31 14:30:00,136,125,RB Leipzig,Mainz,MAI,RBL,3,1.7473,2,2.57678,1.81901,-0.2752099999999999,12.59375,5,0,1.0147,1,2.09422,2.09422,0.2752099999999999,12.166666666666666,17,0.7,4-4-1-1,03/05/2002,0.31,03/05/2002,4-4-1-1
3,2025,30403,2026-01-31 14:30:00,123,130,Werder Bremen,Borussia Monchengladbach,BMG,WER,1,1.6246,1,1.25715,1.25715,0.2659979999999999,15.38095238095238,3,1,1.0837,1,0.991152,0.991152,-0.2659979999999999,5.75,16,0.68,03/04/2003,05/04/2001,0.32,05/04/2001,03/04/2003
3,2025,30399,2026-01-31 17:30:00,118,117,Hamburger SV,Bayern Munich,BAY,HAM,1,1.1053,2,2.28911,2.28911,0.40192,8.526315789473685,12,1,1.6573,2,2.64497,1.88719,-0.40192,17.7,4,0.28,3-5-1-1,4-2-3-1,0.72,4-2-3-1,3-5-1-1
3,2025,30402,2026-02-01 14:30:00,133,135,Stuttgart,Freiburg,FRE,STU,0,0.2703,0,0.936187,0.936187,-2.0158430000000003,9.2,2,3,2.6184,1,2.95203,2.95203,2.0158430000000003,4.125,13,0.7,4-2-3-1,4-2-3-1,0.31,4-2-3-1,4-2-3-1
3,2025,30396,2026-02-01 16:30:00,129,280,Borussia Dortmund,Heidenheim,HEI,DOR,0,0.7802,2,3.04324,3.04324,0.4198300000000001,13.529411764705882,6,3,2.0357,3,4.13897,2.62341,-0.4198300000000001,5.285714285714286,21,0.65,03/04/2003,03/04/2003,0.35,03/04/2003,03/04/2003
3,2025,30411,2026-02-06 19:30:00,240,132,Union Berlin,Eintracht Frankfurt,EIN,UNI,1,0.3918,1,0.296813,0.296813,-0.216589,6.916666666666667,3,1,2.3667,1,1.27118,0.513402,0.216589,18.681818181818183,4,0.27,05/03/2002,03/04/2003,0.73,03/04/2003,05/03/2002
3,2025,30407,2026-02-07 14:30:00,135,123,Freiburg,Werder Bremen,WER,FRE,0,2.0782,0,1.12332,1.12332,0.7588000000000001,4.607142857142857,16,3,0.6156999999999999,1,0.36452,0.36452,-0.7588000000000001,15.058823529411764,2,0.33,4-2-3-1,3-1-4-2,0.67,3-1-4-2,4-2-3-1
3,2025,30408,2026-02-07 14:30:00,280,118,Heidenheim,Hamburger SV,HAM,HEI,3,1.7874,2,1.55106,1.55106,0.50492,14.5,11,0,0.9402,0,1.04614,1.04614,-0.50492,11.25,6,0.48,03/04/2003,03/04/2003,0.52,03/04/2003,03/04/2003
3,2025,30409,2026-02-07 14:30:00,125,121,Mainz,Augsburg,AUG,MAI,0,0.3853,0,1.35939,1.35939,-0.1316199999999998,9.0,4,3,2.4712,2,3.00656,1.49101,0.1316199999999998,14.727272727272728,9,0.39,03/05/2002,03/04/2003,0.61,03/04/2003,03/05/2002
3,2025,30410,2026-02-07 14:30:00,288,133,Saint Pauli,Stuttgart,STU,SPA,0,0.7473000000000001,1,0.912627,0.912627,0.0082329999999999,10.0,6,3,1.9923,2,1.66217,0.904394,-0.0082329999999999,27.666666666666668,8,0.32,03/04/2003,4-2-3-1,0.68,4-2-3-1,03/04/2003
3,2025,30412,2026-02-07 14:30:00,131,129,Wolfsburg,Borussia Dortmund,DOR,WOL,3,1.1422,2,1.70601,1.70601,-0.3214999999999999,8.277777777777779,16,0,1.6153,1,2.02751,2.02751,0.3214999999999999,11.0,8,0.35,4-2-3-1,03/04/2003,0.65,03/04/2003,4-2-3-1
3,2025,30405,2026-02-07 17:30:00,130,119,Borussia Monchengladbach,Bayer Leverkusen,LEV,BMG,1,1.2474,1,0.741257,0.741257,-0.0422209999999999,13.590909090909092,7,1,1.3769999999999998,1,0.783478,0.783478,0.0422209999999999,25.529411764705884,6,0.39,03/05/2002,03/04/2003,0.61,03/04/2003,03/05/2002
3,2025,30406,2026-02-08 14:30:00,134,136,Koln,RB Leipzig,RBL,COL,3,2.5683,2,3.0577,3.0577,1.93603,7.909090909090909,8,0,0.3111,1,1.12167,1.12167,-1.93603,9.24,6,0.45,05/03/2002,04/03/2003,0.55,04/03/2003,05/03/2002
3,2025,30404,2026-02-08 16:30:00,117,120,Bayern Munich,Hoffenheim,HOF,BAY,0,0.1011,1,2.66829,2.66829,-2.1944300000000005,13.117647058823527,5,3,2.8608,5,6.37827,4.86272,2.1944300000000005,8.096774193548388,16,0.55,4-2-3-1,4-4-1-1,0.45,4-4-1-1,4-2-3-1
3,2025,30415,2026-02-13 19:30:00,129,125,Borussia Dortmund,Mainz,MAI,DOR,0,1.3072,0,1.67199,1.67199,-0.1382699999999999,23.214285714285715,2,3,1.4161,4,1.81026,1.81026,0.1382699999999999,15.0,5,0.55,03/04/2003,03/05/2002,0.45,03/05/2002,03/04/2003
3,2025,30414,2026-02-14 14:30:00,119,288,Bayer Leverkusen,Saint Pauli,SPA,LEV,0,0.321,0,0.654783,0.654783,-1.605657,26.05,2,3,2.5293,4,2.26044,2.26044,1.605657,13.235294117647058,8,0.68,03/04/2003,03/04/2003,0.32,03/04/2003,03/04/2003
3,2025,30416,2026-02-14 14:30:00,132,130,Eintracht Frankfurt,Borussia Monchengladbach,BMG,EIN,0,0.707,0,1.03155,1.03155,-0.95581,11.125,9,3,2.081,3,1.98736,1.98736,0.95581,11.24,4,0.44,03/04/2003,3-1-4-2,0.56,3-1-4-2,03/04/2003
3,2025,30417,2026-02-14 14:30:00,118,240,Hamburger SV,Union Berlin,UNI,HAM,0,1.3983,2,2.18966,1.43189,-0.7715000000000001,12.789473684210526,8,3,1.3563,3,2.20339,2.20339,0.7715000000000001,10.125,9,0.57,03/04/2003,03/04/2003,0.43,03/04/2003,03/04/2003
3,2025,30418,2026-02-14 14:30:00,120,135,Hoffenheim,Freiburg,FRE,HOF,0,0.5314,0,0.744054,0.744054,-1.156466,21.714285714285715,4,3,2.2611999999999997,3,1.90052,1.90052,1.156466,8.8,16,0.61,04/03/2003,4-2-3-1,0.39,4-2-3-1,04/03/2003
3,2025,30421,2026-02-14 14:30:00,123,117,Werder Bremen,Bayern Munich,BAY,WER,3,2.2593,3,1.87713,1.11935,0.3397000000000001,11.157894736842104,12,0,0.5313,0,0.77965,0.77965,-0.3397000000000001,13.774193548387096,8,0.35,3-4-1-2,4-2-3-1,0.65,4-2-3-1,3-4-1-2
3,2025,30420,2026-02-14 17:30:00,133,134,Stuttgart,Koln,COL,STU,0,0.4827,1,1.13246,1.13246,-1.4302,12.15,6,3,2.3451000000000004,3,2.56266,2.56266,1.4302,10.9375,11,0.57,4-2-3-1,05/03/2002,0.43,05/03/2002,4-2-3-1
3,2025,30413,2026-02-15 14:30:00,121,280,Augsburg,Heidenheim,HEI,AUG,0,0.4341,0,0.697774,0.697774,-0.421236,11.0,7,3,2.3775,1,1.87679,1.11901,0.421236,14.947368421052632,5,0.49,03/04/2003,03/04/2003,0.51,03/04/2003,03/04/2003
3,2025,30419,2026-02-15 16:30:00,136,131,RB Leipzig,Wolfsburg,WOL,RBL,1,0.3047999999999999,2,0.687761,0.687761,-1.823109,17.94736842105263,5,1,2.5605,2,2.51087,2.51087,1.823109,11.875,17,0.68,4-2-3-1,4-2-3-1,0.32,4-2-3-1,4-2-3-1
3,2025,30426,2026-02-20 19:30:00,125,118,Mainz,Hamburger SV,HAM,MAI,1,0.6525,1,0.823398,0.823398,-0.928752,8.666666666666666,3,1,2.1144,1,1.75215,1.75215,0.928752,11.75,5,0.45,03/05/2002,03/04/2003,0.55,03/04/2003,03/05/2002
3,2025,30422,2026-02-21 14:30:00,117,132,Bayern Munich,Eintracht Frankfurt,EIN,BAY,0,1.0602,2,2.29258,1.5348,-1.30038,16.6875,2,3,1.7049,3,2.83518,2.83518,1.30038,13.423076923076923,13,0.51,4-2-3-1,03/04/2003,0.49,03/04/2003,4-2-3-1
3,2025,30423,2026-02-21 14:30:00,134,120,Koln,Hoffenheim,HOF,COL,1,1.9035,2,1.8243,1.8243,0.7017800000000001,7.352941176470588,12,1,0.8499,2,1.12252,1.12252,-0.7017800000000001,25.727272727272727,3,0.36,03/04/2003,03/05/2002,0.64,03/05/2002,03/04/2003
3,2025,30429,2026-02-21 14:30:00,240,119,Union Berlin,Bayer Leverkusen,LEV,UNI,0,1.7403,0,1.20274,1.20274,0.4450379999999999,9.6875,8,3,0.9501,1,0.757702,0.757702,-0.4450379999999999,16.928571428571427,6,0.35,03/04/2003,03/04/2003,0.65,03/04/2003,03/04/2003
3,2025,30430,2026-02-21 14:30:00,131,121,Wolfsburg,Augsburg,AUG,WOL,3,0.8804,3,1.56427,0.806493,-1.369347,14.181818181818182,8,0,1.8725,2,2.17584,2.17584,1.369347,11.421052631578949,6,0.5,4-2-3-1,03/04/2003,0.5,03/04/2003,4-2-3-1
3,2025,30427,2026-02-21 17:30:00,136,129,RB Leipzig,Borussia Dortmund,DOR,RBL,1,0.275,2,1.35347,1.35347,-2.15587,13.0,10,1,2.6228,2,3.50934,3.50934,2.15587,11.764705882352942,14,0.55,04/03/2003,03/04/2003,0.45,03/04/2003,04/03/2003
3,2025,30424,2026-02-22 14:30:00,135,130,Freiburg,Borussia Monchengladbach,BMG,FRE,0,1.1014,1,1.02855,1.02855,-0.2637899999999999,10.0,4,3,1.5742,2,1.29234,1.29234,0.2637899999999999,13.26086956521739,4,0.37,4-2-3-1,03/05/2002,0.63,03/05/2002,4-2-3-1
3,2025,30428,2026-02-22 16:30:00,288,123,Saint Pauli,Werder Bremen,WER,SPA,0,2.5378999999999996,1,1.61141,1.61141,1.350712,10.818181818181818,3,3,0.2873,2,0.260698,0.260698,-1.350712,32.6,2,0.42,03/04/2003,03/04/2003,0.58,03/04/2003,03/04/2003
3,2025,30425,2026-02-22 18:30:00,280,133,Heidenheim,Stuttgart,STU,HEI,1,1.3592,3,2.27505,1.51727,0.0592999999999999,9.27777777777778,14,1,1.3766,3,2.21575,1.45797,-0.0592999999999999,19.764705882352946,6,0.34,03/04/2003,4-2-3-1,0.66,4-2-3-1,03/04/2003
3,2025,30431,2026-02-27 19:30:00,121,134,Augsburg,Koln,COL,AUG,0,0.4746,0,0.492698,0.492698,-1.065742,18.076923076923077,5,3,2.2977,2,1.55844,1.55844,1.065742,10.344827586206897,8,0.46,03/04/2003,03/04/2003,0.54,03/04/2003,03/04/2003
3,2025,30432,2026-02-28 14:30:00,119,125,Bayer Leverkusen,Mainz,MAI,LEV,1,0.5864,1,0.9714,0.9714,-0.97677,16.25925925925926,13,1,2.1935,1,1.94817,1.94817,0.97677,12.058823529411764,9,0.66,03/04/2003,03/05/2002,0.34,03/05/2002,03/04/2003
3,2025,30433,2026-02-28 14:30:00,130,240,Borussia Monchengladbach,Union Berlin,UNI,BMG,0,0.058,0,0.137598,0.137598,-1.664772,9.68,4,3,2.8978,1,2.56014,1.80237,1.664772,12.5,10,0.6,03/04/2003,03/04/2003,0.4,03/04/2003,03/04/2003
3,2025,30437,2026-02-28 14:30:00,120,288,Hoffenheim,Saint Pauli,SPA,HOF,3,0.3884999999999999,1,0.946504,0.946504,-1.627606,46.714285714285715,2,0,2.4555,0,2.57411,2.57411,1.627606,5.7407407407407405,15,0.65,3-1-4-2,03/04/2003,0.35,03/04/2003,3-1-4-2
3,2025,30439,2026-02-28 14:30:00,123,280,Werder Bremen,Heidenheim,HEI,WER,0,0.4402,0,1.70919,1.70919,-1.7696999999999998,12.88888888888889,4,3,2.4202,2,3.47889,3.47889,1.7696999999999998,11.904761904761903,9,0.5,4-3-2-1,4-3-2-1,0.5,4-3-2-1,4-3-2-1
3,2025,30434,2026-02-28 17:30:00,129,117,Borussia Dortmund,Bayern Munich,BAY,DOR,3,1.7622000000000002,3,1.89016,1.13239,-0.26522,4.92,9,0,0.978,2,1.39761,1.39761,0.26522,11.379310344827584,9,0.33,03/04/2003,4-2-3-1,0.67,4-2-3-1,03/04/2003
3,2025,30438,2026-03-01 14:30:00,133,131,Stuttgart,Wolfsburg,WOL,STU,0,0.2788,0,0.865739,0.865739,-2.086151,12.333333333333334,5,3,2.6086,4,2.95189,2.95189,2.086151,21.666666666666668,14,0.63,3-4-1-2,4-2-3-1,0.37,4-2-3-1,3-4-1-2
3,2025,30435,2026-03-01 16:30:00,132,135,Eintracht Frankfurt,Freiburg,FRE,EIN,0,0.5457,0,0.64193,0.64193,-1.02902,13.296296296296296,1,3,2.2137,2,1.67095,1.67095,1.02902,11.0,10,0.63,4-1-4-1,4-2-3-1,0.37,4-2-3-1,4-1-4-1
3,2025,30436,2026-03-01 18:30:00,118,136,Hamburger SV,RB Leipzig,RBL,HAM,3,2.4631999999999996,2,2.28997,1.53219,0.7116049999999999,10.571428571428571,13,0,0.3599,1,0.820585,0.820585,-0.7116049999999999,18.857142857142858,4,0.42,03/04/2003,04/03/2003,0.58,04/03/2003,03/04/2003
3,2025,30371,2026-03-04 19:30:00,118,119,Hamburger SV,Bayer Leverkusen,LEV,HAM,3,2.3661,1,2.67874,2.67874,1.3918199999999998,5.787878787878788,8,0,0.4557,0,1.28692,1.28692,-1.3918199999999998,12.91304347826087,4,0.37,03/04/2003,03/04/2003,0.63,03/04/2003,03/04/2003
3,2025,30440,2026-03-06 19:30:00,117,130,Bayern Munich,Borussia Monchengladbach,BMG,BAY,0,0.2884,1,1.21993,1.21993,-1.14205,32.18181818181818,1,3,2.5879,4,3.11976,2.36198,1.14205,9.0,12,0.7,4-2-3-1,03/04/2003,0.3,03/04/2003,4-2-3-1
3,2025,30442,2026-03-07 14:30:00,135,119,Freiburg,Bayer Leverkusen,LEV,FRE,1,1.1116,3,2.1863,2.1863,-0.3977900000000001,11.61904761904762,9,1,1.6516000000000002,3,2.58409,2.58409,0.3977900000000001,14.45,7,0.48,4-2-3-1,03/04/2003,0.52,03/04/2003,4-2-3-1
3,2025,30443,2026-03-07 14:30:00,280,120,Heidenheim,Hoffenheim,HOF,HEI,3,2.6482,4,2.79383,2.79383,1.827152,9.19047619047619,16,0,0.2281,2,0.966678,0.966678,-1.827152,11.947368421052632,4,0.46,04/03/2003,4-2-3-1,0.54,4-2-3-1,04/03/2003
3,2025,30444,2026-03-07 14:30:00,125,133,Mainz,Stuttgart,STU,MAI,1,0.1536,2,0.920068,0.920068,-2.605162,10.133333333333333,10,1,2.7774,2,3.52523,3.52523,2.605162,24.846153846153847,10,0.38,03/05/2002,4-2-3-1,0.62,4-2-3-1,03/05/2002
3,2025,30445,2026-03-07 14:30:00,136,121,RB Leipzig,Augsburg,AUG,RBL,0,2.261,1,3.6651,2.90732,0.7129699999999999,32.375,6,3,0.5819,2,2.19435,2.19435,-0.7129699999999999,14.0,12,0.61,04/03/2003,03/04/2003,0.39,03/04/2003,04/03/2003
3,2025,30448,2026-03-07 14:30:00,131,118,Wolfsburg,Hamburger SV,HAM,WOL,3,0.8591,2,1.80445,0.288899,-1.419451,18.5,2,0,1.8761,1,2.46612,1.70835,1.419451,9.476190476190476,5,0.52,03/04/2003,03/04/2003,0.48,03/04/2003,03/04/2003
3,2025,30441,2026-03-07 17:30:00,134,129,Koln,Borussia Dortmund,DOR,COL,3,2.1174999999999997,2,1.9574,1.9574,0.99335,9.238095238095235,12,0,0.6715,1,0.96405,0.96405,-0.99335,17.88888888888889,3,0.39,4-2-3-1,03/04/2003,0.61,03/04/2003,4-2-3-1
3,2025,30446,2026-03-08 14:30:00,288,132,Saint Pauli,Eintracht Frankfurt,EIN,SPA,1,1.2524000000000002,0,0.451537,0.451537,-0.0207479999999999,5.2727272727272725,3,1,1.2629,0,0.472285,0.472285,0.0207479999999999,24.764705882352946,7,0.28,03/04/2003,04/03/2003,0.73,04/03/2003,03/04/2003
3,2025,30447,2026-03-08 16:30:00,240,123,Union Berlin,Werder Bremen,WER,UNI,3,2.2325,4,2.23984,2.23984,1.867637,6.8125,9,0,0.5366,1,1.12998,0.372203,-1.867637,43.3,1,0.25,03/05/2002,04/03/2003,0.75,04/03/2003,03/05/2002
3,2025,30450,2026-03-13 19:30:00,130,288,Borussia Monchengladbach,Saint Pauli,SPA,BMG,0,0.9157,0,0.628713,0.628713,-0.4547070000000001,14.61111111111111,7,3,1.7551,2,1.08342,1.08342,0.4547070000000001,23.153846153846153,3,0.4,03/04/2003,03/04/2003,0.6,03/04/2003,03/04/2003
3,2025,30449,2026-03-14 14:30:00,119,117,Bayer Leverkusen,Bayern Munich,BAY,LEV,1,0.5338,1,1.26817,1.26817,-1.3843800000000002,11.0,12,1,2.2891,1,2.65255,2.65255,1.3843800000000002,12.25,9,0.45,03/04/2003,4-2-3-1,0.56,4-2-3-1,03/04/2003
3,2025,30451,2026-03-14 14:30:00,129,121,Borussia Dortmund,Augsburg,AUG,DOR,0,0.306,0,0.755745,0.755745,-1.734785,24.857142857142858,5,3,2.5536,2,2.49053,2.49053,1.734785,9.833333333333334,13,0.61,03/05/2002,03/04/2003,0.39,03/04/2003,03/05/2002
3,2025,30452,2026-03-14 14:30:00,132,280,Eintracht Frankfurt,Heidenheim,HEI,EIN,0,0.6367,0,0.136174,0.136174,-0.588985,20.42105263157895,2,3,1.9126,1,0.725159,0.725159,0.588985,14.416666666666666,6,0.66,04/03/2003,04/03/2003,0.34,04/03/2003,04/03/2003
3,2025,30455,2026-03-14 14:30:00,120,131,Hoffenheim,Wolfsburg,WOL,HOF,1,0.1154999999999999,1,0.221431,0.221431,-2.016699,22.0,2,1,2.8014,1,2.23813,2.23813,2.016699,6.105263157894737,7,0.69,4-1-4-1,03/04/2003,0.31,03/04/2003,4-1-4-1
3,2025,30454,2026-03-14 17:30:00,118,134,Hamburger SV,Koln,COL,HAM,1,1.7797999999999998,1,0.984168,0.984168,0.427675,12.333333333333334,5,1,0.8543000000000001,1,0.556493,0.556493,-0.427675,18.5625,3,0.45,03/04/2003,4-2-3-1,0.55,4-2-3-1,03/04/2003
3,2025,30457,2026-03-15 14:30:00,123,125,Werder Bremen,Mainz,MAI,WER,3,2.2494,2,2.05621,2.05621,1.166204,24.1875,4,0,0.5565,0,0.890006,0.890006,-1.166204,9.6875,6,0.66,04/05/2001,03/05/2002,0.34,03/05/2002,04/05/2001
3,2025,30453,2026-03-15 16:30:00,135,240,Freiburg,Union Berlin,UNI,FRE,3,1.0985,1,1.0006,1.0006,-0.3444800000000001,14.4,0,0,1.5914,0,1.34508,1.34508,0.3444800000000001,6.166666666666667,7,0.73,4-2-3-1,4-2-2-2,0.27,4-2-2-2,4-2-3-1
3,2025,30456,2026-03-15 18:30:00,133,136,Stuttgart,RB Leipzig,RBL,STU,0,0.7794,0,1.12178,1.12178,-0.80989,9.038461538461538,5,3,1.9848,1,1.93167,1.93167,0.80989,7.125,5,0.57,3-4-1-2,04/03/2003,0.43,04/03/2003,3-4-1-2
3,2025,30464,2026-03-20 19:30:00,136,120,RB Leipzig,Hoffenheim,HOF,RBL,0,0.1216,0,0.521404,0.521404,-2.385586,9.0,3,3,2.815,5,2.90699,2.90699,2.385586,14.578947368421051,12,0.5,04/03/2003,04/04/2002,0.5,04/04/2002,04/03/2003
3,2025,30459,2026-03-21 14:30:00,117,240,Bayern Munich,Union Berlin,UNI,BAY,0,0.0012,0,0.224572,0.224572,-5.709318,23.941176470588236,1,3,2.9976,4,5.93389,5.93389,5.709318,9.071428571428571,16,0.74,4-2-3-1,03/05/2002,0.26,03/05/2002,4-2-3-1
3,2025,30461,2026-03-21 14:30:00,134,130,Koln,Borussia Monchengladbach,BMG,COL,1,1.1536,3,1.08153,1.08153,-0.2113999999999998,14.266666666666667,6,1,1.5298,3,1.29293,1.29293,0.2113999999999998,10.083333333333334,7,0.5,4-2-3-1,03/04/2003,0.5,03/04/2003,4-2-3-1
3,2025,30462,2026-03-21 14:30:00,280,119,Heidenheim,Bayer Leverkusen,LEV,HEI,1,1.5188,3,1.96287,1.96287,0.983271,10.65,7,1,1.2134,3,1.73738,0.979599,-0.983271,15.38888888888889,5,0.38,04/03/2003,4-2-3-1,0.62,4-2-3-1,04/03/2003
3,2025,30466,2026-03-21 14:30:00,131,123,Wolfsburg,Werder Bremen,WER,WOL,3,0.7253000000000001,1,0.414924,0.414924,-0.6419359999999998,31.11111111111111,3,0,1.9457,0,1.05686,1.05686,0.6419359999999998,7.125,12,0.57,03/04/2003,4-2-3-1,0.43,4-2-3-1,03/04/2003
3,2025,30460,2026-03-21 17:30:00,129,118,Borussia Dortmund,Hamburger SV,HAM,DOR,0,0.0112,2,1.23049,1.23049,-2.5980499999999997,21.3,3,3,2.9829999999999997,3,6.10187,3.82854,2.5980499999999997,6.08,13,0.68,03/05/2002,03/04/2003,0.32,03/04/2003,03/05/2002
3,2025,30463,2026-03-22 14:30:00,125,132,Mainz,Eintracht Frankfurt,EIN,MAI,0,1.5995,1,1.71748,1.71748,0.3336099999999999,13.77777777777778,10,3,1.1195,2,1.38387,1.38387,-0.3336099999999999,23.38888888888889,5,0.3,03/05/2002,04/03/2003,0.7,04/03/2003,03/05/2002
3,2025,30465,2026-03-22 16:30:00,288,135,Saint Pauli,Freiburg,FRE,SPA,3,2.2999,2,2.74421,2.74421,1.3476799999999998,15.428571428571429,3,0,0.5226999999999999,1,1.39653,1.39653,-1.3476799999999998,16.0,7,0.49,03/04/2003,4-2-3-1,0.51,4-2-3-1,03/04/2003
3,2025,30458,2026-03-22 18:30:00,121,133,Augsburg,Stuttgart,STU,AUG,3,2.665,5,3.87094,3.87094,2.27997,9.88888888888889,10,0,0.2385999999999999,2,1.59097,1.59097,-2.27997,14.826086956521738,6,0.4,03/04/2003,4-2-3-1,0.6,4-2-3-1,03/04/2003
3,2025,30467,2026-04-04 13:30:00,119,131,Bayer Leverkusen,Wolfsburg,WOL,LEV,0,0.3642999999999999,3,2.54712,1.78934,-1.29029,22.0,7,3,2.5216,6,4.59518,3.07963,1.29029,9.8,15,0.69,03/04/2003,03/04/2003,0.31,03/04/2003,03/04/2003
3,2025,30468,2026-04-04 13:30:00,130,280,Borussia Monchengladbach,Heidenheim,HEI,BMG,1,1.1278,2,0.883368,0.883368,-0.2083719999999999,13.32,4,1,1.552,2,1.09174,1.09174,0.2083719999999999,13.541666666666666,6,0.52,03/04/2003,04/04/2002,0.48,04/04/2002,03/04/2003
3,2025,30470,2026-04-04 13:30:00,135,117,Freiburg,Bayern Munich,BAY,FRE,3,1.7182,3,2.49116,2.49116,0.4453099999999996,5.68,18,0,1.0534,2,2.04585,2.04585,-0.4453099999999996,11.392857142857142,3,0.3,4-2-3-1,4-2-3-1,0.7,4-2-3-1,4-2-3-1
3,2025,30471,2026-04-04 13:30:00,118,121,Hamburger SV,Augsburg,AUG,HAM,1,2.0868,1,2.57589,2.57589,1.0448099999999998,16.285714285714285,10,1,0.7242,1,1.53108,1.53108,-1.0448099999999998,7.875,10,0.53,03/04/2003,03/04/2003,0.47,03/04/2003,03/04/2003
3,2025,30472,2026-04-04 13:30:00,120,125,Hoffenheim,Mainz,MAI,HOF,3,1.9552,2,2.22893,2.22893,0.7116100000000001,23.90909090909091,3,0,0.7981,1,1.51732,1.51732,-0.7116100000000001,5.884615384615385,11,0.61,4-1-3-2,03/05/2002,0.39,03/05/2002,4-1-3-2
3,2025,30475,2026-04-04 13:30:00,123,136,Werder Bremen,RB Leipzig,RBL,WER,3,1.9597,2,1.61345,1.61345,0.714964,16.272727272727273,7,0,0.8017000000000001,1,0.898486,0.898486,-0.714964,9.25,11,0.55,4-2-3-1,04/03/2003,0.45,04/03/2003,4-2-3-1
3,2025,30473,2026-04-04 16:30:00,133,129,Stuttgart,Borussia Dortmund,DOR,STU,3,1.5759,2,0.76449,0.76449,0.211242,18.647058823529413,2,0,1.0386,0,0.553248,0.553248,-0.211242,7.304347826086956,7,0.67,03/04/2003,03/05/2002,0.33,03/05/2002,03/04/2003
3,2025,30474,2026-04-05 13:30:00,240,288,Union Berlin,Saint Pauli,SPA,UNI,1,0.3174,1,0.325477,0.325477,-1.457403,17.642857142857142,1,1,2.5116,1,1.78288,1.78288,1.457403,7.791666666666667,4,0.55,03/04/2003,03/04/2003,0.45,03/04/2003,03/04/2003
3,2025,30469,2026-04-05 15:30:00,132,134,Eintracht Frankfurt,Koln,COL,EIN,1,2.0086999999999997,2,3.09815,3.09815,0.9281700000000002,25.928571428571427,5,1,0.794,2,2.16998,2.16998,-0.9281700000000002,10.0,11,0.67,03/04/2003,05/03/2002,0.33,05/03/2002,03/04/2003
3,2025,30476,2026-04-10 18:30:00,121,120,Augsburg,Hoffenheim,HOF,AUG,1,0.5916999999999999,2,1.43152,1.43152,-0.4827000000000001,4.137931034482759,12,1,2.2237,2,2.67199,1.91422,0.4827000000000001,43.42857142857143,8,0.35,03/04/2003,3-4-1-2,0.66,3-4-1-2,03/04/2003
3,2025,30477,2026-04-11 13:30:00,129,119,Borussia Dortmund,Bayer Leverkusen,LEV,DOR,3,1.0958,1,0.728586,0.728586,-0.285644,21.923076923076923,6,0,1.5653,0,1.01423,1.01423,0.285644,22.333333333333332,16,0.53,3-5-1-1,03/04/2003,0.48,03/04/2003,3-5-1-1
3,2025,30479,2026-04-11 13:30:00,280,240,Heidenheim,Union Berlin,UNI,HEI,0,0.6282,1,1.11885,1.11885,-0.9936200000000002,8.5,6,3,2.1609000000000003,3,2.11247,2.11247,0.9936200000000002,8.173913043478262,5,0.46,04/04/2002,05/03/2002,0.55,05/03/2002,04/04/2002
3,2025,30481,2026-04-11 13:30:00,136,130,RB Leipzig,Borussia Monchengladbach,BMG,RBL,0,0.8078,0,1.66258,1.66258,-0.9058500000000004,20.272727272727273,7,3,1.9796,1,2.56843,2.56843,0.9058500000000004,10.956521739130435,20,0.52,04/03/2003,04/03/2003,0.48,04/03/2003,04/03/2003
3,2025,30484,2026-04-11 13:30:00,131,132,Wolfsburg,Eintracht Frankfurt,EIN,WOL,3,0.7872999999999999,2,1.38694,1.38694,-0.8753799999999998,14.25,6,0,1.9873000000000005,1,2.26232,2.26232,0.8753799999999998,12.63157894736842,4,0.5,03/04/2003,03/04/2003,0.5,03/04/2003,03/04/2003
3,2025,30482,2026-04-11 16:30:00,288,117,Saint Pauli,Bayern Munich,BAY,SPA,3,2.9518999999999997,5,4.15447,4.15447,3.798487,7.954545454545454,23,0,0.0275,0,0.355983,0.355983,-3.798487,60.77777777777778,2,0.23,03/04/2003,4-2-3-1,0.77,4-2-3-1,03/04/2003
3,2025,30478,2026-04-12 13:30:00,134,123,Koln,Werder Bremen,WER,COL,0,0.0437,1,0.870139,0.112362,-3.0385679999999997,17.0,4,3,2.9261,3,3.90871,3.15093,3.0385679999999997,8.125,12,0.58,04/04/2002,4-2-3-1,0.42,4-2-3-1,04/04/2002
3,2025,30483,2026-04-12 15:30:00,133,118,Stuttgart,Hamburger SV,HAM,STU,0,0.0451,0,0.417554,0.417554,-2.689166,14.55,3,3,2.9269000000000003,4,3.8645,3.10672,2.689166,6.296296296296297,18,0.65,4-2-3-1,3-4-1-2,0.35,3-4-1-2,4-2-3-1
3,2025,30480,2026-04-12 17:30:00,125,135,Mainz,Freiburg,FRE,MAI,3,1.3583,1,0.538882,0.538882,0.0807969999999999,10.3125,4,0,1.1888,0,0.458085,0.458085,-0.0807969999999999,10.285714285714286,5,0.51,3-1-4-2,4-2-3-1,0.49,4-2-3-1,3-1-4-2
3,2025,30491,2026-04-17 18:30:00,288,134,Saint Pauli,Koln,COL,SPA,1,0.6343,1,1.26761,0.509833,-1.7699669999999998,16.928571428571427,6,1,2.1436,1,2.2798,2.2798,1.7699669999999998,20.833333333333332,4,0.49,03/04/2003,04/04/2002,0.51,04/04/2002,03/04/2003
3,2025,30485,2026-04-18 13:30:00,119,121,Bayer Leverkusen,Augsburg,AUG,LEV,3,0.2244999999999999,2,1.29743,0.539654,-3.191416,29.333333333333332,3,0,2.6809,1,3.73107,3.73107,3.191416,7.352941176470588,21,0.71,03/04/2003,03/04/2003,0.29,03/04/2003,03/04/2003
3,2025,30490,2026-04-18 13:30:00,120,129,Hoffenheim,Borussia Dortmund,DOR,HOF,0,0.6111,1,1.28292,1.28292,0.5738880000000001,14.25,7,3,2.1567,2,2.22458,0.709032,-0.5738880000000001,12.588235294117649,8,0.46,4-2-3-1,03/04/2003,0.54,03/04/2003,4-2-3-1
3,2025,30492,2026-04-18 13:30:00,240,131,Union Berlin,Wolfsburg,WOL,UNI,3,0.1505,2,0.23493,0.23493,-2.15388,11.35,1,0,2.7461,1,2.38881,2.38881,2.15388,8.916666666666666,14,0.54,03/04/2003,03/04/2003,0.46,03/04/2003,03/04/2003
3,2025,30493,2026-04-18 13:30:00,123,118,Werder Bremen,Hamburger SV,HAM,WER,0,0.8267,1,0.914249,0.914249,-0.6883210000000001,13.947368421052632,6,3,1.9124,3,1.60257,1.60257,0.6883210000000001,8.434782608695652,5,0.57,4-1-4-1,3-4-1-2,0.43,3-4-1-2,4-1-4-1
3,2025,30488,2026-04-18 16:30:00,132,136,Eintracht Frankfurt,RB Leipzig,RBL,EIN,3,1.8031,3,2.02122,2.02122,0.61781,8.88,10,0,0.9604,1,1.40341,1.40341,-0.61781,8.346153846153847,7,0.51,03/04/2003,4-1-4-1,0.49,4-1-4-1,03/04/2003
3,2025,30489,2026-04-19 13:30:00,135,280,Freiburg,Heidenheim,HEI,FRE,0,1.1254,1,1.74426,1.74426,-0.3933999999999999,12.5625,8,3,1.639,2,2.13766,2.13766,0.3933999999999999,12.0,13,0.46,04/04/2002,4-1-4-1,0.54,4-1-4-1,04/04/2002
3,2025,30486,2026-04-19 15:30:00,117,133,Bayern Munich,Stuttgart,STU,BAY,0,0.0562999999999999,2,1.26038,1.26038,-3.84976,36.0,6,3,2.9159,4,5.11014,5.11014,3.84976,9.0,18,0.66,4-2-3-1,4-2-3-1,0.34,4-2-3-1,4-2-3-1
3,2025,30487,2026-04-19 17:30:00,130,125,Borussia Monchengladbach,Mainz,MAI,BMG,1,2.3199,1,2.46195,1.70418,0.59284,12.578947368421051,11,1,0.4989,1,1.11134,1.11134,-0.59284,15.529411764705882,5,0.38,3-5-1-1,3-1-4-2,0.62,3-1-4-2,3-5-1-1
3,2025,30500,2026-04-24 18:30:00,136,240,RB Leipzig,Union Berlin,UNI,RBL,0,0.0126,1,0.372365,0.372365,-4.163085,19.55,1,3,2.9793,3,4.53545,4.53545,4.163085,15.5,7,0.67,04/03/2003,03/05/2002,0.33,03/05/2002,04/03/2003
3,2025,30494,2026-04-25 13:30:00,121,132,Augsburg,Eintracht Frankfurt,EIN,AUG,1,0.517,1,0.854238,0.854238,-1.284482,4.678571428571429,12,1,2.3017,1,2.13872,2.13872,1.284482,13.1,6,0.4,03/04/2003,4-2-3-1,0.61,4-2-3-1,03/04/2003
3,2025,30496,2026-04-25 13:30:00,134,119,Koln,Bayer Leverkusen,LEV,COL,3,0.4899,2,1.85749,1.09971,-2.39974,17.928571428571427,2,0,2.3526,1,3.49945,3.49945,2.39974,21.055555555555557,14,0.45,4-2-3-1,03/04/2003,0.56,03/04/2003,4-2-3-1
3,2025,30498,2026-04-25 13:30:00,280,288,Heidenheim,Saint Pauli,SPA,HEI,0,0.6526,0,1.17753,1.17753,-0.9948100000000002,10.909090909090908,4,3,2.1298,2,2.17234,2.17234,0.9948100000000002,13.6,10,0.45,4-3-2-1,03/04/2003,0.55,03/04/2003,4-3-2-1
3,2025,30499,2026-04-25 13:30:00,125,117,Mainz,Bayern Munich,BAY,MAI,3,0.8141,4,2.36194,2.36194,-0.8620899999999998,6.142857142857143,15,0,1.9802,3,3.22403,3.22403,0.8620899999999998,20.5625,8,0.3,03/05/2002,4-2-3-1,0.7,4-2-3-1,03/05/2002
3,2025,30502,2026-04-25 13:30:00,131,130,Wolfsburg,Borussia Monchengladbach,BMG,WOL,1,0.4961,0,0.473153,0.473153,-1.138007,12.1875,8,1,2.2736000000000005,0,1.61116,1.61116,1.138007,15.476190476190476,8,0.44,3-1-4-2,3-1-4-2,0.56,3-1-4-2,3-1-4-2
3,2025,30497,2026-04-25 16:30:00,118,120,Hamburger SV,Hoffenheim,HOF,HAM,3,2.0487,2,2.42862,2.42862,1.7037870000000002,5.193548387096774,5,0,0.7349999999999999,1,1.48261,0.724833,-1.7037870000000002,11.894736842105264,7,0.41,3-4-1-2,03/04/2003,0.59,03/04/2003,3-4-1-2
3,2025,30501,2026-04-26 13:30:00,133,123,Stuttgart,Werder Bremen,WER,STU,1,0.6684,1,0.958992,0.958992,-1.037818,26.0,5,1,2.115,1,1.99681,1.99681,1.037818,6.884615384615385,10,0.68,03/04/2003,03/04/2003,0.32,03/04/2003,03/04/2003
3,2025,30495,2026-04-26 15:30:00,129,135,Borussia Dortmund,Freiburg,FRE,DOR,0,0.1056999999999999,0,0.496971,0.496971,-2.596089,11.28,3,3,2.8345,4,3.09306,3.09306,2.596089,7.9655172413793105,13,0.61,03/04/2003,4-2-3-1,0.39,4-2-3-1,03/04/2003
3,2025,30504,2026-05-02 13:30:00,117,280,Bayern Munich,Heidenheim,HEI,BAY,1,1.8725,3,2.48197,2.48197,0.6022400000000001,23.0,9,1,0.8864,3,1.87973,1.87973,-0.6022400000000001,7.461538461538462,12,0.75,4-3-1-2,03/04/2003,0.25,03/04/2003,4-3-1-2
3,2025,30506,2026-05-02 13:30:00,132,118,Eintracht Frankfurt,Hamburger SV,HAM,EIN,3,1.0073,2,0.627209,0.627209,-0.365113,31.22222222222222,6,0,1.6466,1,0.992322,0.992322,0.365113,6.6,8,0.64,04/05/2001,03/04/2003,0.36,03/04/2003,04/05/2001
3,2025,30508,2026-05-02 13:30:00,120,133,Hoffenheim,Stuttgart,STU,HOF,1,0.7893000000000001,3,1.76153,1.76153,-0.8783699999999999,14.0,4,1,1.9964999999999995,3,2.6399,2.6399,0.8783699999999999,10.090909090909092,13,0.46,4-2-3-1,4-2-3-1,0.54,4-2-3-1,4-2-3-1
3,2025,30510,2026-05-02 13:30:00,240,134,Union Berlin,Koln,COL,UNI,1,2.0500000000000003,2,1.6958,1.6958,0.808268,12.88888888888889,7,1,0.6979,2,0.887532,0.887532,-0.808268,14.307692307692308,10,0.58,03/05/2002,4-2-3-1,0.42,4-2-3-1,03/05/2002
3,2025,30511,2026-05-02 13:30:00,123,121,Werder Bremen,Augsburg,AUG,WER,3,2.7477,3,3.23625,3.23625,2.421798,52.857142857142854,4,0,0.1722,1,0.814452,0.814452,-2.421798,5.225806451612903,12,0.68,03/04/2003,03/04/2003,0.32,03/04/2003,03/04/2003
3,2025,30503,2026-05-02 16:30:00,119,136,Bayer Leverkusen,RB Leipzig,RBL,LEV,0,0.059,1,1.49733,1.49733,-3.92,15.3,9,3,2.9135,4,5.41733,5.41733,3.92,10.842105263157896,14,0.55,03/04/2003,04/03/2003,0.45,04/03/2003,03/04/2003
3,2025,30509,2026-05-03 13:30:00,288,125,Saint Pauli,Mainz,MAI,SPA,3,2.4701,2,2.80672,2.80672,1.7200799999999998,20.642857142857142,11,0,0.3917,1,1.08664,1.08664,-1.7200799999999998,16.352941176470587,4,0.52,03/04/2003,03/05/2002,0.48,03/05/2002,03/04/2003
3,2025,30505,2026-05-03 15:30:00,130,129,Borussia Monchengladbach,Borussia Dortmund,DOR,BMG,0,0.1501,0,0.4281,0.4281,-2.2543499999999996,10.838709677419354,5,3,2.7703,1,2.68245,2.68245,2.2543499999999996,9.966666666666669,9,0.51,05/04/2001,03/04/2003,0.5,03/04/2003,05/04/2001
3,2025,30507,2026-05-03 17:30:00,135,131,Freiburg,Wolfsburg,WOL,FRE,1,1.4488,1,1.11086,1.11086,0.1628719999999999,10.827586206896552,2,1,1.2214,1,0.947988,0.947988,-0.1628719999999999,12.6,5,0.63,4-2-3-1,03/05/2002,0.37,03/05/2002,4-2-3-1
3,2025,30513,2026-05-08 18:30:00,129,132,Borussia Dortmund,Eintracht Frankfurt,EIN,DOR,0,0.2352,2,0.942523,0.942523,-2.007357,16.4,4,3,2.6484,3,2.94988,2.94988,2.007357,9.6875,12,0.56,03/04/2003,4-2-3-1,0.44,4-2-3-1,03/04/2003
3,2025,30512,2026-05-09 13:30:00,121,130,Augsburg,Borussia Monchengladbach,BMG,AUG,0,0.3405,1,1.05493,1.05493,-1.74751,7.761904761904762,9,3,2.5244999999999997,3,2.80244,2.80244,1.74751,16.9,8,0.38,03/04/2003,04/03/2003,0.62,04/03/2003,03/04/2003
3,2025,30516,2026-05-09 13:30:00,120,123,Hoffenheim,Werder Bremen,WER,HOF,0,1.5053,0,1.45272,1.45272,0.16307,20.7,2,3,1.22,1,1.28965,1.28965,-0.16307,7.1,21,0.72,4-2-3-1,4-1-4-1,0.28,4-1-4-1,4-2-3-1
3,2025,30518,2026-05-09 13:30:00,136,288,RB Leipzig,Saint Pauli,SPA,RBL,0,0.3897,1,0.945954,0.945954,-1.383136,20.636363636363637,9,3,2.4375,2,2.32909,2.32909,1.383136,8.647058823529411,9,0.7,04/03/2003,03/05/2002,0.3,03/05/2002,04/03/2003
3,2025,30519,2026-05-09 13:30:00,133,119,Stuttgart,Bayer Leverkusen,LEV,STU,0,0.0819999999999999,1,0.631905,0.631905,-2.0392349999999997,14.181818181818182,9,3,2.8681,3,3.42891,2.67114,2.0392349999999997,11.6,13,0.49,3-4-1-2,03/04/2003,0.51,03/04/2003,3-4-1-2
3,2025,30520,2026-05-09 16:30:00,131,117,Wolfsburg,Bayern Munich,BAY,WOL,3,0.5816,1,1.9054,1.14762,-2.1211599999999997,8.142857142857142,25,0,2.2526,0,3.26878,3.26878,2.1211599999999997,21.733333333333334,10,0.32,03/05/2002,4-2-3-1,0.68,4-2-3-1,03/05/2002
3,2025,30515,2026-05-10 13:30:00,118,135,Hamburger SV,Freiburg,FRE,HAM,0,0.3484,2,0.583605,0.583605,-1.438675,19.76923076923077,2,3,2.4757,3,2.02228,2.02228,1.438675,9.264705882352942,8,0.47,03/04/2003,4-2-3-1,0.53,4-2-3-1,03/04/2003
3,2025,30514,2026-05-10 15:30:00,134,280,Koln,Heidenheim,HEI,COL,3,1.7722000000000002,3,2.04489,2.04489,0.53003,30.3,6,0,0.9826,1,1.51486,1.51486,-0.53003,8.125,12,0.66,4-2-3-1,4-2-2-2,0.34,4-2-2-2,4-2-3-1
3,2025,30517,2026-05-10 17:30:00,125,240,Mainz,Union Berlin,UNI,MAI,3,1.9083,3,2.94155,2.94155,0.84172,15.933333333333334,4,0,0.8922,1,2.09983,2.09983,-0.84172,13.6,13,0.53,03/05/2002,4-2-3-1,0.47,4-2-3-1,03/05/2002
3,2025,30521,2026-05-16 13:30:00,119,118,Bayer Leverkusen,Hamburger SV,HAM,LEV,1,0.5745,1,1.63049,1.63049,-0.6974399999999998,33.25,7,1,2.2596000000000003,1,3.08571,2.32793,0.6974399999999998,10.863636363636363,22,0.6,03/04/2003,03/04/2003,0.4,03/04/2003,03/04/2003
3,2025,30522,2026-05-16 13:30:00,117,134,Bayern Munich,Koln,COL,BAY,0,0.2949,1,0.880203,0.880203,-1.934947,29.666666666666668,5,3,2.5746,5,2.81515,2.81515,1.934947,7.64,18,0.69,4-2-3-1,05/03/2002,0.31,05/03/2002,4-2-3-1
3,2025,30523,2026-05-16 13:30:00,130,120,Borussia Monchengladbach,Hoffenheim,HOF,BMG,0,2.1389000000000005,0,1.77286,1.77286,0.927262,10.173913043478262,5,3,0.6293,4,0.845598,0.845598,-0.927262,15.055555555555555,2,0.44,4-2-3-1,4-2-3-1,0.56,4-2-3-1,4-2-3-1
3,2025,30524,2026-05-16 13:30:00,132,133,Eintracht Frankfurt,Stuttgart,STU,EIN,1,0.5902000000000001,2,1.81013,1.81013,0.33338,11.227272727272728,12,1,2.2186,2,2.99231,1.47675,-0.33338,13.923076923076923,5,0.57,4-1-4-1,3-4-1-2,0.43,3-4-1-2,4-1-4-1
3,2025,30525,2026-05-16 13:30:00,135,136,Freiburg,RB Leipzig,RBL,FRE,0,0.678,1,1.51341,1.51341,-1.03051,7.793103448275862,12,3,2.1231,4,2.54392,2.54392,1.03051,10.233333333333333,10,0.42,4-2-3-1,04/03/2003,0.59,04/03/2003,4-2-3-1
3,2025,30526,2026-05-16 13:30:00,280,125,Heidenheim,Mainz,MAI,HEI,3,1.9295,2,3.90834,3.90834,0.8702099999999997,14.411764705882351,6,0,0.8765000000000001,0,3.03813,3.03813,-0.8702099999999997,11.117647058823527,5,0.54,4-4-1-1,03/05/2002,0.47,03/05/2002,4-4-1-1
3,2025,30527,2026-05-16 13:30:00,288,131,Saint Pauli,Wolfsburg,WOL,SPA,3,2.5597999999999996,3,4.0649,3.30712,1.3199,8.7,5,0,0.3218,1,1.98722,1.98722,-1.3199,15.823529411764708,4,0.44,3-4-1-2,3-1-4-2,0.56,3-1-4-2,3-4-1-2
3,2025,30528,2026-05-16 13:30:00,240,121,Union Berlin,Augsburg,AUG,UNI,0,0.188,0,0.506181,0.506181,-1.945069,12.458333333333334,9,3,2.714,4,2.45125,2.45125,1.945069,25.0,5,0.49,4-2-3-1,03/04/2003,0.51,03/04/2003,4-2-3-1
3,2025,30529,2026-05-16 13:30:00,123,129,Werder Bremen,Borussia Dortmund,DOR,WER,3,2.8631,2,3.37413,3.37413,2.843515,22.6,7,0,0.0899,0,0.530615,0.530615,-2.843515,17.705882352941178,7,0.51,4-1-4-1,03/04/2003,0.49,03/04/2003,4-1-4-1
